snapshot,arm,anchor_physical_distance_m,anchor_success,inversion_hit,best_corrective_advantage_m,best_any_advantage_m,best_improvement_per_query_m,any_success_gain,selected_success_any,best_selected_distance_m,native_rejected_fraction,auxiliary_prefers_fraction,directional_positive_fraction,mean_crod_score,mean_native_rank_fraction,mean_auxiliary_rank_fraction,mean_action_distance_from_anchor
0,action_diverse,0.01702026613306966,1,0.0,0.0,0.0009534400559439403,0.00011918000699299254,0.0,1.0,0.01606682607712572,1.0,0.125,0.125,0.0036000000000000008,0.6054166666666667,0.5874999999999999,7.201865516097566
0,crod_directional,0.01702026613306966,1,0.0,0.0,0.0,0.0,0.0,1.0,0.02441094442657652,1.0,1.0,1.0,0.03573611111111112,0.4654166666666667,0.052083333333333336,4.835752915110254
0,dino_best_rejected,0.01702026613306966,1,0.0,0.0,0.0012619730335691366,0.00015774662919614208,0.0,1.0,0.015758293099500522,1.0,1.0,1.0,0.01711527777777778,0.14166666666666666,0.011666666666666667,4.814396033293451
0,native_uncertainty_diverse,0.01702026613306966,1,0.0,0.0,0.004381303660388769,0.0005476629575485962,0.0,1.0,0.01263896247268089,1.0,0.0,0.0,0.0,0.44625,0.5133333333333334,6.813971950227527
0,random_rejected,0.01702026613306966,1,0.0,0.0,0.0,0.0,0.0,1.0,0.020971841117488614,1.0,0.25,0.25,0.0013250000000000015,0.5408333333333333,0.35958333333333337,5.607253064139408
0,rejected_action_diverse,0.01702026613306966,1,0.0,0.0,0.0009534400559439403,0.00011918000699299254,0.0,1.0,0.01606682607712572,1.0,0.125,0.125,0.0036000000000000008,0.6054166666666667,0.5874999999999999,7.201865516097566
1,action_diverse,0.02882864633946894,1,1.0,0.023345243537569813,0.023345243537569813,0.0029181554421962267,0.0,1.0,0.005483402801899125,1.0,0.375,0.375,0.0605,0.5858333333333333,0.5366666666666666,5.690305852808088
1,crod_directional,0.02882864633946894,1,0.0,0.0,0.017870656989663884,0.0022338321237079855,0.0,1.0,0.010957989349805056,1.0,1.0,1.0,0.3076861111111111,0.8766666666666667,0.05541666666666666,5.061635712100793
1,dino_best_rejected,0.02882864633946894,1,0.0,0.0,0.013906715648127234,0.0017383394560159043,0.0,1.0,0.014921930691341704,1.0,1.0,1.0,0.15548333333333333,0.3933333333333333,0.011666666666666667,5.111354413022192
1,native_uncertainty_diverse,0.02882864633946894,1,0.0,0.0,0.017024153190821727,0.002128019148852716,0.0,1.0,0.011804493148647214,1.0,0.5,0.5,0.029974999999999998,0.26375000000000004,0.46375,5.339124183791657
1,random_rejected,0.02882864633946894,1,0.0,0.0,0.019921136669769163,0.0024901420837211453,0.0,1.0,0.008907509669699777,1.0,0.875,0.875,0.12084999999999999,0.5679166666666666,0.21166666666666667,5.102390322882878
1,rejected_action_diverse,0.02882864633946894,1,1.0,0.023345243537569813,0.023345243537569813,0.0029181554421962267,0.0,1.0,0.005483402801899125,1.0,0.375,0.375,0.0605,0.5858333333333333,0.5366666666666666,5.690305852808088
2,action_diverse,2.866541797215536e-11,1,0.0,0.0,0.0,0.0,0.0,1.0,2.866541797215536e-11,1.0,0.625,0.625,0.08127222222222223,0.46249999999999997,0.29375,5.419046589318179
2,crod_directional,2.866541797215536e-11,1,0.0,0.0,0.0,0.0,0.0,1.0,2.866541797215536e-11,1.0,1.0,1.0,0.2725152777777778,0.82125,0.06166666666666667,4.756499330909076
2,dino_best_rejected,2.866541797215536e-11,1,0.0,0.0,0.0,0.0,0.0,1.0,2.866541797215536e-11,1.0,1.0,1.0,0.10508055555555557,0.27708333333333335,0.011666666666666667,4.180045599002899
2,native_uncertainty_diverse,2.866541797215536e-11,1,0.0,0.0,0.0,0.0,0.0,1.0,2.866541797215536e-11,1.0,0.5,0.5,0.055166666666666676,0.5766666666666667,0.4720833333333333,5.163353294632357
2,random_rejected,2.866541797215536e-11,1,0.0,0.0,0.0,0.0,0.0,1.0,2.866541797215536e-11,1.0,0.75,0.75,0.06635972222222222,0.42916666666666664,0.3104166666666667,4.48500586191707
2,rejected_action_diverse,2.866541797215536e-11,1,0.0,0.0,0.0,0.0,0.0,1.0,2.866541797215536e-11,1.0,0.625,0.625,0.08127222222222223,0.46249999999999997,0.29375,5.419046589318179
3,action_diverse,0.0,1,0.0,0.0,0.0,0.0,0.0,1.0,0.0,1.0,0.125,0.125,0.002527777777777778,0.46875,0.50875,4.560081060827213
3,crod_directional,0.0,1,0.0,0.0,0.0,0.0,0.0,1.0,0.0,1.0,1.0,1.0,0.10322500000000001,0.6499999999999999,0.03125,3.878115215519494
3,dino_best_rejected,0.0,1,0.0,0.0,0.0,0.0,0.0,1.0,0.0,1.0,1.0,1.0,0.08021527777777777,0.4504166666666667,0.011666666666666667,3.8112296540521737
3,native_uncertainty_diverse,0.0,1,0.0,0.0,0.0,0.0,0.0,1.0,0.0,1.0,0.25,0.25,0.006565277777777778,0.43041666666666667,0.40375,4.061379326490643
3,random_rejected,0.0,1,0.0,0.0,0.0,0.0,0.0,1.0,0.0,1.0,0.125,0.125,0.01125,0.6279166666666667,0.67125,3.937383383631434
3,rejected_action_diverse,0.0,1,0.0,0.0,0.0,0.0,0.0,1.0,0.0,1.0,0.125,0.125,0.002527777777777778,0.46875,0.50875,4.560081060827213
4,action_diverse,0.1711829175325873,0,0.0,0.0,0.0,0.0,0.0,0.0,0.1711829175325873,1.0,0.375,0.375,0.023423611111111103,0.36250000000000004,0.5487500000000001,5.159518175483791
4,crod_directional,0.1711829175325873,0,0.0,0.0,0.0,0.0,0.0,0.0,0.1711829175325873,1.0,1.0,1.0,0.4369305555555555,0.90625,0.05416666666666667,4.197265379537403
4,dino_best_rejected,0.1711829175325873,0,0.0,0.0,0.0,0.0,0.0,0.0,0.1711829175325873,1.0,1.0,1.0,0.2378930555555555,0.45333333333333337,0.011666666666666667,4.256215976762993
4,native_uncertainty_diverse,0.1711829175325873,0,0.0,0.0,0.0,0.0,0.0,0.0,0.1711829175325873,1.0,0.5,0.5,0.07743333333333333,0.3383333333333334,0.4504166666666667,5.016531029964854
4,random_rejected,0.1711829175325873,0,0.0,0.0,0.0,0.0,0.0,0.0,0.1711829175325873,1.0,0.375,0.375,0.051125,0.5679166666666666,0.5275000000000001,3.8219490496711304
4,rejected_action_diverse,0.1711829175325873,0,0.0,0.0,0.0,0.0,0.0,0.0,0.1711829175325873,1.0,0.375,0.375,0.023423611111111103,0.36250000000000004,0.5487500000000001,5.159518175483791
5,action_diverse,0.03189280434214111,1,1.0,0.02111839600764076,0.02111839600764076,0.002639799500955095,0.0,1.0,0.010774408334500349,1.0,0.625,0.625,0.05398194444444444,0.5216666666666667,0.32333333333333336,5.017945580917868
5,crod_directional,0.03189280434214111,1,0.0,0.0,0.006466161473945881,0.0008082701842432351,0.0,1.0,0.02542664286819523,1.0,1.0,1.0,0.21260833333333334,0.7233333333333334,0.04708333333333333,4.003757859977407
5,dino_best_rejected,0.03189280434214111,1,0.0,0.0,0.003683473403502339,0.00046043417543779235,0.0,1.0,0.028209330938638772,1.0,1.0,1.0,0.16402361111111108,0.49958333333333327,0.011666666666666667,4.406326418524322
5,native_uncertainty_diverse,0.03189280434214111,1,1.0,0.024758153346408796,0.024758153346408796,0.0030947691683010994,0.0,1.0,0.007134650995732316,1.0,0.75,0.75,0.050247222222222214,0.36916666666666664,0.23,4.650232059444192
5,random_rejected,0.03189280434214111,1,1.0,0.024977112707207687,0.024977112707207687,0.003122139088400961,0.0,1.0,0.006915691634933424,1.0,0.375,0.375,0.010887499999999998,0.43083333333333335,0.5016666666666667,4.025440840201426
5,rejected_action_diverse,0.03189280434214111,1,1.0,0.02111839600764076,0.02111839600764076,0.002639799500955095,0.0,1.0,0.010774408334500349,1.0,0.625,0.625,0.05398194444444444,0.5216666666666667,0.32333333333333336,5.017945580917868
6,action_diverse,0.2898856218657243,0,1.0,0.06196684831148444,0.06196684831148444,0.007745856038935555,0.0,0.0,0.22791877355423987,1.0,0.375,0.375,0.02156388888888889,0.58125,0.7141666666666666,6.8165885259468375
6,crod_directional,0.2898856218657243,0,0.0,0.0,0.0010599838880350765,0.00013249798600438456,0.0,0.0,0.28882563797768923,1.0,1.0,1.0,0.46262361111111117,0.8875,0.046250000000000006,5.278381427981998
6,dino_best_rejected,0.2898856218657243,0,1.0,0.033119513966002934,0.033119513966002934,0.004139939245750367,0.0,0.0,0.2567661078997214,1.0,1.0,1.0,0.3894708333333333,0.70125,0.011666666666666667,5.299073138532365
6,native_uncertainty_diverse,0.2898856218657243,0,0.0,0.0,0.01904930009778605,0.002381162512223256,0.0,0.0,0.27083632176793826,1.0,0.375,0.375,0.1271888888888889,0.80625,0.6174999999999999,6.472353039080505
6,random_rejected,0.2898856218657243,0,1.0,0.06514615116578384,0.06514615116578384,0.00814326889572298,0.0,0.0,0.22473947069994046,1.0,0.5,0.5,0.041140277777777776,0.38,0.5358333333333334,5.301608252751118
6,rejected_action_diverse,0.2898856218657243,0,1.0,0.06196684831148444,0.06196684831148444,0.007745856038935555,0.0,0.0,0.22791877355423987,1.0,0.375,0.375,0.02156388888888889,0.58125,0.7141666666666666,6.8165885259468375
7,action_diverse,0.018610649712082143,1,0.0,0.0,0.006455057532466611,0.0008068821915583264,0.0,1.0,0.012155592179615532,1.0,0.625,0.625,0.08949583333333333,0.5241666666666667,0.35916666666666663,6.345541210527228
7,crod_directional,0.018610649712082143,1,0.0,0.0,0.0034720312334155703,0.0004340039041769463,0.0,1.0,0.015138618478666573,1.0,1.0,1.0,0.2797222222222222,0.7591666666666667,0.06875,4.682495250895517
7,dino_best_rejected,0.018610649712082143,1,0.0,0.0,0.006455057532466611,0.0008068821915583264,0.0,1.0,0.012155592179615532,1.0,1.0,1.0,0.1465972222222222,0.3420833333333333,0.011666666666666667,5.017393525735196
7,native_uncertainty_diverse,0.018610649712082143,1,0.0,0.0,0.0035522728738857767,0.0004440341092357221,0.0,1.0,0.015058376838196367,1.0,0.875,0.875,0.13756805555555557,0.4691666666666666,0.20833333333333334,5.847708796403184
7,random_rejected,0.018610649712082143,1,0.0,0.0,0.0039904133366539495,0.0004988016670817437,0.0,1.0,0.014620236375428194,1.0,0.375,0.375,0.02098472222222222,0.5120833333333333,0.45375,4.982849637071352
7,rejected_action_diverse,0.018610649712082143,1,0.0,0.0,0.006455057532466611,0.0008068821915583264,0.0,1.0,0.012155592179615532,1.0,0.625,0.625,0.08949583333333333,0.5241666666666667,0.35916666666666663,6.345541210527228
8,action_diverse,0.10785540040232572,0,0.0,0.0,0.0024432916321098924,0.00030541145401373655,0.0,0.0,0.10541210877021583,1.0,0.125,0.125,0.02435694444444445,0.5729166666666666,0.4691666666666666,5.842087716895595
8,crod_directional,0.10785540040232572,0,0.0,0.0,0.0026021739524956233,0.0003252717440619529,0.0,0.0,0.1052532264498301,1.0,1.0,1.0,0.17650972222222222,0.8191666666666667,0.0675,5.032376004511228
8,dino_best_rejected,0.10785540040232572,0,0.0,0.0,0.0049399719725568975,0.0006174964965696122,0.0,0.0,0.10291542842976882,1.0,1.0,1.0,0.08471527777777779,0.30666666666666664,0.011666666666666667,5.135709110736817
8,native_uncertainty_diverse,0.10785540040232572,0,1.0,0.07867765816870537,0.07867765816870537,0.00983470727108817,1.0,1.0,0.029177742233620352,1.0,0.25,0.25,0.0036819444444444456,0.2941666666666667,0.5154166666666666,5.522338848122031
8,random_rejected,0.10785540040232572,0,1.0,0.07085048523446633,0.07085048523446633,0.00885631065430829,1.0,1.0,0.037004915167859385,1.0,0.125,0.125,0.006,0.55625,0.5808333333333333,4.875607745283671
8,rejected_action_diverse,0.10785540040232572,0,0.0,0.0,0.0024432916321098924,0.00030541145401373655,0.0,0.0,0.10541210877021583,1.0,0.125,0.125,0.02435694444444445,0.5729166666666666,0.4691666666666666,5.842087716895595
9,action_diverse,3.469446951953614e-18,1,0.0,0.0,0.0,0.0,0.0,1.0,3.469446951953614e-18,1.0,0.125,0.125,0.02610833333333333,0.5604166666666666,0.6475,5.093251249106087
9,crod_directional,3.469446951953614e-18,1,0.0,0.0,0.0,0.0,0.0,1.0,3.469446951953614e-18,1.0,1.0,1.0,0.27399027777777774,0.94,0.012083333333333335,4.410891821967922
9,dino_best_rejected,3.469446951953614e-18,1,0.0,0.0,0.0,0.0,0.0,1.0,3.469446951953614e-18,1.0,1.0,1.0,0.26766388888888887,0.91625,0.011666666666666667,4.457195981160579
9,native_uncertainty_diverse,3.469446951953614e-18,1,0.0,0.0,0.0,0.0,0.0,1.0,3.469446951953614e-18,1.0,0.25,0.25,0.008138888888888886,0.31375000000000003,0.5583333333333333,4.823424876388196
9,random_rejected,3.469446951953614e-18,1,0.0,0.0,0.0,0.0,0.0,1.0,3.469446951953614e-18,1.0,0.375,0.375,0.03689583333333333,0.42333333333333334,0.46708333333333335,3.9702516702821713
9,rejected_action_diverse,3.469446951953614e-18,1,0.0,0.0,0.0,0.0,0.0,1.0,3.469446951953614e-18,1.0,0.125,0.125,0.02610833333333333,0.5604166666666666,0.6475,5.093251249106087
10,action_diverse,0.0022345899014469366,1,0.0,0.0,0.0,0.0,0.0,1.0,0.0022345899014469366,1.0,0.375,0.375,0.01248888888888889,0.32458333333333333,0.5633333333333334,5.447625421890686
10,crod_directional,0.0022345899014469366,1,0.0,0.0,0.0,0.0,0.0,1.0,0.0022345899014469366,1.0,1.0,1.0,0.4282333333333333,0.9158333333333333,0.029166666666666667,4.867304494942347
10,dino_best_rejected,0.0022345899014469366,1,0.0,0.0,0.0,0.0,0.0,1.0,0.0022345899014469366,1.0,1.0,1.0,0.3557194444444445,0.735,0.011666666666666667,4.608601401828583
10,native_uncertainty_diverse,0.0022345899014469366,1,0.0,0.0,0.0,0.0,0.0,1.0,0.0022345899014469366,1.0,0.875,0.875,0.10166388888888889,0.39541666666666664,0.2975,5.323174947130331
10,random_rejected,0.0022345899014469366,1,0.0,0.0,0.0,0.0,0.0,1.0,0.0022345899014469366,1.0,0.375,0.375,0.07579583333333331,0.5604166666666667,0.4191666666666667,4.592580931366436
10,rejected_action_diverse,0.0022345899014469366,1,0.0,0.0,0.0,0.0,0.0,1.0,0.0022345899014469366,1.0,0.375,0.375,0.01248888888888889,0.32458333333333333,0.5633333333333334,5.447625421890686
11,action_diverse,0.03835851901897211,1,0.0,0.0,0.01695522352693681,0.002119402940867101,0.0,1.0,0.0214032954920353,1.0,0.25,0.25,0.05361805555555555,0.6533333333333333,0.5587500000000001,5.676292205052697
11,crod_directional,0.03835851901897211,1,0.0,0.0,0.015416455741801317,0.0019270569677251647,0.0,1.0,0.022942063277170792,1.0,1.0,1.0,0.37367083333333334,0.8999999999999999,0.02791666666666667,4.74375675130276
11,dino_best_rejected,0.03835851901897211,1,0.0,0.0,0.017320415059695757,0.0021650518824619697,0.0,1.0,0.021038103959276352,1.0,1.0,1.0,0.3353166666666667,0.7783333333333333,0.011666666666666667,4.595197774454782
11,native_uncertainty_diverse,0.03835851901897211,1,0.0,0.0,0.017320415059695757,0.0021650518824619697,0.0,1.0,0.021038103959276352,1.0,0.625,0.625,0.03821805555555556,0.13625,0.33333333333333337,4.959424101905062
11,random_rejected,0.03835851901897211,1,1.0,0.0219276519934916,0.0219276519934916,0.00274095649918645,0.0,1.0,0.01643086702548051,1.0,0.375,0.375,0.013352777777777785,0.6808333333333333,0.6758333333333333,4.38733210542277
11,rejected_action_diverse,0.03835851901897211,1,0.0,0.0,0.01695522352693681,0.002119402940867101,0.0,1.0,0.0214032954920353,1.0,0.25,0.25,0.05361805555555555,0.6533333333333333,0.5587500000000001,5.676292205052697
12,action_diverse,0.0,1,0.0,0.0,0.0,0.0,0.0,1.0,0.0,1.0,0.625,0.625,0.09091944444444444,0.515,0.3883333333333333,5.3474519362767765
12,crod_directional,0.0,1,0.0,0.0,0.0,0.0,0.0,1.0,0.0,1.0,1.0,1.0,0.3886805555555556,0.8429166666666668,0.06833333333333334,4.867026211714981
12,dino_best_rejected,0.0,1,0.0,0.0,0.0,0.0,0.0,1.0,0.0,1.0,1.0,1.0,0.28007222222222217,0.5345833333333334,0.011666666666666667,4.528119675368746
12,native_uncertainty_diverse,0.0,1,0.0,0.0,0.0,0.0,0.0,1.0,0.0,1.0,0.375,0.375,0.023330555555555552,0.26125,0.5570833333333334,4.615722869240368
12,random_rejected,0.0,1,0.0,0.0,0.0,0.0,0.0,1.0,0.0,1.0,0.375,0.375,0.02593611111111111,0.46791666666666665,0.6333333333333333,4.305246783720751
12,rejected_action_diverse,0.0,1,0.0,0.0,0.0,0.0,0.0,1.0,0.0,1.0,0.625,0.625,0.09091944444444444,0.515,0.3883333333333333,5.3474519362767765
13,action_diverse,4.558363077221528e-08,1,0.0,0.0,0.0,0.0,0.0,1.0,4.558363077221528e-08,1.0,0.375,0.375,0.0990138888888889,0.7191666666666667,0.56125,4.558777576730767
13,crod_directional,4.558363077221528e-08,1,0.0,0.0,0.0,0.0,0.0,1.0,4.558363077221528e-08,1.0,1.0,1.0,0.41126805555555557,0.8808333333333334,0.019583333333333335,4.098028182517562
13,dino_best_rejected,4.558363077221528e-08,1,0.0,0.0,0.0,0.0,0.0,1.0,4.558363077221528e-08,1.0,1.0,1.0,0.37515833333333337,0.79,0.011666666666666667,4.177209226333871
13,native_uncertainty_diverse,4.558363077221528e-08,1,0.0,0.0,0.0,0.0,0.0,1.0,4.558363077221528e-08,1.0,0.5,0.5,0.10664861111111112,0.6254166666666667,0.4783333333333334,4.369110762433007
13,random_rejected,4.558363077221528e-08,1,0.0,0.0,0.0,0.0,0.0,1.0,4.558363077221528e-08,1.0,0.5,0.5,0.04548611111111112,0.5629166666666667,0.50125,3.7133721253864795
13,rejected_action_diverse,4.558363077221528e-08,1,0.0,0.0,0.0,0.0,0.0,1.0,4.558363077221528e-08,1.0,0.375,0.375,0.0990138888888889,0.7191666666666667,0.56125,4.558777576730767
14,action_diverse,3.17749356833324e-10,1,0.0,0.0,0.0,0.0,0.0,1.0,3.17749356833324e-10,1.0,0.0,0.0,0.0,0.4954166666666666,0.40541666666666665,7.142920727688708
14,crod_directional,3.17749356833324e-10,1,0.0,0.0,0.0,0.0,0.0,1.0,3.17749356833324e-10,1.0,1.0,1.0,0.08397083333333333,0.6408333333333334,0.020416666666666666,5.80236948781855
14,dino_best_rejected,3.17749356833324e-10,1,0.0,0.0,0.0,0.0,0.0,1.0,3.17749356833324e-10,1.0,1.0,1.0,0.06382083333333333,0.4433333333333333,0.011666666666666667,5.238595460371453
14,native_uncertainty_diverse,3.17749356833324e-10,1,0.0,0.0,0.0,0.0,0.0,1.0,3.17749356833324e-10,1.0,0.0,0.0,0.0,0.39166666666666666,0.5137499999999999,6.506290418334238
14,random_rejected,3.17749356833324e-10,1,0.0,0.0,0.0,0.0,0.0,1.0,3.17749356833324e-10,1.0,0.625,0.625,0.02044722222222222,0.5591666666666667,0.3720833333333334,4.994698356664687
14,rejected_action_diverse,3.17749356833324e-10,1,0.0,0.0,0.0,0.0,0.0,1.0,3.17749356833324e-10,1.0,0.0,0.0,0.0,0.4954166666666666,0.40541666666666665,7.142920727688708
15,action_diverse,0.1623895620148334,0,1.0,0.12503371890993234,0.12503371890993234,0.015629214863741542,1.0,1.0,0.03735584310490105,1.0,0.125,0.125,0.010138888888888888,0.4145833333333333,0.6179166666666667,9.29714762113994
15,crod_directional,0.1623895620148334,0,1.0,0.14130276222098345,0.14130276222098345,0.01766284527762293,1.0,1.0,0.02108679979384995,1.0,1.0,1.0,0.15210277777777778,0.7833333333333334,0.021666666666666667,6.218280011118669
15,dino_best_rejected,0.1623895620148334,0,1.0,0.14130276222098345,0.14130276222098345,0.01766284527762293,1.0,1.0,0.02108679979384995,1.0,1.0,1.0,0.127175,0.6195833333333334,0.011666666666666667,6.709328716123818
15,native_uncertainty_diverse,0.1623895620148334,0,1.0,0.12868924854682107,0.12868924854682107,0.016086156068352633,1.0,1.0,0.033700313468012326,1.0,0.25,0.25,0.006673611111111111,0.33125,0.4283333333333333,8.510711333245009
15,random_rejected,0.1623895620148334,0,1.0,0.13005243437778005,0.13005243437778005,0.016256554297222506,1.0,1.0,0.03233712763705334,1.0,0.125,0.125,0.00032083333333333334,0.45375,0.5725,5.943594940702017
15,rejected_action_diverse,0.1623895620148334,0,1.0,0.12503371890993234,0.12503371890993234,0.015629214863741542,1.0,1.0,0.03735584310490105,1.0,0.125,0.125,0.010138888888888888,0.4145833333333333,0.6179166666666667,9.29714762113994
16,action_diverse,0.024098540844737903,1,0.0,0.0,0.0,0.0,0.0,1.0,0.024098540844737903,1.0,0.375,0.375,0.025888888888888892,0.5945833333333332,0.5883333333333334,4.865123756279458
16,crod_directional,0.024098540844737903,1,0.0,0.0,0.0,0.0,0.0,1.0,0.024098540844737903,1.0,1.0,1.0,0.4043402777777778,0.90375,0.043333333333333335,4.035535100097945
16,dino_best_rejected,0.024098540844737903,1,0.0,0.0,0.0,0.0,0.0,1.0,0.024098540844737903,1.0,1.0,1.0,0.32115416666666674,0.6699999999999999,0.011666666666666667,4.075002774600633
16,native_uncertainty_diverse,0.024098540844737903,1,0.0,0.0,0.0,0.0,0.0,1.0,0.024098540844737903,1.0,0.75,0.75,0.0781,0.41541666666666666,0.3120833333333333,4.659769046708423
16,random_rejected,0.024098540844737903,1,0.0,0.0,0.0,0.0,0.0,1.0,0.024098540844737903,1.0,0.5,0.5,0.07148750000000001,0.41583333333333333,0.4633333333333333,4.0092803411123
16,rejected_action_diverse,0.024098540844737903,1,0.0,0.0,0.0,0.0,0.0,1.0,0.024098540844737903,1.0,0.375,0.375,0.025888888888888892,0.5945833333333332,0.5883333333333334,4.865123756279458
17,action_diverse,0.030093534235968694,1,0.0,0.0,0.00300567396092645,0.00037570924511580624,0.0,1.0,0.027087860275042244,1.0,0.5,0.5,0.05772638888888889,0.6583333333333333,0.41041666666666665,6.365998828732316
17,crod_directional,0.030093534235968694,1,1.0,0.02319819155331397,0.02319819155331397,0.0028997739441642464,0.0,1.0,0.006895342682654721,1.0,1.0,1.0,0.22595138888888885,0.8325,0.060000000000000005,4.67269446882619
17,dino_best_rejected,0.030093534235968694,1,0.0,0.0,0.013437516838078603,0.0016796896047598254,0.0,1.0,0.01665601739789009,1.0,1.0,1.0,0.1417236111111111,0.4404166666666667,0.011666666666666667,5.177991839048925
17,native_uncertainty_diverse,0.030093534235968694,1,0.0,0.0,0.009560939954366004,0.0011951174942957505,0.0,1.0,0.02053259428160269,1.0,0.5,0.5,0.04590277777777778,0.39375,0.36625,5.693901675967641
17,random_rejected,0.030093534235968694,1,0.0,0.0,0.014441210640022024,0.001805151330002753,0.0,1.0,0.01565232359594667,1.0,0.25,0.25,0.017458333333333333,0.5945833333333334,0.5666666666666667,4.183818811997299
17,rejected_action_diverse,0.030093534235968694,1,0.0,0.0,0.00300567396092645,0.00037570924511580624,0.0,1.0,0.027087860275042244,1.0,0.5,0.5,0.05772638888888889,0.6583333333333333,0.41041666666666665,6.365998828732316
18,action_diverse,3.841544606525998e-07,1,0.0,0.0,0.0,0.0,0.0,1.0,3.841544606525998e-07,1.0,0.125,0.125,0.005416666666666667,0.54125,0.4875,5.44322469726308
18,crod_directional,3.841544606525998e-07,1,0.0,0.0,0.0,0.0,0.0,1.0,3.841544606525998e-07,1.0,1.0,1.0,0.11760277777777779,0.7254166666666667,0.06375,4.410563412720645
18,dino_best_rejected,3.841544606525998e-07,1,0.0,0.0,0.0,0.0,0.0,1.0,3.841544606525998e-07,1.0,1.0,1.0,0.08660416666666666,0.39958333333333335,0.011666666666666667,4.40767428080924
18,native_uncertainty_diverse,3.841544606525998e-07,1,0.0,0.0,0.0,0.0,0.0,1.0,3.841544606525998e-07,1.0,0.125,0.125,0.003383333333333334,0.4875,0.6095833333333334,5.075350485268215
18,random_rejected,3.841544606525998e-07,1,0.0,0.0,0.0,0.0,0.0,1.0,3.841544606525998e-07,1.0,0.5,0.5,0.026847222222222224,0.6683333333333333,0.44999999999999996,4.342899899279212
18,rejected_action_diverse,3.841544606525998e-07,1,0.0,0.0,0.0,0.0,0.0,1.0,3.841544606525998e-07,1.0,0.125,0.125,0.005416666666666667,0.54125,0.4875,5.44322469726308
19,action_diverse,0.03811072037105639,1,0.0,0.0,0.006583471779966793,0.0008229339724958491,0.0,1.0,0.031527248591089595,1.0,0.625,0.625,0.0557875,0.6191666666666666,0.47208333333333335,7.301739357209065
19,crod_directional,0.03811072037105639,1,0.0,0.0,0.01333392053913214,0.0016667400673915176,0.0,1.0,0.024776799831924247,1.0,1.0,1.0,0.37714166666666665,0.9091666666666667,0.027083333333333334,5.759621867512705
19,dino_best_rejected,0.03811072037105639,1,0.0,0.0,0.01333392053913214,0.0016667400673915176,0.0,1.0,0.024776799831924247,1.0,1.0,1.0,0.3091805555555555,0.7204166666666667,0.011666666666666667,6.02139176740123
19,native_uncertainty_diverse,0.03811072037105639,1,0.0,0.0,0.018649381075786692,0.0023311726344733366,0.0,1.0,0.019461339295269695,1.0,0.75,0.75,0.08334583333333333,0.3795833333333333,0.30374999999999996,6.889380953020753
19,random_rejected,0.03811072037105639,1,0.0,0.0,0.005316368083624241,0.0006645460104530302,0.0,1.0,0.032794352287432146,1.0,0.375,0.375,0.041063888888888886,0.5441666666666667,0.5275,5.297569615787824
19,rejected_action_diverse,0.03811072037105639,1,0.0,0.0,0.006583471779966793,0.0008229339724958491,0.0,1.0,0.031527248591089595,1.0,0.625,0.625,0.0557875,0.6191666666666666,0.47208333333333335,7.301739357209065
20,action_diverse,0.0,1,0.0,0.0,0.0,0.0,0.0,1.0,0.0,1.0,0.375,0.375,0.04592361111111111,0.5729166666666666,0.5083333333333333,6.399002269528728
20,crod_directional,0.0,1,0.0,0.0,0.0,0.0,0.0,1.0,0.0,1.0,1.0,1.0,0.2435291666666667,0.8458333333333334,0.03916666666666667,5.073721951395658
20,dino_best_rejected,0.0,1,0.0,0.0,0.0,0.0,0.0,1.0,0.0,1.0,1.0,1.0,0.1876263888888889,0.58875,0.011666666666666667,4.7690758750856865
20,native_uncertainty_diverse,0.0,1,0.0,0.0,0.0,0.0,0.0,1.0,0.0,1.0,0.125,0.125,0.008233333333333334,0.4941666666666667,0.6408333333333334,6.030710737468845
20,random_rejected,0.0,1,0.0,0.0,0.0,0.0,0.0,1.0,0.0,1.0,0.25,0.25,0.0013708333333333376,0.50125,0.565,4.774270798873818
20,rejected_action_diverse,0.0,1,0.0,0.0,0.0,0.0,0.0,1.0,0.0,1.0,0.375,0.375,0.04592361111111111,0.5729166666666666,0.5083333333333333,6.399002269528728
21,action_diverse,0.02676475091904822,1,0.0,0.0,0.0035652553234195306,0.0004456569154274413,0.0,1.0,0.02319949559562869,1.0,0.375,0.375,0.024826388888888887,0.5845833333333333,0.53125,10.755481345115175
21,crod_directional,0.02676475091904822,1,0.0,0.0,0.0,0.0,0.0,1.0,0.03211974471183843,1.0,1.0,1.0,0.3395694444444445,0.96,0.049166666666666664,8.570920080682871
21,dino_best_rejected,0.02676475091904822,1,0.0,0.0,0.0017659650438315092,0.00022074563047893864,0.0,1.0,0.02499878587521671,1.0,1.0,1.0,0.22971666666666668,0.6241666666666666,0.011666666666666667,7.914185368542675
21,native_uncertainty_diverse,0.02676475091904822,1,0.0,0.0,0.012216281120700386,0.0015270351400875483,0.0,1.0,0.014548469798347834,1.0,0.625,0.625,0.062437500000000014,0.45875,0.3875,9.36738192555954
21,random_rejected,0.02676475091904822,1,0.0,0.0,0.012632428647028333,0.0015790535808785416,0.0,1.0,0.014132322272019887,1.0,0.375,0.375,0.05016666666666668,0.50125,0.49124999999999996,8.07845499247917
21,rejected_action_diverse,0.02676475091904822,1,0.0,0.0,0.0035652553234195306,0.0004456569154274413,0.0,1.0,0.02319949559562869,1.0,0.375,0.375,0.024826388888888887,0.5845833333333333,0.53125,10.755481345115175
22,action_diverse,0.008456270104516732,1,0.0,0.0,0.0007718916231158812,9.648645288948515e-05,0.0,1.0,0.007684378481400851,1.0,0.375,0.375,0.017897222222222224,0.475,0.4008333333333334,7.160952732026836
22,crod_directional,0.008456270104516732,1,0.0,0.0,0.0012302355545983816,0.0001537794443247977,0.0,1.0,0.0072260345499183505,1.0,1.0,1.0,0.15740138888888888,0.75375,0.048333333333333325,5.8189764702074545
22,dino_best_rejected,0.008456270104516732,1,0.0,0.0,0.0005520492292392272,6.90061536549034e-05,0.0,1.0,0.007904220875277505,1.0,1.0,1.0,0.10360277777777778,0.41708333333333325,0.011666666666666667,5.523676968413365
22,native_uncertainty_diverse,0.008456270104516732,1,0.0,0.0,0.0004556048424532149,5.695060530665186e-05,0.0,1.0,0.008000665262063517,1.0,0.375,0.375,0.025868055555555557,0.45166666666666666,0.38749999999999996,6.491562390153719
22,random_rejected,0.008456270104516732,1,0.0,0.0,0.001158767082037289,0.00014484588525466113,0.0,1.0,0.007297503022479443,1.0,0.25,0.25,0.0011499999999999991,0.48833333333333334,0.52125,5.76467715252652
22,rejected_action_diverse,0.008456270104516732,1,0.0,0.0,0.0007718916231158812,9.648645288948515e-05,0.0,1.0,0.007684378481400851,1.0,0.375,0.375,0.017897222222222224,0.475,0.4008333333333334,7.160952732026836
23,action_diverse,0.0,1,0.0,0.0,0.0,0.0,0.0,1.0,0.0,1.0,0.25,0.25,0.030826388888888893,0.5283333333333333,0.5729166666666667,5.316308760854508
23,crod_directional,0.0,1,0.0,0.0,0.0,0.0,0.0,1.0,0.0,1.0,1.0,1.0,0.2739611111111111,0.7562500000000001,0.07958333333333334,4.001686792366356
23,dino_best_rejected,0.0,1,0.0,0.0,0.0,0.0,0.0,1.0,0.0,1.0,1.0,1.0,0.1316152777777778,0.30291666666666667,0.011666666666666667,4.349471915784269
23,native_uncertainty_diverse,0.0,1,0.0,0.0,0.0,0.0,0.0,1.0,0.0,1.0,0.5,0.5,0.04441527777777778,0.20875,0.37375,4.8410536749152335
23,random_rejected,0.0,1,0.0,0.0,0.0,0.0,0.0,1.0,0.0,1.0,0.625,0.625,0.0876263888888889,0.5579166666666666,0.41125,4.460776478503577
23,rejected_action_diverse,0.0,1,0.0,0.0,0.0,0.0,0.0,1.0,0.0,1.0,0.25,0.25,0.030826388888888893,0.5283333333333333,0.5729166666666667,5.316308760854508
24,action_diverse,0.010111846193231392,1,0.0,0.0,0.002363191402219623,0.00029539892527745285,0.0,1.0,0.007748654791011769,1.0,0.625,0.625,0.08101527777777776,0.39583333333333337,0.3979166666666667,5.148999962855822
24,crod_directional,0.010111846193231392,1,0.0,0.0,0.0,0.0,0.0,1.0,0.015195490387773916,1.0,1.0,1.0,0.42060555555555557,0.8904166666666666,0.03625,4.145343218069839
24,dino_best_rejected,0.010111846193231392,1,0.0,0.0,0.0,0.0,0.0,1.0,0.013570069029851263,1.0,1.0,1.0,0.24525694444444446,0.49624999999999997,0.011666666666666667,4.104125964292306
24,native_uncertainty_diverse,0.010111846193231392,1,0.0,0.0,0.0,0.0,0.0,1.0,0.019149180284820013,1.0,0.625,0.625,0.06089444444444443,0.32791666666666663,0.47291666666666665,4.904689928395095
24,random_rejected,0.010111846193231392,1,0.0,0.0,0.0,0.0,0.0,1.0,0.014450098634658723,1.0,0.625,0.625,0.09109166666666665,0.5049999999999999,0.41500000000000004,4.056831261848464
24,rejected_action_diverse,0.010111846193231392,1,0.0,0.0,0.002363191402219623,0.00029539892527745285,0.0,1.0,0.007748654791011769,1.0,0.625,0.625,0.08101527777777776,0.39583333333333337,0.3979166666666667,5.148999962855822
25,action_diverse,0.0,1,0.0,0.0,0.0,0.0,0.0,1.0,0.0,1.0,0.25,0.25,0.022905555555555557,0.5974999999999999,0.5395833333333333,4.868206178608048
25,crod_directional,0.0,1,0.0,0.0,0.0,0.0,0.0,1.0,0.0,1.0,1.0,1.0,0.1539263888888889,0.6174999999999999,0.05125,3.9192629472537344
25,dino_best_rejected,0.0,1,0.0,0.0,0.0,0.0,0.0,1.0,0.0,1.0,1.0,1.0,0.0786263888888889,0.27416666666666667,0.011666666666666667,3.953037302881798
25,native_uncertainty_diverse,0.0,1,0.0,0.0,0.0,0.0,0.0,1.0,0.0,1.0,0.5,0.5,0.01842361111111111,0.40541666666666665,0.39125,4.814847660950477
25,random_rejected,0.0,1,0.0,0.0,0.0,0.0,0.0,1.0,0.0,1.0,0.5,0.5,0.021880555555555556,0.5383333333333333,0.40208333333333335,4.001347200050949
25,rejected_action_diverse,0.0,1,0.0,0.0,0.0,0.0,0.0,1.0,0.0,1.0,0.25,0.25,0.022905555555555557,0.5974999999999999,0.5395833333333333,4.868206178608048
26,action_diverse,0.039033299048461416,1,0.0,0.0,0.0017647994132233072,0.0002205999266529134,0.0,1.0,0.03726849963523811,1.0,0.0,0.0,0.0,0.4691666666666666,0.4404166666666667,6.239748408420192
26,crod_directional,0.039033299048461416,1,0.0,0.0,0.012269130541150777,0.001533641317643847,0.0,1.0,0.02676416850731064,1.0,0.5,0.5,0.001833333333333333,0.44916666666666666,0.29291666666666666,5.813396953468493
26,dino_best_rejected,0.039033299048461416,1,0.0,0.0,0.012269130541150777,0.001533641317643847,0.0,1.0,0.02676416850731064,1.0,0.5,0.5,0.001833333333333333,0.30000000000000004,0.015833333333333335,4.918220008352654
26,native_uncertainty_diverse,0.039033299048461416,1,0.0,0.0,0.008309038448925051,0.0010386298061156314,0.0,1.0,0.030724260599536365,1.0,0.125,0.125,0.00025694444444444446,0.23666666666666666,0.2925,5.908464554129063
26,random_rejected,0.039033299048461416,1,0.0,0.0,0.007619322086054689,0.0009524152607568361,0.0,1.0,0.03141397696240673,1.0,0.0,0.0,0.0,0.42833333333333334,0.6141666666666665,5.077653348213868
26,rejected_action_diverse,0.039033299048461416,1,0.0,0.0,0.0017647994132233072,0.0002205999266529134,0.0,1.0,0.03726849963523811,1.0,0.0,0.0,0.0,0.4691666666666666,0.4404166666666667,6.239748408420192
27,action_diverse,0.02935601429048838,1,0.0,0.0,0.0026799697383409864,0.0003349962172926233,0.0,1.0,0.026676044552147393,1.0,0.125,0.125,0.0013541666666666665,0.5604166666666667,0.48499999999999993,6.215323962138883
27,crod_directional,0.02935601429048838,1,0.0,0.0,0.0037500627896691376,0.0004687578487086422,0.0,1.0,0.025605951500819242,1.0,1.0,1.0,0.08179444444444445,0.6079166666666667,0.045,5.107608601869078
27,dino_best_rejected,0.02935601429048838,1,0.0,0.0,0.0037500627896691376,0.0004687578487086422,0.0,1.0,0.025605951500819242,1.0,1.0,1.0,0.050569444444444445,0.3091666666666667,0.011666666666666667,5.034961334608581
27,native_uncertainty_diverse,0.02935601429048838,1,0.0,0.0,0.007458251394273339,0.0009322814242841673,0.0,1.0,0.02189776289621504,1.0,0.25,0.25,0.007863888888888889,0.2554166666666666,0.3991666666666667,5.806369624448995
27,random_rejected,0.02935601429048838,1,0.0,0.0,0.0,0.0,0.0,1.0,0.03298117111273134,1.0,0.125,0.125,0.003541666666666667,0.5729166666666666,0.4325,5.164543185783713
27,rejected_action_diverse,0.02935601429048838,1,0.0,0.0,0.0026799697383409864,0.0003349962172926233,0.0,1.0,0.026676044552147393,1.0,0.125,0.125,0.0013541666666666665,0.5604166666666667,0.48499999999999993,6.215323962138883
28,action_diverse,3.5033420460324537e-07,1,0.0,0.0,0.0,0.0,0.0,1.0,3.5033420460324537e-07,1.0,0.5,0.5,0.05727361111111111,0.4866666666666667,0.45749999999999996,6.8896307120631395
28,crod_directional,3.5033420460324537e-07,1,0.0,0.0,0.0,0.0,0.0,1.0,3.5033420460324537e-07,1.0,1.0,1.0,0.2957875,0.8304166666666666,0.05916666666666667,4.611009513677728
28,dino_best_rejected,3.5033420460324537e-07,1,0.0,0.0,0.0,0.0,0.0,1.0,3.5033420460324537e-07,1.0,1.0,1.0,0.1779875,0.43999999999999995,0.011666666666666667,5.30114593441347
28,native_uncertainty_diverse,3.5033420460324537e-07,1,0.0,0.0,0.0,0.0,0.0,1.0,3.5033420460324537e-07,1.0,0.625,0.625,0.06385138888888889,0.4079166666666667,0.4091666666666667,5.79542901915875
28,random_rejected,3.5033420460324537e-07,1,0.0,0.0,0.0,0.0,0.0,1.0,3.5033420460324537e-07,1.0,0.25,0.25,0.03545416666666666,0.6708333333333334,0.6216666666666666,4.810242018883591
28,rejected_action_diverse,3.5033420460324537e-07,1,0.0,0.0,0.0,0.0,0.0,1.0,3.5033420460324537e-07,1.0,0.5,0.5,0.05727361111111111,0.4866666666666667,0.45749999999999996,6.8896307120631395
29,action_diverse,1.0408340855860843e-17,1,0.0,0.0,0.0,0.0,0.0,1.0,1.0408340855860843e-17,1.0,0.5,0.5,0.10723194444444445,0.6166666666666667,0.4816666666666667,4.342145751872284
29,crod_directional,1.0408340855860843e-17,1,0.0,0.0,0.0,0.0,0.0,1.0,1.0408340855860843e-17,1.0,1.0,1.0,0.35083194444444443,0.8204166666666667,0.035416666666666666,3.768173371941959
29,dino_best_rejected,1.0408340855860843e-17,1,0.0,0.0,0.0,0.0,0.0,1.0,1.0408340855860843e-17,1.0,1.0,1.0,0.2609625,0.57875,0.011666666666666667,3.7832678873567027
29,native_uncertainty_diverse,1.0408340855860843e-17,1,0.0,0.0,0.0,0.0,0.0,1.0,1.0408340855860843e-17,1.0,0.625,0.625,0.02338888888888889,0.3441666666666667,0.4875,3.997867035329061
29,random_rejected,1.0408340855860843e-17,1,0.0,0.0,0.0,0.0,0.0,1.0,1.0408340855860843e-17,1.0,0.75,0.75,0.0666375,0.4066666666666667,0.3070833333333333,3.5000859564984133
29,rejected_action_diverse,1.0408340855860843e-17,1,0.0,0.0,0.0,0.0,0.0,1.0,1.0408340855860843e-17,1.0,0.5,0.5,0.10723194444444445,0.6166666666666667,0.4816666666666667,4.342145751872284
30,action_diverse,0.027671418870212072,1,0.0,0.0,0.0,0.0,0.0,1.0,0.027671418870212072,1.0,0.125,0.125,0.004433333333333333,0.6158333333333333,0.64375,4.585565638767196
30,crod_directional,0.027671418870212072,1,0.0,0.0,0.0,0.0,0.0,1.0,0.027671418870212072,1.0,1.0,1.0,0.31697777777777775,0.8520833333333333,0.024583333333333332,3.7869561672994445
30,dino_best_rejected,0.027671418870212072,1,0.0,0.0,0.0,0.0,0.0,1.0,0.027671418870212072,1.0,1.0,1.0,0.2629638888888889,0.6804166666666667,0.011666666666666667,3.8148545683046073
30,native_uncertainty_diverse,0.027671418870212072,1,0.0,0.0,0.0,0.0,0.0,1.0,0.027671418870212072,1.0,0.25,0.25,0.006488888888888889,0.39166666666666666,0.5862499999999999,4.363374841571927
30,random_rejected,0.027671418870212072,1,0.0,0.0,0.0,0.0,0.0,1.0,0.027671418870212072,1.0,0.5,0.5,0.05490833333333334,0.4975,0.4925,4.014727403823324
30,rejected_action_diverse,0.027671418870212072,1,0.0,0.0,0.0,0.0,0.0,1.0,0.027671418870212072,1.0,0.125,0.125,0.004433333333333333,0.6158333333333333,0.64375,4.585565638767196
31,action_diverse,0.02741611753293913,1,0.0,0.0,0.010548748202640994,0.0013185935253301243,0.0,1.0,0.016867369330298136,1.0,0.5,0.5,0.08494305555555555,0.6604166666666667,0.4954166666666666,6.305314247998558
31,crod_directional,0.02741611753293913,1,0.0,0.0,0.010308669120196477,0.0012885836400245597,0.0,1.0,0.017107448412742653,1.0,1.0,1.0,0.3486875,0.90625,0.025416666666666667,5.819684160218014
31,dino_best_rejected,0.02741611753293913,1,0.0,0.0,0.01996384947739474,0.0024954811846743426,0.0,1.0,0.007452268055544389,1.0,1.0,1.0,0.25295555555555554,0.6333333333333333,0.011666666666666667,5.70486726404045
31,native_uncertainty_diverse,0.02741611753293913,1,0.0,0.0,0.013609036670693601,0.0017011295838367001,0.0,1.0,0.01380708086224553,1.0,0.25,0.25,0.007556944444444444,0.24291666666666667,0.5754166666666667,6.216498425443876
31,random_rejected,0.02741611753293913,1,0.0,0.0,0.016652756060036238,0.0020815945075045297,0.0,1.0,0.010763361472902893,1.0,0.5,0.5,0.07260555555555555,0.40750000000000003,0.42166666666666663,5.0748835452068075
31,rejected_action_diverse,0.02741611753293913,1,0.0,0.0,0.010548748202640994,0.0013185935253301243,0.0,1.0,0.016867369330298136,1.0,0.5,0.5,0.08494305555555555,0.6604166666666667,0.4954166666666666,6.305314247998558
32,action_diverse,4.2164495638391774e-08,1,0.0,0.0,0.0,0.0,0.0,1.0,4.2164495638391774e-08,1.0,0.0,0.0,0.0,0.5774999999999999,0.7008333333333334,5.699971039865466
32,crod_directional,4.2164495638391774e-08,1,0.0,0.0,0.0,0.0,0.0,1.0,4.2164495638391774e-08,1.0,1.0,1.0,0.16202361111111108,0.7533333333333334,0.03833333333333333,4.554838202251782
32,dino_best_rejected,4.2164495638391774e-08,1,0.0,0.0,0.0,0.0,0.0,1.0,4.2164495638391774e-08,1.0,1.0,1.0,0.09864027777777777,0.41000000000000003,0.011666666666666667,4.884324964535597
32,native_uncertainty_diverse,4.2164495638391774e-08,1,0.0,0.0,0.0,0.0,0.0,1.0,4.2164495638391774e-08,1.0,0.125,0.125,0.001622222222222222,0.29625,0.4591666666666667,5.533651444972293
32,random_rejected,4.2164495638391774e-08,1,0.0,0.0,0.0,0.0,0.0,1.0,4.2164495638391774e-08,1.0,0.25,0.25,0.0031013888888888888,0.5924999999999999,0.5375,4.77776859557017
32,rejected_action_diverse,4.2164495638391774e-08,1,0.0,0.0,0.0,0.0,0.0,1.0,4.2164495638391774e-08,1.0,0.0,0.0,0.0,0.5774999999999999,0.7008333333333334,5.699971039865466
33,action_diverse,0.07139475764056231,0,0.0,0.0,0.003975745119695895,0.0004969681399619869,0.0,0.0,0.06741901252086642,1.0,0.125,0.125,0.015056944444444447,0.6491666666666667,0.54625,6.0199567876692495
33,crod_directional,0.07139475764056231,0,0.0,0.0,0.0045482833427020475,0.0005685354178377559,0.0,0.0,0.06684647429786027,1.0,1.0,1.0,0.08624166666666667,0.7008333333333334,0.030833333333333338,4.798920797556468
33,dino_best_rejected,0.07139475764056231,0,0.0,0.0,0.009850146124901184,0.001231268265612648,0.0,0.0,0.06154461151566113,1.0,1.0,1.0,0.05317222222222222,0.36791666666666667,0.011666666666666667,4.6643655738480945
33,native_uncertainty_diverse,0.07139475764056231,0,0.0,0.0,0.006785361564271869,0.0008481701955339836,0.0,0.0,0.06460939607629045,1.0,0.0,0.0,0.0,0.38916666666666666,0.5983333333333334,5.486987915822905
33,random_rejected,0.07139475764056231,0,0.0,0.0,0.00394133787302961,0.0004926672341287013,0.0,0.0,0.0674534197675327,1.0,0.125,0.125,0.002586111111111111,0.2991666666666667,0.46291666666666664,4.759927808800846
33,rejected_action_diverse,0.07139475764056231,0,0.0,0.0,0.003975745119695895,0.0004969681399619869,0.0,0.0,0.06741901252086642,1.0,0.125,0.125,0.015056944444444447,0.6491666666666667,0.54625,6.0199567876692495
34,action_diverse,2.7459624699595216e-06,1,0.0,0.0,0.0,0.0,0.0,1.0,2.7459624699595216e-06,1.0,0.125,0.125,0.01626666666666667,0.5070833333333333,0.48416666666666663,4.878359791792697
34,crod_directional,2.7459624699595216e-06,1,0.0,0.0,0.0,0.0,0.0,1.0,2.7459624699595216e-06,1.0,1.0,1.0,0.10841527777777779,0.6541666666666668,0.019166666666666665,4.089748673192607
34,dino_best_rejected,2.7459624699595216e-06,1,0.0,0.0,0.0,0.0,0.0,1.0,2.7459624699595216e-06,1.0,1.0,1.0,0.08591944444444445,0.49,0.011666666666666667,3.8722444831200464
34,native_uncertainty_diverse,2.7459624699595216e-06,1,0.0,0.0,0.0,0.0,0.0,1.0,2.7459624699595216e-06,1.0,0.25,0.25,0.015829166666666665,0.39375,0.32458333333333333,4.513043752383466
34,random_rejected,2.7459624699595216e-06,1,0.0,0.0,0.0,0.0,0.0,1.0,2.7459624699595216e-06,1.0,0.625,0.625,0.015608333333333339,0.3720833333333333,0.33125,3.963764748549595
34,rejected_action_diverse,2.7459624699595216e-06,1,0.0,0.0,0.0,0.0,0.0,1.0,2.7459624699595216e-06,1.0,0.125,0.125,0.01626666666666667,0.5070833333333333,0.48416666666666663,4.878359791792697
35,action_diverse,0.004914728318755582,1,0.0,0.0,0.0,0.0,0.0,1.0,0.005777515757578386,1.0,0.5,0.5,0.057208333333333326,0.4733333333333334,0.49625,6.833268233555776
35,crod_directional,0.004914728318755582,1,0.0,0.0,0.0008312939854738374,0.00010391174818422967,0.0,1.0,0.004083434333281745,1.0,1.0,1.0,0.48230277777777775,0.9283333333333333,0.0325,5.45969549490164
35,dino_best_rejected,0.004914728318755582,1,0.0,0.0,0.0008312939854738374,0.00010391174818422967,0.0,1.0,0.004083434333281745,1.0,1.0,1.0,0.3748833333333333,0.695,0.011666666666666667,5.497373098896394
35,native_uncertainty_diverse,0.004914728318755582,1,0.0,0.0,0.0,0.0,0.0,1.0,0.01197842232563569,1.0,0.25,0.25,0.04080694444444444,0.3779166666666666,0.6266666666666667,6.457627207524409
35,random_rejected,0.004914728318755582,1,0.0,0.0,0.0,0.0,0.0,1.0,0.008730648849887944,1.0,0.75,0.75,0.08339999999999999,0.395,0.39125,5.4802474135333465
35,rejected_action_diverse,0.004914728318755582,1,0.0,0.0,0.0,0.0,0.0,1.0,0.005777515757578386,1.0,0.5,0.5,0.057208333333333326,0.4733333333333334,0.49625,6.833268233555776
36,action_diverse,0.013848097646425073,1,0.0,0.0,0.0,0.0,0.0,1.0,0.013984860286676195,1.0,0.625,0.625,0.07826944444444446,0.6366666666666667,0.48916666666666664,5.852698781389705
36,crod_directional,0.013848097646425073,1,0.0,0.0,0.0,0.0,0.0,1.0,0.014464024791861287,1.0,1.0,1.0,0.34473333333333334,0.84125,0.08,5.087087917860257
36,dino_best_rejected,0.013848097646425073,1,0.0,0.0,0.0,0.0,0.0,1.0,0.01513670831179889,1.0,1.0,1.0,0.1613111111111111,0.33666666666666667,0.011666666666666667,4.3995520169562194
36,native_uncertainty_diverse,0.013848097646425073,1,0.0,0.0,0.0012296075992378232,0.0001537009499047279,0.0,1.0,0.01261849004718725,1.0,0.625,0.625,0.05118888888888889,0.37625,0.4725,5.6374204575379
36,random_rejected,0.013848097646425073,1,0.0,0.0,0.0,0.0,0.0,1.0,0.014577130337679618,1.0,0.625,0.625,0.09705,0.52625,0.3404166666666667,4.997174152186826
36,rejected_action_diverse,0.013848097646425073,1,0.0,0.0,0.0,0.0,0.0,1.0,0.013984860286676195,1.0,0.625,0.625,0.07826944444444446,0.6366666666666667,0.48916666666666664,5.852698781389705
37,action_diverse,0.269221023744698,0,1.0,0.02689309377484561,0.02689309377484561,0.0033616367218557014,0.0,0.0,0.24232792996985236,1.0,0.25,0.25,0.011298611111111106,0.7083333333333334,0.6116666666666667,4.795982858505069
37,crod_directional,0.269221023744698,0,1.0,0.0334983256891441,0.0334983256891441,0.004187290711143012,0.0,0.0,0.23572269805555388,1.0,1.0,1.0,0.20341944444444443,0.86625,0.02875,4.015651964967828
37,dino_best_rejected,0.269221023744698,0,0.0,0.0,0.013940614249320471,0.0017425767811650589,0.0,0.0,0.2552804094953775,1.0,1.0,1.0,0.16565,0.6570833333333334,0.011666666666666667,4.078086645377166
37,native_uncertainty_diverse,0.269221023744698,0,1.0,0.047847779593655104,0.047847779593655104,0.005980972449206888,0.0,0.0,0.22137324415104287,1.0,0.125,0.125,0.029999999999999995,0.7391666666666667,0.6512499999999999,4.759881693690222
37,random_rejected,0.269221023744698,0,1.0,0.0334983256891441,0.0334983256891441,0.004187290711143012,0.0,0.0,0.23572269805555388,1.0,0.625,0.625,0.054997222222222204,0.57875,0.2941666666666667,4.23408724812259
37,rejected_action_diverse,0.269221023744698,0,1.0,0.02689309377484561,0.02689309377484561,0.0033616367218557014,0.0,0.0,0.24232792996985236,1.0,0.25,0.25,0.011298611111111106,0.7083333333333334,0.6116666666666667,4.795982858505069
38,action_diverse,0.05162327284107276,0,1.0,0.02930002457087296,0.02930002457087296,0.00366250307135912,1.0,1.0,0.022323248270199797,1.0,0.625,0.625,0.11021249999999999,0.6925,0.4508333333333333,5.893405245213933
38,crod_directional,0.05162327284107276,0,1.0,0.020445082454908396,0.020445082454908396,0.0025556353068635494,1.0,1.0,0.031178190386164362,1.0,1.0,1.0,0.44251666666666667,0.9299999999999999,0.037083333333333336,4.37251377048802
38,dino_best_rejected,0.05162327284107276,0,0.0,0.0,0.016748478945195606,0.002093559868149451,1.0,1.0,0.03487479389587715,1.0,1.0,1.0,0.36264444444444444,0.72125,0.011666666666666667,4.401025959557389
38,native_uncertainty_diverse,0.05162327284107276,0,1.0,0.029981616621686365,0.029981616621686365,0.0037477020777107956,1.0,1.0,0.021641656219386393,1.0,0.5,0.5,0.04577638888888888,0.355,0.4925,5.233474000092439
38,random_rejected,0.05162327284107276,0,1.0,0.03305191625174401,0.03305191625174401,0.004131489531468001,1.0,1.0,0.01857135658932875,1.0,0.125,0.125,0.007276388888888889,0.5441666666666667,0.73625,4.621170371317772
38,rejected_action_diverse,0.05162327284107276,0,1.0,0.02930002457087296,0.02930002457087296,0.00366250307135912,1.0,1.0,0.022323248270199797,1.0,0.625,0.625,0.11021249999999999,0.6925,0.4508333333333333,5.893405245213933
39,action_diverse,0.018662626595650784,1,0.0,0.0,0.01616519658202463,0.0020206495727530787,0.0,1.0,0.002497430013626154,1.0,0.375,0.375,0.02331111111111111,0.58125,0.5316666666666667,5.804937264351475
39,crod_directional,0.018662626595650784,1,0.0,0.0,0.006206984937781419,0.0007758731172226774,0.0,1.0,0.012455641657869365,1.0,1.0,1.0,0.1990097222222222,0.7795833333333333,0.052500000000000005,4.714210455664651
39,dino_best_rejected,0.018662626595650784,1,0.0,0.0,0.00852220127583522,0.0010652751594794024,0.0,1.0,0.010140425319815564,1.0,1.0,1.0,0.10898750000000001,0.37124999999999997,0.011666666666666667,4.923174390449956
39,native_uncertainty_diverse,0.018662626595650784,1,0.0,0.0,0.004857231621636994,0.0006071539527046242,0.0,1.0,0.01380539497401379,1.0,0.375,0.375,0.003363888888888888,0.24791666666666667,0.5258333333333334,5.408531918830832
39,random_rejected,0.018662626595650784,1,0.0,0.0,0.00024589105985436954,3.073638248179619e-05,0.0,1.0,0.018416735535796414,1.0,0.625,0.625,0.03161805555555555,0.46625,0.34875,4.452341228200256
39,rejected_action_diverse,0.018662626595650784,1,0.0,0.0,0.01616519658202463,0.0020206495727530787,0.0,1.0,0.002497430013626154,1.0,0.375,0.375,0.02331111111111111,0.58125,0.5316666666666667,5.804937264351475
40,action_diverse,0.1848625245808817,0,0.0,0.0,0.0,0.0,0.0,0.0,0.1848625245808817,1.0,0.375,0.375,0.018312500000000002,0.41958333333333336,0.47125,5.630557873181053
40,crod_directional,0.1848625245808817,0,0.0,0.0,0.0,0.0,0.0,0.0,0.1848625245808817,1.0,1.0,1.0,0.2877166666666667,0.8987499999999999,0.035416666666666666,4.648153681548564
40,dino_best_rejected,0.1848625245808817,0,0.0,0.0,0.0,0.0,0.0,0.0,0.1848625245808817,1.0,1.0,1.0,0.2171125,0.6283333333333333,0.011666666666666667,4.525280434228597
40,native_uncertainty_diverse,0.1848625245808817,0,0.0,0.0,0.0,0.0,0.0,0.0,0.1848625245808817,1.0,0.25,0.25,0.004593055555555556,0.2920833333333333,0.5633333333333334,5.336587180877359
40,random_rejected,0.1848625245808817,0,0.0,0.0,0.0,0.0,0.0,0.0,0.1848625245808817,1.0,0.5,0.5,0.035972222222222225,0.48791666666666667,0.44166666666666665,4.345458615307531
40,rejected_action_diverse,0.1848625245808817,0,0.0,0.0,0.0,0.0,0.0,0.0,0.1848625245808817,1.0,0.375,0.375,0.018312500000000002,0.41958333333333336,0.47125,5.630557873181053
41,action_diverse,0.006383029584327365,1,0.0,0.0,0.0,0.0,0.0,1.0,0.006383029584327365,1.0,0.5,0.5,0.06525694444444446,0.44666666666666666,0.5679166666666666,4.679467356850976
41,crod_directional,0.006383029584327365,1,0.0,0.0,0.0,0.0,0.0,1.0,0.006383029584327365,1.0,1.0,1.0,0.5246819444444445,0.9429166666666666,0.04416666666666667,4.01449890158224
41,dino_best_rejected,0.006383029584327365,1,0.0,0.0,0.0,0.0,0.0,1.0,0.006383029584327365,1.0,1.0,1.0,0.42586250000000003,0.72125,0.011666666666666667,4.101037007232633
41,native_uncertainty_diverse,0.006383029584327365,1,0.0,0.0,0.0,0.0,0.0,1.0,0.006383029584327365,1.0,0.625,0.625,0.07693194444444446,0.38249999999999995,0.5066666666666666,4.536259920632238
41,random_rejected,0.006383029584327365,1,0.0,0.0,0.0,0.0,0.0,1.0,0.006383029584327365,1.0,0.875,0.875,0.18765555555555558,0.42875,0.34291666666666665,3.9316677659098858
41,rejected_action_diverse,0.006383029584327365,1,0.0,0.0,0.0,0.0,0.0,1.0,0.006383029584327365,1.0,0.5,0.5,0.06525694444444446,0.44666666666666666,0.5679166666666666,4.679467356850976
42,action_diverse,0.017240080753453513,1,0.0,0.0,0.004006062429271972,0.0005007578036589965,0.0,1.0,0.013234018324181541,1.0,0.0,0.0,0.0,0.5408333333333333,0.5525,5.583724273518308
42,crod_directional,0.017240080753453513,1,0.0,0.0,0.0,0.0,0.0,1.0,0.021316854305160764,1.0,1.0,1.0,0.00965138888888889,0.4033333333333333,0.022083333333333337,4.85537215329626
42,dino_best_rejected,0.017240080753453513,1,0.0,0.0,0.0,0.0,0.0,1.0,0.025356493932697746,1.0,1.0,1.0,0.0077375,0.18541666666666667,0.011666666666666667,4.643103498687505
42,native_uncertainty_diverse,0.017240080753453513,1,0.0,0.0,5.5859320705915066e-05,6.982415088239383e-06,0.0,1.0,0.017184221432747598,1.0,0.125,0.125,3.7500000000000003e-05,0.17791666666666667,0.42791666666666667,5.425904977294591
42,random_rejected,0.017240080753453513,1,0.0,0.0,0.002983399752683292,0.0003729249690854115,0.0,1.0,0.014256681000770221,1.0,0.0,0.0,0.0,0.5141666666666667,0.5304166666666668,4.521358353950128
42,rejected_action_diverse,0.017240080753453513,1,0.0,0.0,0.004006062429271972,0.0005007578036589965,0.0,1.0,0.013234018324181541,1.0,0.0,0.0,0.0,0.5408333333333333,0.5525,5.583724273518308
43,action_diverse,0.0336150220524178,1,0.0,0.0,0.010707195407152249,0.001338399425894031,0.0,1.0,0.022907826645265552,1.0,0.5,0.5,0.016838888888888896,0.6616666666666667,0.47791666666666666,5.155389940510145
43,crod_directional,0.0336150220524178,1,0.0,0.0,0.0142157656892852,0.00177697071116065,0.0,1.0,0.0193992563631326,1.0,1.0,1.0,0.17488750000000003,0.7625,0.08499999999999999,4.666003878084332
43,dino_best_rejected,0.0336150220524178,1,0.0,0.0,0.013673756911958306,0.0017092196139947883,0.0,1.0,0.019941265140459494,1.0,1.0,1.0,0.0763638888888889,0.25125,0.011666666666666667,4.290830178885088
43,native_uncertainty_diverse,0.0336150220524178,1,0.0,0.0,0.01465383609649543,0.0018317295120619287,0.0,1.0,0.01896118595592237,1.0,0.125,0.125,0.007311111111111112,0.595,0.6725,4.957114804640255
43,random_rejected,0.0336150220524178,1,0.0,0.0,0.009837809162338926,0.0012297261452923658,0.0,1.0,0.023777212890078874,1.0,0.125,0.125,0.0017236111111111122,0.5037499999999999,0.5266666666666666,4.352546572417669
43,rejected_action_diverse,0.0336150220524178,1,0.0,0.0,0.010707195407152249,0.001338399425894031,0.0,1.0,0.022907826645265552,1.0,0.5,0.5,0.016838888888888896,0.6616666666666667,0.47791666666666666,5.155389940510145
44,action_diverse,0.1960417203617595,0,0.0,0.0,0.003690080284923597,0.0004612600356154496,0.0,0.0,0.1923516400768359,1.0,0.5,0.5,0.11384166666666667,0.405,0.5133333333333334,7.197652032142421
44,crod_directional,0.1960417203617595,0,0.0,0.0,0.0,0.0,0.0,0.0,0.19950397954141047,1.0,1.0,1.0,0.5198458333333333,0.95875,0.020833333333333336,5.951597296698204
44,dino_best_rejected,0.1960417203617595,0,0.0,0.0,0.0,0.0,0.0,0.0,0.20885875851910168,1.0,1.0,1.0,0.46529444444444445,0.8420833333333333,0.011666666666666667,5.992686375740641
44,native_uncertainty_diverse,0.1960417203617595,0,0.0,0.0,0.01092372340096695,0.0013654654251208688,0.0,0.0,0.18511799696079254,1.0,0.75,0.75,0.0372125,0.28458333333333335,0.43374999999999997,6.84544221089175
44,random_rejected,0.1960417203617595,0,0.0,0.0,0.0,0.0,0.0,0.0,0.22011295417470111,1.0,0.625,0.625,0.07267083333333332,0.4691666666666667,0.5166666666666667,6.178964125086244
44,rejected_action_diverse,0.1960417203617595,0,0.0,0.0,0.003690080284923597,0.0004612600356154496,0.0,0.0,0.1923516400768359,1.0,0.5,0.5,0.11384166666666667,0.405,0.5133333333333334,7.197652032142421
45,action_diverse,0.03705791375093493,1,1.0,0.02426780144444874,0.02426780144444874,0.0030334751805560925,0.0,1.0,0.01279011230648619,1.0,0.125,0.125,0.003404166666666666,0.4954166666666667,0.4945833333333334,6.127303172295358
45,crod_directional,0.03705791375093493,1,1.0,0.023282284793479567,0.023282284793479567,0.002910285599184946,0.0,1.0,0.013775628957455365,1.0,1.0,1.0,0.09185277777777778,0.5816666666666667,0.02,4.947144836242083
45,dino_best_rejected,0.03705791375093493,1,0.0,0.0,0.012144768661656084,0.0015180960827070105,0.0,1.0,0.024913145089278846,1.0,1.0,1.0,0.08100416666666665,0.48,0.011666666666666667,4.924385566967809
45,native_uncertainty_diverse,0.03705791375093493,1,1.0,0.023540560866906656,0.023540560866906656,0.002942570108363332,0.0,1.0,0.013517352884028274,1.0,0.375,0.375,0.007087499999999998,0.35416666666666663,0.4129166666666667,5.498609357301266
45,random_rejected,0.03705791375093493,1,0.0,0.0,0.016446851547029556,0.0020558564433786944,0.0,1.0,0.020611062203905375,1.0,0.125,0.125,0.005683333333333332,0.5720833333333333,0.54625,4.862299487310446
45,rejected_action_diverse,0.03705791375093493,1,1.0,0.02426780144444874,0.02426780144444874,0.0030334751805560925,0.0,1.0,0.01279011230648619,1.0,0.125,0.125,0.003404166666666666,0.4954166666666667,0.4945833333333334,6.127303172295358
46,action_diverse,3.469446951953614e-18,1,0.0,0.0,0.0,0.0,0.0,1.0,3.469446951953614e-18,1.0,0.0,0.0,0.0,0.4191666666666667,0.35458333333333336,8.358894979367719
46,crod_directional,3.469446951953614e-18,1,0.0,0.0,0.0,0.0,0.0,1.0,3.469446951953614e-18,1.0,1.0,1.0,0.002651388888888889,0.155,0.013333333333333332,5.726074049962186
46,dino_best_rejected,3.469446951953614e-18,1,0.0,0.0,0.0,0.0,0.0,1.0,3.469446951953614e-18,1.0,1.0,1.0,0.002634722222222222,0.12833333333333335,0.011666666666666667,5.576177549637675
46,native_uncertainty_diverse,3.469446951953614e-18,1,0.0,0.0,0.0,0.0,0.0,1.0,3.469446951953614e-18,1.0,0.0,0.0,0.0,0.18624999999999997,0.28541666666666665,7.444225252046289
46,random_rejected,3.469446951953614e-18,1,0.0,0.0,0.0,0.0,0.0,1.0,3.469446951953614e-18,1.0,0.125,0.125,0.0007583333333333331,0.4175,0.4241666666666667,5.715854355736576
46,rejected_action_diverse,3.469446951953614e-18,1,0.0,0.0,0.0,0.0,0.0,1.0,3.469446951953614e-18,1.0,0.0,0.0,0.0,0.4191666666666667,0.35458333333333336,8.358894979367719
47,action_diverse,5.287332535346829e-14,1,0.0,0.0,0.0,0.0,0.0,1.0,5.287332535346829e-14,1.0,0.125,0.125,0.0001944444444444444,0.63,0.4816666666666667,5.453703982827962
47,crod_directional,5.287332535346829e-14,1,0.0,0.0,0.0,0.0,0.0,1.0,5.287332535346829e-14,1.0,1.0,1.0,0.022176388888888884,0.5741666666666667,0.035416666666666666,4.64393615065843
47,dino_best_rejected,5.287332535346829e-14,1,0.0,0.0,0.0,0.0,0.0,1.0,5.287332535346829e-14,1.0,1.0,1.0,0.008219444444444444,0.13291666666666668,0.011666666666666667,4.462799563110371
47,native_uncertainty_diverse,5.287332535346829e-14,1,0.0,0.0,0.0,0.0,0.0,1.0,5.287332535346829e-14,1.0,0.125,0.125,0.0001944444444444444,0.4345833333333333,0.4425,5.104216111372538
47,random_rejected,5.287332535346829e-14,1,0.0,0.0,0.0,0.0,0.0,1.0,5.287332535346829e-14,1.0,0.0,0.0,0.0,0.4641666666666667,0.60375,4.545576331084474
47,rejected_action_diverse,5.287332535346829e-14,1,0.0,0.0,0.0,0.0,0.0,1.0,5.287332535346829e-14,1.0,0.125,0.125,0.0001944444444444444,0.63,0.4816666666666667,5.453703982827962
48,action_diverse,0.05766832796497885,0,0.0,0.0,0.011348670153629545,0.001418583769203693,0.0,0.0,0.04631965781134931,1.0,0.375,0.375,0.020041666666666666,0.2875,0.6354166666666667,6.068229188786944
48,crod_directional,0.05766832796497885,0,1.0,0.0254933214316087,0.0254933214316087,0.0031866651789510874,1.0,1.0,0.03217500653337015,1.0,1.0,1.0,0.5173027777777778,0.8979166666666666,0.03125,4.598901932764762
48,dino_best_rejected,0.05766832796497885,0,0.0,0.0,0.0,0.0,0.0,0.0,0.07970693580872087,1.0,1.0,1.0,0.39308472222222224,0.6587500000000001,0.011666666666666667,4.303700968914347
48,native_uncertainty_diverse,0.05766832796497885,0,0.0,0.0,0.01825907293289885,0.002282384116612356,1.0,1.0,0.03940925503208,1.0,0.75,0.75,0.08768333333333334,0.5383333333333333,0.5041666666666667,5.69064660980253
48,random_rejected,0.05766832796497885,0,0.0,0.0,0.0,0.0,0.0,0.0,0.0611705476495285,1.0,0.625,0.625,0.0536111111111111,0.5020833333333333,0.5758333333333334,4.62846991132069
48,rejected_action_diverse,0.05766832796497885,0,0.0,0.0,0.011348670153629545,0.001418583769203693,0.0,0.0,0.04631965781134931,1.0,0.375,0.375,0.020041666666666666,0.2875,0.6354166666666667,6.068229188786944
49,action_diverse,0.0031954898896197578,1,0.0,0.0,0.000797326375598094,9.966579694976175e-05,0.0,1.0,0.002398163514021664,1.0,0.5,0.5,0.028845833333333327,0.4816666666666667,0.40958333333333335,5.915308213455981
49,crod_directional,0.0031954898896197578,1,0.0,0.0,0.0014480012745509657,0.0001810001593188707,0.0,1.0,0.001747488615068792,1.0,1.0,1.0,0.20351666666666662,0.8033333333333332,0.050416666666666665,4.8467676135756115
49,dino_best_rejected,0.0031954898896197578,1,0.0,0.0,0.0011627822199098271,0.0001453477774887284,0.0,1.0,0.0020327076697099307,1.0,1.0,1.0,0.11563611111111109,0.3929166666666667,0.011666666666666667,5.159280496891158
49,native_uncertainty_diverse,0.0031954898896197578,1,0.0,0.0,0.0014162642279360565,0.00017703302849200706,0.0,1.0,0.0017792256616837013,1.0,0.5,0.5,0.02531527777777777,0.5245833333333334,0.37125,5.814607156508551
49,random_rejected,0.0031954898896197578,1,0.0,0.0,0.000910373652426404,0.0001137967065533005,0.0,1.0,0.0022851162371933537,1.0,0.125,0.125,0.0007958333333333297,0.6275,0.5795833333333333,4.7469649336398305
49,rejected_action_diverse,0.0031954898896197578,1,0.0,0.0,0.000797326375598094,9.966579694976175e-05,0.0,1.0,0.002398163514021664,1.0,0.5,0.5,0.028845833333333327,0.4816666666666667,0.40958333333333335,5.915308213455981
50,action_diverse,0.016626413195685967,1,0.0,0.0,0.0,0.0,0.0,1.0,0.01845028915793327,1.0,0.375,0.375,0.07999722222222222,0.6979166666666666,0.5029166666666667,6.041053496147115
50,crod_directional,0.016626413195685967,1,0.0,0.0,0.007744046388461668,0.0009680057985577085,0.0,1.0,0.008882366807224299,1.0,1.0,1.0,0.3778555555555556,0.90625,0.020833333333333336,5.242906738988393
50,dino_best_rejected,0.016626413195685967,1,0.0,0.0,0.00634270935573744,0.00079283866946718,0.0,1.0,0.010283703839948527,1.0,1.0,1.0,0.33440833333333336,0.7833333333333333,0.011666666666666667,5.246472561766719
50,native_uncertainty_diverse,0.016626413195685967,1,0.0,0.0,0.0016684780590710182,0.00020855975738387727,0.0,1.0,0.014957935136614949,1.0,0.25,0.25,0.010072222222222222,0.2891666666666667,0.5320833333333332,5.501083777101792
50,random_rejected,0.016626413195685967,1,0.0,0.0,0.004668898304972004,0.0005836122881215005,0.0,1.0,0.011957514890713963,1.0,0.375,0.375,0.07798888888888889,0.5516666666666666,0.425,4.702022976694419
50,rejected_action_diverse,0.016626413195685967,1,0.0,0.0,0.0,0.0,0.0,1.0,0.01845028915793327,1.0,0.375,0.375,0.07999722222222222,0.6979166666666666,0.5029166666666667,6.041053496147115
51,action_diverse,8.999595219754973e-09,1,0.0,0.0,0.0,0.0,0.0,1.0,8.999595219754973e-09,1.0,0.25,0.25,0.013987500000000002,0.5058333333333334,0.5775,7.021770935628003
51,crod_directional,8.999595219754973e-09,1,0.0,0.0,0.0,0.0,0.0,1.0,8.999595219754973e-09,1.0,1.0,1.0,0.21188333333333337,0.7566666666666666,0.04375,5.519865229792541
51,dino_best_rejected,8.999595219754973e-09,1,0.0,0.0,0.0,0.0,0.0,1.0,8.999595219754973e-09,1.0,1.0,1.0,0.1690111111111111,0.5295833333333333,0.011666666666666667,5.2313240410039175
51,native_uncertainty_diverse,8.999595219754973e-09,1,0.0,0.0,0.0,0.0,0.0,1.0,8.999595219754973e-09,1.0,0.5,0.5,0.03654583333333333,0.29874999999999996,0.3454166666666667,6.430403591981117
51,random_rejected,8.999595219754973e-09,1,0.0,0.0,0.0,0.0,0.0,1.0,8.999595219754973e-09,1.0,0.25,0.25,0.03543611111111111,0.6704166666666667,0.5554166666666667,5.190668876622169
51,rejected_action_diverse,8.999595219754973e-09,1,0.0,0.0,0.0,0.0,0.0,1.0,8.999595219754973e-09,1.0,0.25,0.25,0.013987500000000002,0.5058333333333334,0.5775,7.021770935628003
52,action_diverse,0.1317452937387396,0,0.0,0.0,0.0005520859257246158,6.901074071557697e-05,0.0,0.0,0.131193207813015,1.0,0.125,0.125,0.0012875,0.5554166666666667,0.555,6.030432220430008
52,crod_directional,0.1317452937387396,0,0.0,0.0,0.0006046766300659423,7.558457875824279e-05,0.0,0.0,0.13114061710867367,1.0,1.0,1.0,0.009876388888888888,0.3441666666666666,0.028333333333333335,4.493370610168826
52,dino_best_rejected,0.1317452937387396,0,0.0,0.0,0.0002178533910100755,2.7231673876259438e-05,0.0,0.0,0.13152744034772954,1.0,1.0,1.0,0.004531944444444444,0.09916666666666665,0.011666666666666667,4.223807017439068
52,native_uncertainty_diverse,0.1317452937387396,0,0.0,0.0,0.0026704643719950016,0.0003338080464993752,0.0,0.0,0.1290748293667446,1.0,0.0,0.0,0.0,0.4883333333333333,0.5554166666666667,5.395738158768058
52,random_rejected,0.1317452937387396,0,0.0,0.0,0.001340832319699864,0.000167604039962483,0.0,0.0,0.13040446141903975,1.0,0.125,0.125,0.00047222222222222213,0.43541666666666673,0.3325,4.51583217813525
52,rejected_action_diverse,0.1317452937387396,0,0.0,0.0,0.0005520859257246158,6.901074071557697e-05,0.0,0.0,0.131193207813015,1.0,0.125,0.125,0.0012875,0.5554166666666667,0.555,6.030432220430008
53,action_diverse,0.0,1,0.0,0.0,0.0,0.0,0.0,1.0,0.0,0.875,0.375,0.25,0.016741666666666665,0.54875,0.5008333333333334,4.911523761684917
53,crod_directional,0.0,1,0.0,0.0,0.0,0.0,0.0,1.0,0.0,1.0,1.0,1.0,0.28075833333333333,0.8195833333333333,0.044583333333333336,3.9983653540303736
53,dino_best_rejected,0.0,1,0.0,0.0,0.0,0.0,0.0,1.0,0.0,1.0,1.0,1.0,0.22473333333333334,0.5983333333333334,0.011666666666666667,4.128476415792384
53,native_uncertainty_diverse,0.0,1,0.0,0.0,0.0,0.0,0.0,1.0,0.0,1.0,0.25,0.25,0.025593055555555556,0.40208333333333335,0.5225,4.612021342547877
53,random_rejected,0.0,1,0.0,0.0,0.0,0.0,0.0,1.0,0.0,1.0,0.375,0.375,0.015006944444444444,0.41708333333333336,0.47458333333333336,3.7933273974416655
53,rejected_action_diverse,0.0,1,0.0,0.0,0.0,0.0,0.0,1.0,0.0,1.0,0.375,0.375,0.021452777777777775,0.6079166666666667,0.4958333333333333,4.955982169375199
54,action_diverse,6.093588485704845e-14,1,0.0,0.0,0.0,0.0,0.0,1.0,6.093588485704845e-14,1.0,0.5,0.5,0.01660972222222222,0.42291666666666666,0.4175,6.9263117449922955
54,crod_directional,6.093588485704845e-14,1,0.0,0.0,0.0,0.0,0.0,1.0,6.093588485704845e-14,1.0,1.0,1.0,0.12082222222222222,0.5491666666666666,0.052083333333333336,4.87502709914227
54,dino_best_rejected,6.093588485704845e-14,1,0.0,0.0,0.0,0.0,0.0,1.0,6.093588485704845e-14,1.0,1.0,1.0,0.05894861111111111,0.22291666666666665,0.011666666666666667,5.036772872069719
54,native_uncertainty_diverse,6.093588485704845e-14,1,0.0,0.0,0.0,0.0,0.0,1.0,6.093588485704845e-14,1.0,0.0,0.0,0.0,0.59625,0.5466666666666666,6.740267583830237
54,random_rejected,6.093588485704845e-14,1,0.0,0.0,0.0,0.0,0.0,1.0,6.093588485704845e-14,1.0,0.25,0.25,0.025254166666666668,0.68875,0.5066666666666666,5.402815473921656
54,rejected_action_diverse,6.093588485704845e-14,1,0.0,0.0,0.0,0.0,0.0,1.0,6.093588485704845e-14,1.0,0.5,0.5,0.01660972222222222,0.42291666666666666,0.4175,6.9263117449922955
55,action_diverse,0.4127916563906427,0,1.0,0.10826958811464105,0.10826958811464105,0.01353369851433013,0.0,0.0,0.30452206827600165,1.0,0.375,0.375,0.04843055555555556,0.3541666666666667,0.48583333333333334,6.158192040353846
55,crod_directional,0.4127916563906427,0,1.0,0.2022606559177601,0.2022606559177601,0.025282581989720013,0.0,0.0,0.2105310004728826,1.0,1.0,1.0,0.3763444444444445,0.905,0.05583333333333333,4.989892804697115
55,dino_best_rejected,0.4127916563906427,0,1.0,0.19710038159068607,0.19710038159068607,0.02463754769883576,0.0,0.0,0.21569127479995662,1.0,1.0,1.0,0.2527347222222222,0.55,0.011666666666666667,5.49639505797647
55,native_uncertainty_diverse,0.4127916563906427,0,1.0,0.16773698542405163,0.16773698542405163,0.020967123178006454,0.0,0.0,0.24505467096659106,1.0,0.375,0.375,0.05227222222222221,0.735,0.585,6.0780411908304695
55,random_rejected,0.4127916563906427,0,1.0,0.17358921325008084,0.17358921325008084,0.021698651656260105,0.0,0.0,0.23920244314056185,1.0,0.5,0.5,0.05937916666666666,0.4433333333333333,0.45166666666666666,5.193165615872287
55,rejected_action_diverse,0.4127916563906427,0,1.0,0.10826958811464105,0.10826958811464105,0.01353369851433013,0.0,0.0,0.30452206827600165,1.0,0.375,0.375,0.04843055555555556,0.3541666666666667,0.48583333333333334,6.158192040353846
56,action_diverse,0.21733815785605395,0,0.0,0.0,0.0,0.0,0.0,0.0,0.21733815785605395,1.0,0.125,0.125,0.01228888888888889,0.7079166666666667,0.6041666666666667,7.820754762790872
56,crod_directional,0.21733815785605395,0,0.0,0.0,0.0,0.0,0.0,0.0,0.21733815785605395,1.0,1.0,1.0,0.1384138888888889,0.7654166666666666,0.025,5.581545434787168
56,dino_best_rejected,0.21733815785605395,0,0.0,0.0,0.0,0.0,0.0,0.0,0.21733815785605395,1.0,1.0,1.0,0.12280138888888889,0.63,0.011666666666666667,6.035655677067327
56,native_uncertainty_diverse,0.21733815785605395,0,0.0,0.0,0.0,0.0,0.0,0.0,0.21733815785605395,1.0,0.0,0.0,0.0,0.4520833333333333,0.6583333333333334,7.031777687083345
56,random_rejected,0.21733815785605395,0,0.0,0.0,0.0,0.0,0.0,0.0,0.21733815785605395,1.0,0.0,0.0,0.0,0.5416666666666666,0.5608333333333333,5.591947801225238
56,rejected_action_diverse,0.21733815785605395,0,0.0,0.0,0.0,0.0,0.0,0.0,0.21733815785605395,1.0,0.125,0.125,0.01228888888888889,0.7079166666666667,0.6041666666666667,7.820754762790872
57,action_diverse,0.0013267114115570165,1,0.0,0.0,0.0,0.0,0.0,1.0,0.0013267114115570165,1.0,0.125,0.125,0.0037736111111111095,0.7545833333333334,0.6812499999999999,5.532963662663219
57,crod_directional,0.0013267114115570165,1,0.0,0.0,0.0,0.0,0.0,1.0,0.0013267114115570165,1.0,1.0,1.0,0.14469305555555556,0.7608333333333333,0.043333333333333335,4.310583749530054
57,dino_best_rejected,0.0013267114115570165,1,0.0,0.0,0.0,0.0,0.0,1.0,0.0013267114115570165,1.0,1.0,1.0,0.12284166666666667,0.5554166666666667,0.011666666666666667,4.515552110790052
57,native_uncertainty_diverse,0.0013267114115570165,1,0.0,0.0,0.0,0.0,0.0,1.0,0.0013267114115570165,1.0,0.0,0.0,0.0,0.49874999999999997,0.6270833333333333,5.102515908608518
57,random_rejected,0.0013267114115570165,1,0.0,0.0,0.0,0.0,0.0,1.0,0.0013267114115570165,1.0,0.375,0.375,0.008219444444444444,0.42791666666666667,0.4691666666666667,4.477775185037817
57,rejected_action_diverse,0.0013267114115570165,1,0.0,0.0,0.0,0.0,0.0,1.0,0.0013267114115570165,1.0,0.125,0.125,0.0037736111111111095,0.7545833333333334,0.6812499999999999,5.532963662663219
58,action_diverse,1.012422622676346e-14,1,0.0,0.0,0.0,0.0,0.0,1.0,1.012422622676346e-14,1.0,0.25,0.25,0.019377777777777775,0.5558333333333334,0.5291666666666667,4.882932611248222
58,crod_directional,1.012422622676346e-14,1,0.0,0.0,0.0,0.0,0.0,1.0,1.012422622676346e-14,1.0,1.0,1.0,0.2510861111111111,0.81625,0.025,3.8565528976196912
58,dino_best_rejected,1.012422622676346e-14,1,0.0,0.0,0.0,0.0,0.0,1.0,1.012422622676346e-14,1.0,1.0,1.0,0.23426666666666668,0.7279166666666667,0.011666666666666667,3.9532483856195486
58,native_uncertainty_diverse,1.012422622676346e-14,1,0.0,0.0,0.0,0.0,0.0,1.0,1.012422622676346e-14,1.0,0.375,0.375,0.03962361111111111,0.39416666666666667,0.40208333333333335,4.554157832452466
58,random_rejected,1.012422622676346e-14,1,0.0,0.0,0.0,0.0,0.0,1.0,1.012422622676346e-14,1.0,0.25,0.25,0.009543055555555555,0.5479166666666666,0.59,3.9374220125875237
58,rejected_action_diverse,1.012422622676346e-14,1,0.0,0.0,0.0,0.0,0.0,1.0,1.012422622676346e-14,1.0,0.25,0.25,0.019377777777777775,0.5558333333333334,0.5291666666666667,4.882932611248222
59,action_diverse,0.036773132535990766,1,0.0,0.0,0.00023730982807903395,2.9663728509879243e-05,0.0,1.0,0.03653582270791173,1.0,0.0,0.0,0.0,0.6704166666666667,0.5008333333333334,5.7396852663434315
59,crod_directional,0.036773132535990766,1,0.0,0.0,0.001448394162980031,0.00018104927037250387,0.0,1.0,0.035324738373010735,1.0,1.0,1.0,0.02682361111111111,0.5095833333333334,0.029166666666666667,4.4848225580845
59,dino_best_rejected,0.036773132535990766,1,0.0,0.0,0.0004488837447476357,5.611046809345446e-05,0.0,1.0,0.03632424879124313,1.0,1.0,1.0,0.01926111111111111,0.26208333333333333,0.011666666666666667,4.316041842009536
59,native_uncertainty_diverse,0.036773132535990766,1,0.0,0.0,0.0070229950888545285,0.0008778743861068161,0.0,1.0,0.029750137447136237,1.0,0.125,0.125,0.0014291666666666667,0.24625000000000002,0.4091666666666667,4.779261011025044
59,random_rejected,0.036773132535990766,1,0.0,0.0,0.004582043477246112,0.000572755434655764,0.0,1.0,0.032191089058744654,1.0,0.125,0.125,0.0012847222222222225,0.4483333333333333,0.5666666666666667,4.50874749566179
59,rejected_action_diverse,0.036773132535990766,1,0.0,0.0,0.00023730982807903395,2.9663728509879243e-05,0.0,1.0,0.03653582270791173,1.0,0.0,0.0,0.0,0.6704166666666667,0.5008333333333334,5.7396852663434315
60,action_diverse,0.02752780339988129,1,0.0,0.0,0.01059837393688778,0.0013247967421109725,0.0,1.0,0.01692942946299351,1.0,0.25,0.25,0.018425,0.5104166666666666,0.5033333333333333,11.111287024209012
60,crod_directional,0.02752780339988129,1,0.0,0.0,0.01059837393688778,0.0013247967421109725,0.0,1.0,0.01692942946299351,1.0,1.0,1.0,0.14039444444444443,0.6391666666666667,0.050416666666666665,8.376126203604734
60,dino_best_rejected,0.02752780339988129,1,0.0,0.0,0.01059837393688778,0.0013247967421109725,0.0,1.0,0.01692942946299351,1.0,1.0,1.0,0.09359166666666667,0.3754166666666667,0.014583333333333334,7.850852229591441
60,native_uncertainty_diverse,0.02752780339988129,1,0.0,0.0,0.007327831693348146,0.0009159789616685183,0.0,1.0,0.020199971706533145,1.0,0.25,0.25,0.003958333333333333,0.32916666666666666,0.5208333333333334,8.719215878831431
60,random_rejected,0.02752780339988129,1,0.0,0.0,0.002884406503147554,0.00036055081289344424,0.0,1.0,0.024643396896733737,1.0,0.125,0.125,0.010199999999999999,0.57875,0.6508333333333334,7.62865881053648
60,rejected_action_diverse,0.02752780339988129,1,0.0,0.0,0.01059837393688778,0.0013247967421109725,0.0,1.0,0.01692942946299351,1.0,0.25,0.25,0.018425,0.5104166666666666,0.5033333333333333,11.111287024209012
61,action_diverse,2.9912427992195534e-15,1,0.0,0.0,0.0,0.0,0.0,1.0,2.9912427992195534e-15,1.0,0.125,0.125,0.03104861111111111,0.5383333333333333,0.5508333333333333,5.547735865902691
61,crod_directional,2.9912427992195534e-15,1,0.0,0.0,0.0,0.0,0.0,1.0,2.9912427992195534e-15,1.0,1.0,1.0,0.2511638888888889,0.9166666666666667,0.012916666666666667,4.695006437200557
61,dino_best_rejected,2.9912427992195534e-15,1,0.0,0.0,0.0,0.0,0.0,1.0,2.9912427992195534e-15,1.0,1.0,1.0,0.2484222222222222,0.9025,0.011666666666666667,4.639218549108925
61,native_uncertainty_diverse,2.9912427992195534e-15,1,0.0,0.0,0.0,0.0,0.0,1.0,2.9912427992195534e-15,1.0,0.125,0.125,0.0014222222222222225,0.5191666666666667,0.6483333333333334,5.224210790445195
61,random_rejected,2.9912427992195534e-15,1,0.0,0.0,0.0,0.0,0.0,1.0,2.9912427992195534e-15,1.0,0.125,0.125,0.006275000000000003,0.5020833333333333,0.6570833333333332,4.511383243067508
61,rejected_action_diverse,2.9912427992195534e-15,1,0.0,0.0,0.0,0.0,0.0,1.0,2.9912427992195534e-15,1.0,0.125,0.125,0.03104861111111111,0.5383333333333333,0.5508333333333333,5.547735865902691
62,action_diverse,0.019278697403205543,1,0.0,0.0,0.004752635844206576,0.000594079480525822,0.0,1.0,0.014526061558998967,1.0,0.125,0.125,0.011024999999999998,0.6204166666666666,0.6108333333333333,5.991901483639706
62,crod_directional,0.019278697403205543,1,0.0,0.0,0.002362021557116248,0.000295252694639531,0.0,1.0,0.016916675846089295,1.0,1.0,1.0,0.22707083333333328,0.8225,0.0425,4.893518345622626
62,dino_best_rejected,0.019278697403205543,1,0.0,0.0,0.002080732253283521,0.0002600915316604401,0.0,1.0,0.017197965149922022,1.0,1.0,1.0,0.16560416666666664,0.5358333333333333,0.011666666666666667,4.903049531863193
62,native_uncertainty_diverse,0.019278697403205543,1,0.0,0.0,0.005803489298406864,0.000725436162300858,0.0,1.0,0.013475208104798679,1.0,0.0,0.0,0.0,0.42875,0.7083333333333333,5.584728005784938
62,random_rejected,0.019278697403205543,1,0.0,0.0,0.0022413821020365564,0.00028017276275456955,0.0,1.0,0.017037315301168986,1.0,0.25,0.25,0.026447222222222216,0.5700000000000001,0.5029166666666667,4.465096964187467
62,rejected_action_diverse,0.019278697403205543,1,0.0,0.0,0.004752635844206576,0.000594079480525822,0.0,1.0,0.014526061558998967,1.0,0.125,0.125,0.011024999999999998,0.6204166666666666,0.6108333333333333,5.991901483639706
63,action_diverse,0.03184517021598442,1,0.0,0.0,0.009629235309753972,0.0012036544137192465,0.0,1.0,0.022215934906230445,1.0,0.125,0.125,0.0005666666666666668,0.6633333333333333,0.6020833333333333,5.063403897865554
63,crod_directional,0.03184517021598442,1,0.0,0.0,0.0024553947304819246,0.00030692434131024057,0.0,1.0,0.029389775485502492,1.0,1.0,1.0,0.04531388888888889,0.47916666666666663,0.029166666666666667,4.244960734119727
63,dino_best_rejected,0.03184517021598442,1,0.0,0.0,0.007505159288633018,0.0009381449110791272,0.0,1.0,0.0243400109273514,1.0,1.0,1.0,0.03787638888888889,0.3341666666666667,0.011666666666666667,4.202867218516243
63,native_uncertainty_diverse,0.03184517021598442,1,0.0,0.0,0.017471127089386543,0.002183890886173318,0.0,1.0,0.014374043126597874,1.0,0.375,0.375,0.0005902777777777779,0.24875,0.3041666666666667,4.852999693909417
63,random_rejected,0.03184517021598442,1,0.0,0.0,0.017471127089386543,0.002183890886173318,0.0,1.0,0.014374043126597874,1.0,0.125,0.125,0.00020000000000000004,0.41374999999999995,0.3879166666666667,4.3583270286110505
63,rejected_action_diverse,0.03184517021598442,1,0.0,0.0,0.009629235309753972,0.0012036544137192465,0.0,1.0,0.022215934906230445,1.0,0.125,0.125,0.0005666666666666668,0.6633333333333333,0.6020833333333333,5.063403897865554
64,action_diverse,1.1871999332678506e-15,1,0.0,0.0,0.0,0.0,0.0,1.0,1.1871999332678506e-15,1.0,0.5,0.5,0.0665111111111111,0.5304166666666666,0.43041666666666667,4.64857415350642
64,crod_directional,1.1871999332678506e-15,1,0.0,0.0,0.0,0.0,0.0,1.0,1.1871999332678506e-15,1.0,1.0,1.0,0.25775,0.7716666666666667,0.030833333333333334,3.8978129600366325
64,dino_best_rejected,1.1871999332678506e-15,1,0.0,0.0,0.0,0.0,0.0,1.0,1.1871999332678506e-15,1.0,1.0,1.0,0.2392111111111111,0.6745833333333333,0.011666666666666667,3.9449744116711982
64,native_uncertainty_diverse,1.1871999332678506e-15,1,0.0,0.0,0.0,0.0,0.0,1.0,1.1871999332678506e-15,1.0,0.375,0.375,0.029008333333333327,0.49,0.495,4.394592695869005
64,random_rejected,1.1871999332678506e-15,1,0.0,0.0,0.0,0.0,0.0,1.0,1.1871999332678506e-15,1.0,0.625,0.625,0.04970416666666666,0.5729166666666667,0.41500000000000004,4.161656004211439
64,rejected_action_diverse,1.1871999332678506e-15,1,0.0,0.0,0.0,0.0,0.0,1.0,1.1871999332678506e-15,1.0,0.5,0.5,0.0665111111111111,0.5304166666666666,0.43041666666666667,4.64857415350642
65,action_diverse,0.038277195222696354,1,0.0,0.0,0.014932231321154,0.00186652891514425,0.0,1.0,0.023344963901542354,1.0,0.75,0.75,0.06634861111111112,0.4375,0.3475,7.140227561984626
65,crod_directional,0.038277195222696354,1,0.0,0.0,0.008587972452072445,0.0010734965565090556,0.0,1.0,0.02968922277062391,1.0,1.0,1.0,0.38787638888888887,0.8325,0.04375,5.647073917843625
65,dino_best_rejected,0.038277195222696354,1,1.0,0.02423143206554577,0.02423143206554577,0.0030289290081932214,0.0,1.0,0.014045763157150584,1.0,1.0,1.0,0.2912472222222222,0.5879166666666666,0.011666666666666667,6.04445310679518
65,native_uncertainty_diverse,0.038277195222696354,1,0.0,0.0,0.014932231321154,0.00186652891514425,0.0,1.0,0.023344963901542354,1.0,0.625,0.625,0.04300972222222223,0.33916666666666667,0.41041666666666665,6.821204267458734
65,random_rejected,0.038277195222696354,1,0.0,0.0,0.014834184907926724,0.0018542731134908405,0.0,1.0,0.02344301031476963,1.0,0.5,0.5,0.06106944444444446,0.6416666666666666,0.5016666666666667,5.397806119758799
65,rejected_action_diverse,0.038277195222696354,1,0.0,0.0,0.014932231321154,0.00186652891514425,0.0,1.0,0.023344963901542354,1.0,0.75,0.75,0.06634861111111112,0.4375,0.3475,7.140227561984626
66,action_diverse,0.0318240936581015,1,0.0,0.0,0.006780903546251944,0.000847612943281493,0.0,1.0,0.025043190111849557,1.0,0.25,0.25,0.0023861111111111114,0.6316666666666666,0.5237499999999999,6.409432300345113
66,crod_directional,0.0318240936581015,1,0.0,0.0,0.0,0.0,0.0,1.0,0.03258357674798846,1.0,1.0,1.0,0.051658333333333334,0.65625,0.034583333333333334,5.262882552071721
66,dino_best_rejected,0.0318240936581015,1,0.0,0.0,0.00486086259531579,0.0006076078244144738,0.0,1.0,0.02696323106278571,1.0,1.0,1.0,0.04196805555555555,0.40625,0.011666666666666667,4.914855644578548
66,native_uncertainty_diverse,0.0318240936581015,1,0.0,0.0,0.0008826555723565055,0.00011033194654456319,0.0,1.0,0.030941438085744996,1.0,0.125,0.125,0.005916666666666666,0.5504166666666667,0.5083333333333333,5.683110539279444
66,random_rejected,0.0318240936581015,1,0.0,0.0,0.003634772903328868,0.0004543466129161085,0.0,1.0,0.028189320754772634,1.0,0.25,0.25,0.004940277777777778,0.5958333333333333,0.53,5.12808521341876
66,rejected_action_diverse,0.0318240936581015,1,0.0,0.0,0.006780903546251944,0.000847612943281493,0.0,1.0,0.025043190111849557,1.0,0.25,0.25,0.0023861111111111114,0.6316666666666666,0.5237499999999999,6.409432300345113
67,action_diverse,3.4130915061704566e-11,1,0.0,0.0,0.0,0.0,0.0,1.0,3.4130915061704566e-11,1.0,0.625,0.625,0.07147361111111111,0.6704166666666667,0.4454166666666667,6.7773058243429976
67,crod_directional,3.4130915061704566e-11,1,0.0,0.0,0.0,0.0,0.0,1.0,3.4130915061704566e-11,1.0,1.0,1.0,0.3503527777777778,0.9091666666666667,0.04541666666666667,5.535414331300661
67,dino_best_rejected,3.4130915061704566e-11,1,0.0,0.0,0.0,0.0,0.0,1.0,3.4130915061704566e-11,1.0,1.0,1.0,0.2509625,0.5970833333333333,0.011666666666666667,5.136775939981021
67,native_uncertainty_diverse,3.4130915061704566e-11,1,0.0,0.0,0.0,0.0,0.0,1.0,3.4130915061704566e-11,1.0,0.5,0.5,0.07356805555555555,0.5783333333333334,0.47,6.313880372716433
67,random_rejected,3.4130915061704566e-11,1,0.0,0.0,0.0,0.0,0.0,1.0,3.4130915061704566e-11,1.0,0.5,0.5,0.0436013888888889,0.49375,0.5729166666666666,4.9343021820644
67,rejected_action_diverse,3.4130915061704566e-11,1,0.0,0.0,0.0,0.0,0.0,1.0,3.4130915061704566e-11,1.0,0.625,0.625,0.07147361111111111,0.6704166666666667,0.4454166666666667,6.7773058243429976
68,action_diverse,3.35104286742319e-09,1,0.0,0.0,0.0,0.0,0.0,1.0,3.35104286742319e-09,1.0,0.125,0.125,0.00628611111111111,0.5166666666666666,0.5458333333333333,6.725274770344004
68,crod_directional,3.35104286742319e-09,1,0.0,0.0,0.0,0.0,0.0,1.0,3.35104286742319e-09,1.0,1.0,1.0,0.1775375,0.7579166666666668,0.03833333333333333,4.764962865537136
68,dino_best_rejected,3.35104286742319e-09,1,0.0,0.0,0.0,0.0,0.0,1.0,3.35104286742319e-09,1.0,1.0,1.0,0.14556111111111109,0.5533333333333332,0.011666666666666667,5.027782444515038
68,native_uncertainty_diverse,3.35104286742319e-09,1,0.0,0.0,0.0,0.0,0.0,1.0,3.35104286742319e-09,1.0,0.25,0.25,0.00834861111111111,0.45666666666666667,0.5425,6.0191890372119765
68,random_rejected,3.35104286742319e-09,1,0.0,0.0,0.0,0.0,0.0,1.0,3.35104286742319e-09,1.0,0.125,0.125,0.01472222222222222,0.7229166666666667,0.6620833333333334,5.063826934136597
68,rejected_action_diverse,3.35104286742319e-09,1,0.0,0.0,0.0,0.0,0.0,1.0,3.35104286742319e-09,1.0,0.125,0.125,0.00628611111111111,0.5166666666666666,0.5458333333333333,6.725274770344004
69,action_diverse,0.2128929093781154,0,0.0,0.0,0.0,0.0,0.0,0.0,0.2128929093781154,1.0,0.25,0.25,0.0036625,0.5025,0.4920833333333333,4.917519376777928
69,crod_directional,0.2128929093781154,0,0.0,0.0,0.0,0.0,0.0,0.0,0.2128929093781154,1.0,1.0,1.0,0.04160972222222222,0.47624999999999995,0.042499999999999996,3.756739676615613
69,dino_best_rejected,0.2128929093781154,0,0.0,0.0,0.0,0.0,0.0,0.0,0.2128929093781154,1.0,1.0,1.0,0.03081111111111111,0.2683333333333333,0.011666666666666667,3.9036032494110264
69,native_uncertainty_diverse,0.2128929093781154,0,0.0,0.0,0.0,0.0,0.0,0.0,0.2128929093781154,1.0,0.125,0.125,6.111111111111111e-05,0.23958333333333331,0.30541666666666667,4.526985375942417
69,random_rejected,0.2128929093781154,0,0.0,0.0,0.0,0.0,0.0,0.0,0.2128929093781154,1.0,0.125,0.125,0.0015,0.6304166666666666,0.60625,4.038952711535856
69,rejected_action_diverse,0.2128929093781154,0,0.0,0.0,0.0,0.0,0.0,0.0,0.2128929093781154,1.0,0.25,0.25,0.0036625,0.5025,0.4920833333333333,4.917519376777928
70,action_diverse,0.20987735357606296,0,1.0,0.03711793940319935,0.03711793940319935,0.004639742425399919,0.0,0.0,0.1727594141728636,1.0,0.5,0.5,0.16166944444444442,0.535,0.3308333333333333,6.151093465918947
70,crod_directional,0.20987735357606296,0,1.0,0.03770695820121933,0.03770695820121933,0.0047133697751524165,0.0,0.0,0.17217039537484363,1.0,1.0,1.0,0.41820694444444445,0.9199999999999999,0.023333333333333334,5.005954592543759
70,dino_best_rejected,0.20987735357606296,0,1.0,0.03770695820121933,0.03770695820121933,0.0047133697751524165,0.0,0.0,0.17217039537484363,1.0,1.0,1.0,0.29308333333333336,0.6283333333333333,0.011666666666666667,5.3787594568771135
70,native_uncertainty_diverse,0.20987735357606296,0,1.0,0.04086143310382942,0.04086143310382942,0.0051076791379786775,0.0,0.0,0.16901592047223354,1.0,0.5,0.5,0.052491666666666666,0.5845833333333333,0.5408333333333333,5.740046698247822
70,random_rejected,0.20987735357606296,0,1.0,0.03711793940319935,0.03711793940319935,0.004639742425399919,0.0,0.0,0.1727594141728636,1.0,0.5,0.5,0.13298055555555557,0.6254166666666666,0.4458333333333333,4.913584031431462
70,rejected_action_diverse,0.20987735357606296,0,1.0,0.03711793940319935,0.03711793940319935,0.004639742425399919,0.0,0.0,0.1727594141728636,1.0,0.5,0.5,0.16166944444444442,0.535,0.3308333333333333,6.151093465918947
71,action_diverse,0.059321556948360867,0,1.0,0.022749039684848905,0.022749039684848905,0.002843629960606113,1.0,1.0,0.03657251726351196,1.0,0.25,0.25,0.04937361111111111,0.53125,0.49624999999999997,4.423824001691349
71,crod_directional,0.059321556948360867,0,1.0,0.023275154943476352,0.023275154943476352,0.002909394367934544,1.0,1.0,0.036046402004884515,1.0,1.0,1.0,0.34729166666666667,0.9149999999999999,0.03375,3.738989834246847
71,dino_best_rejected,0.059321556948360867,0,1.0,0.028193678330946433,0.028193678330946433,0.003524209791368304,1.0,1.0,0.031127878617414433,1.0,1.0,1.0,0.2958236111111111,0.7383333333333333,0.011666666666666667,3.825314058226198
71,native_uncertainty_diverse,0.059321556948360867,0,1.0,0.021504545133892786,0.021504545133892786,0.002688068141736598,1.0,1.0,0.03781701181446808,1.0,0.375,0.375,0.08248611111111112,0.6070833333333334,0.5012500000000001,4.134966181808969
71,random_rejected,0.059321556948360867,0,1.0,0.021681580324378176,0.021681580324378176,0.002710197540547272,1.0,1.0,0.03763997662398269,1.0,0.125,0.125,0.02581111111111111,0.4708333333333333,0.69625,3.621618733584106
71,rejected_action_diverse,0.059321556948360867,0,1.0,0.022749039684848905,0.022749039684848905,0.002843629960606113,1.0,1.0,0.03657251726351196,1.0,0.25,0.25,0.04937361111111111,0.53125,0.49624999999999997,4.423824001691349
72,action_diverse,5.898059818321144e-17,1,0.0,0.0,0.0,0.0,0.0,1.0,5.898059818321144e-17,1.0,0.5,0.5,0.012150000000000001,0.5070833333333333,0.3879166666666667,5.766549576246975
72,crod_directional,5.898059818321144e-17,1,0.0,0.0,0.0,0.0,0.0,1.0,5.898059818321144e-17,1.0,1.0,1.0,0.1108611111111111,0.71625,0.06166666666666666,4.595661913891057
72,dino_best_rejected,5.898059818321144e-17,1,0.0,0.0,0.0,0.0,0.0,1.0,5.898059818321144e-17,1.0,1.0,1.0,0.05765277777777778,0.2833333333333333,0.011666666666666667,4.51005149297622
72,native_uncertainty_diverse,5.898059818321144e-17,1,0.0,0.0,0.0,0.0,0.0,1.0,5.898059818321144e-17,1.0,0.5,0.5,0.018227777777777777,0.47750000000000004,0.4425,5.245824742514601
72,random_rejected,5.898059818321144e-17,1,0.0,0.0,0.0,0.0,0.0,1.0,5.898059818321144e-17,1.0,0.375,0.375,0.005230555555555556,0.3358333333333333,0.35500000000000004,4.390887970561349
72,rejected_action_diverse,5.898059818321144e-17,1,0.0,0.0,0.0,0.0,0.0,1.0,5.898059818321144e-17,1.0,0.5,0.5,0.012150000000000001,0.5070833333333333,0.3879166666666667,5.766549576246975
73,action_diverse,1.476654301953908e-09,1,0.0,0.0,0.0,0.0,0.0,1.0,1.476654301953908e-09,1.0,0.25,0.25,0.014216666666666669,0.5841666666666667,0.5320833333333334,5.071453612567571
73,crod_directional,1.476654301953908e-09,1,0.0,0.0,0.0,0.0,0.0,1.0,1.476654301953908e-09,1.0,1.0,1.0,0.35983333333333334,0.8162499999999999,0.03125,4.413595493164946
73,dino_best_rejected,1.476654301953908e-09,1,0.0,0.0,0.0,0.0,0.0,1.0,1.476654301953908e-09,1.0,1.0,1.0,0.31346805555555557,0.6758333333333334,0.011666666666666667,4.381379982359741
73,native_uncertainty_diverse,1.476654301953908e-09,1,0.0,0.0,0.0,0.0,0.0,1.0,1.476654301953908e-09,1.0,0.625,0.625,0.09554305555555556,0.47125000000000006,0.3895833333333333,4.643153338844391
73,random_rejected,1.476654301953908e-09,1,0.0,0.0,0.0,0.0,0.0,1.0,1.476654301953908e-09,1.0,0.375,0.375,0.03388888888888889,0.44375,0.5104166666666666,4.121890088302063
73,rejected_action_diverse,1.476654301953908e-09,1,0.0,0.0,0.0,0.0,0.0,1.0,1.476654301953908e-09,1.0,0.25,0.25,0.014216666666666669,0.5841666666666667,0.5320833333333334,5.071453612567571
74,action_diverse,4.2999866172449356e-13,1,0.0,0.0,0.0,0.0,0.0,1.0,4.2999866172449356e-13,1.0,0.5,0.5,0.052095833333333334,0.5620833333333333,0.4608333333333334,5.468875137047968
74,crod_directional,4.2999866172449356e-13,1,0.0,0.0,0.0,0.0,0.0,1.0,4.2999866172449356e-13,1.0,1.0,1.0,0.20168333333333333,0.6795833333333333,0.042916666666666665,4.16031272498751
74,dino_best_rejected,4.2999866172449356e-13,1,0.0,0.0,0.0,0.0,0.0,1.0,4.2999866172449356e-13,1.0,1.0,1.0,0.14722361111111112,0.4479166666666667,0.011666666666666667,4.1253035543222065
74,native_uncertainty_diverse,4.2999866172449356e-13,1,0.0,0.0,0.0,0.0,0.0,1.0,4.2999866172449356e-13,1.0,0.375,0.375,0.019008333333333332,0.34750000000000003,0.5741666666666667,4.780130954191346
74,random_rejected,4.2999866172449356e-13,1,0.0,0.0,0.0,0.0,0.0,1.0,4.2999866172449356e-13,1.0,0.25,0.25,0.02347361111111111,0.47291666666666665,0.48624999999999996,4.192479746022215
74,rejected_action_diverse,4.2999866172449356e-13,1,0.0,0.0,0.0,0.0,0.0,1.0,4.2999866172449356e-13,1.0,0.5,0.5,0.052095833333333334,0.5620833333333333,0.4608333333333334,5.468875137047968
75,action_diverse,1.1911411685367734e-06,1,0.0,0.0,0.0,0.0,0.0,1.0,1.1911411685367734e-06,1.0,0.375,0.375,0.013670833333333333,0.375,0.425,6.393513157444455
75,crod_directional,1.1911411685367734e-06,1,0.0,0.0,0.0,0.0,0.0,1.0,1.1911411685367734e-06,1.0,1.0,1.0,0.11025138888888888,0.6220833333333333,0.052500000000000005,5.272095273295245
75,dino_best_rejected,1.1911411685367734e-06,1,0.0,0.0,0.0,0.0,0.0,1.0,1.1911411685367734e-06,1.0,1.0,1.0,0.0789263888888889,0.3525,0.011666666666666667,5.010299599820507
75,native_uncertainty_diverse,1.1911411685367734e-06,1,0.0,0.0,0.0,0.0,0.0,1.0,1.1911411685367734e-06,1.0,0.0,0.0,0.0,0.2716666666666667,0.4945833333333333,5.720620262893316
75,random_rejected,1.1911411685367734e-06,1,0.0,0.0,0.0,0.0,0.0,1.0,1.1911411685367734e-06,1.0,0.375,0.375,0.01281111111111111,0.41041666666666665,0.36375,4.550364680089043
75,rejected_action_diverse,1.1911411685367734e-06,1,0.0,0.0,0.0,0.0,0.0,1.0,1.1911411685367734e-06,1.0,0.375,0.375,0.013670833333333333,0.375,0.425,6.393513157444455
76,action_diverse,0.003358134951243466,1,0.0,0.0,0.0,0.0,0.0,1.0,0.003358134951243466,1.0,0.625,0.625,0.04591805555555556,0.5283333333333333,0.5187499999999999,4.580573153309506
76,crod_directional,0.003358134951243466,1,0.0,0.0,0.0,0.0,0.0,1.0,0.003358134951243466,1.0,1.0,1.0,0.39159444444444447,0.8975,0.06208333333333334,4.048295070508729
76,dino_best_rejected,0.003358134951243466,1,0.0,0.0,0.0,0.0,0.0,1.0,0.003358134951243466,1.0,1.0,1.0,0.2886694444444444,0.59125,0.011666666666666667,4.197228600442241
76,native_uncertainty_diverse,0.003358134951243466,1,0.0,0.0,0.0,0.0,0.0,1.0,0.003358134951243466,1.0,0.375,0.375,0.016988888888888887,0.4125,0.5733333333333334,4.291132620319185
76,random_rejected,0.003358134951243466,1,0.0,0.0,0.0,0.0,0.0,1.0,0.003358134951243466,1.0,0.75,0.75,0.15196527777777777,0.5641666666666666,0.2891666666666667,3.8916280306098296
76,rejected_action_diverse,0.003358134951243466,1,0.0,0.0,0.0,0.0,0.0,1.0,0.003358134951243466,1.0,0.625,0.625,0.04591805555555556,0.5283333333333333,0.5187499999999999,4.580573153309506
77,action_diverse,0.0,1,0.0,0.0,0.0,0.0,0.0,1.0,0.0,1.0,0.5,0.5,0.05812222222222223,0.5666666666666667,0.5391666666666666,3.888645086455478
77,crod_directional,0.0,1,0.0,0.0,0.0,0.0,0.0,1.0,0.0,1.0,1.0,1.0,0.3783930555555556,0.90125,0.033749999999999995,3.5361667161436716
77,dino_best_rejected,0.0,1,0.0,0.0,0.0,0.0,0.0,1.0,0.0,1.0,1.0,1.0,0.3468277777777778,0.7829166666666666,0.011666666666666667,3.4300426867094655
77,native_uncertainty_diverse,0.0,1,0.0,0.0,0.0,0.0,0.0,1.0,0.0,1.0,0.75,0.75,0.06886388888888889,0.38958333333333334,0.385,3.578753127929919
77,random_rejected,0.0,1,0.0,0.0,0.0,0.0,0.0,1.0,0.0,1.0,0.375,0.375,0.09827638888888889,0.665,0.5475,3.438892975952428
77,rejected_action_diverse,0.0,1,0.0,0.0,0.0,0.0,0.0,1.0,0.0,1.0,0.5,0.5,0.05812222222222223,0.5666666666666667,0.5391666666666666,3.888645086455478
78,action_diverse,0.03834775248227389,1,0.0,0.0,0.010362922712251078,0.0012953653390313847,0.0,1.0,0.027984829770022816,1.0,0.25,0.25,0.022120833333333333,0.34458333333333335,0.45416666666666666,6.474852818937143
78,crod_directional,0.03834775248227389,1,1.0,0.020587933009012557,0.020587933009012557,0.0025734916261265697,0.0,1.0,0.017759819473261336,1.0,1.0,1.0,0.1282791666666667,0.6483333333333333,0.027500000000000004,4.791620030440545
78,dino_best_rejected,0.03834775248227389,1,1.0,0.020587933009012557,0.020587933009012557,0.0025734916261265697,0.0,1.0,0.017759819473261336,1.0,1.0,1.0,0.1171416666666667,0.5404166666666667,0.011666666666666667,4.92722200203807
78,native_uncertainty_diverse,0.03834775248227389,1,0.0,0.0,0.01656781147606511,0.0020709764345081387,0.0,1.0,0.021779941006208784,1.0,0.375,0.375,0.03699583333333334,0.4604166666666667,0.4295833333333333,6.067430300097979
78,random_rejected,0.03834775248227389,1,0.0,0.0,0.013450102854264005,0.0016812628567830007,0.0,1.0,0.024897649628009888,1.0,0.125,0.125,0.0014513888888888892,0.46749999999999997,0.4558333333333333,4.53446175692053
78,rejected_action_diverse,0.03834775248227389,1,0.0,0.0,0.010362922712251078,0.0012953653390313847,0.0,1.0,0.027984829770022816,1.0,0.25,0.25,0.022120833333333333,0.34458333333333335,0.45416666666666666,6.474852818937143
79,action_diverse,0.03522139524917815,1,0.0,0.0,0.010447504527016559,0.0013059380658770698,0.0,1.0,0.024773890722161594,1.0,0.25,0.25,0.011958333333333338,0.59375,0.6758333333333333,6.9600106714553505
79,crod_directional,0.03522139524917815,1,0.0,0.0,0.011272384242856665,0.0014090480303570832,0.0,1.0,0.023949011006321488,1.0,1.0,1.0,0.2823333333333333,0.8241666666666667,0.05458333333333334,4.876008452229469
79,dino_best_rejected,0.03522139524917815,1,0.0,0.0,0.011272384242856665,0.0014090480303570832,0.0,1.0,0.023949011006321488,1.0,1.0,1.0,0.1837402777777778,0.47375,0.011666666666666667,4.72821650266728
79,native_uncertainty_diverse,0.03522139524917815,1,0.0,0.0,0.00491613132564259,0.0006145164157053237,0.0,1.0,0.030305263923535563,1.0,0.625,0.625,0.07654722222222222,0.6270833333333333,0.42333333333333334,6.32608135590009
79,random_rejected,0.03522139524917815,1,0.0,0.0,0.011007444105363171,0.0013759305131703964,0.0,1.0,0.02421395114381498,1.0,0.375,0.375,0.013770833333333335,0.41208333333333336,0.5404166666666667,4.660067811298852
79,rejected_action_diverse,0.03522139524917815,1,0.0,0.0,0.010447504527016559,0.0013059380658770698,0.0,1.0,0.024773890722161594,1.0,0.25,0.25,0.011958333333333338,0.59375,0.6758333333333333,6.9600106714553505
80,action_diverse,0.0,1,0.0,0.0,0.0,0.0,0.0,1.0,0.0,1.0,0.375,0.375,0.06625277777777777,0.5491666666666666,0.5291666666666666,5.484303575575783
80,crod_directional,0.0,1,0.0,0.0,0.0,0.0,0.0,1.0,0.0,1.0,1.0,1.0,0.35789166666666666,0.8945833333333334,0.06958333333333333,4.666814597991182
80,dino_best_rejected,0.0,1,0.0,0.0,0.0,0.0,0.0,1.0,0.0,1.0,1.0,1.0,0.28603055555555557,0.62125,0.011666666666666667,4.801312724664157
80,native_uncertainty_diverse,0.0,1,0.0,0.0,0.0,0.0,0.0,1.0,0.0,1.0,0.25,0.25,0.04558333333333334,0.41583333333333333,0.58375,5.007840542994716
80,random_rejected,0.0,1,0.0,0.0,0.0,0.0,0.0,1.0,0.0,1.0,0.375,0.375,0.03594722222222222,0.6233333333333333,0.5850000000000001,4.504100244207086
80,rejected_action_diverse,0.0,1,0.0,0.0,0.0,0.0,0.0,1.0,0.0,1.0,0.375,0.375,0.06625277777777777,0.5491666666666666,0.5291666666666666,5.484303575575783
81,action_diverse,0.27822195742971684,0,1.0,0.10526136741123576,0.10526136741123576,0.01315767092640447,0.0,0.0,0.17296059001848108,1.0,0.625,0.625,0.18584444444444445,0.6904166666666667,0.31958333333333333,8.004713156091974
81,crod_directional,0.27822195742971684,0,1.0,0.050835848651534316,0.050835848651534316,0.0063544810814417894,0.0,0.0,0.22738610877818252,1.0,1.0,1.0,0.443225,0.9570833333333334,0.01375,6.288822083595008
81,dino_best_rejected,0.27822195742971684,0,1.0,0.050835848651534316,0.050835848651534316,0.0063544810814417894,0.0,0.0,0.22738610877818252,1.0,1.0,1.0,0.42065972222222225,0.9045833333333333,0.011666666666666667,6.546807189940513
81,native_uncertainty_diverse,0.27822195742971684,0,1.0,0.10526136741123576,0.10526136741123576,0.01315767092640447,0.0,0.0,0.17296059001848108,1.0,0.625,0.625,0.1745625,0.7791666666666668,0.35375,7.770720276327152
81,random_rejected,0.27822195742971684,0,1.0,0.03201953733214946,0.03201953733214946,0.004002442166518683,0.0,0.0,0.24620242009756738,1.0,0.5,0.5,0.0423875,0.3833333333333333,0.48041666666666666,6.053782891861572
81,rejected_action_diverse,0.27822195742971684,0,1.0,0.10526136741123576,0.10526136741123576,0.01315767092640447,0.0,0.0,0.17296059001848108,1.0,0.625,0.625,0.18584444444444445,0.6904166666666667,0.31958333333333333,8.004713156091974
82,action_diverse,1.1846647526726074e-05,1,0.0,0.0,0.0,0.0,0.0,1.0,1.1846647526726074e-05,1.0,0.25,0.25,0.021487500000000003,0.59875,0.6104166666666666,6.285745160265822
82,crod_directional,1.1846647526726074e-05,1,0.0,0.0,0.0,0.0,0.0,1.0,1.1846647526726074e-05,1.0,1.0,1.0,0.2870138888888889,0.8604166666666667,0.03875,5.206114214278143
82,dino_best_rejected,1.1846647526726074e-05,1,0.0,0.0,0.0,0.0,0.0,1.0,1.1846647526726074e-05,1.0,1.0,1.0,0.22412083333333332,0.6179166666666667,0.011666666666666667,5.264987517129464
82,native_uncertainty_diverse,1.1846647526726074e-05,1,0.0,0.0,0.0,0.0,0.0,1.0,1.1846647526726074e-05,1.0,0.375,0.375,0.02966527777777778,0.3358333333333333,0.50625,5.820949461237182
82,random_rejected,1.1846647526726074e-05,1,0.0,0.0,0.0,0.0,0.0,1.0,1.1846647526726074e-05,1.0,0.625,0.625,0.03301944444444445,0.39375,0.39416666666666667,5.322167571387821
82,rejected_action_diverse,1.1846647526726074e-05,1,0.0,0.0,0.0,0.0,0.0,1.0,1.1846647526726074e-05,1.0,0.25,0.25,0.021487500000000003,0.59875,0.6104166666666666,6.285745160265822
83,action_diverse,0.026529625226145766,1,0.0,0.0,0.0010421172145361896,0.0001302646518170237,0.0,1.0,0.025487508011609577,1.0,0.125,0.125,0.003269444444444444,0.6104166666666666,0.42833333333333334,7.017299454469445
83,crod_directional,0.026529625226145766,1,0.0,0.0,0.0014607216339199806,0.00018259020423999758,0.0,1.0,0.025068903592225786,1.0,1.0,1.0,0.03679444444444444,0.6125,0.028333333333333335,4.962522742068928
83,dino_best_rejected,0.026529625226145766,1,0.0,0.0,0.001592600084425022,0.00019907501055312776,0.0,1.0,0.024937025141720744,1.0,1.0,1.0,0.022540277777777777,0.2833333333333333,0.011666666666666667,5.0851806065686525
83,native_uncertainty_diverse,0.026529625226145766,1,0.0,0.0,0.0025320286701498163,0.00031650358376872703,0.0,1.0,0.02399759655599595,1.0,0.0,0.0,0.0,0.6733333333333333,0.47958333333333336,6.229477824689956
83,random_rejected,0.026529625226145766,1,0.0,0.0,0.005986292246147686,0.0007482865307684608,0.0,1.0,0.02054333297999808,1.0,0.125,0.125,0.0019249999999999998,0.5575,0.5833333333333334,4.85567115637639
83,rejected_action_diverse,0.026529625226145766,1,0.0,0.0,0.0010421172145361896,0.0001302646518170237,0.0,1.0,0.025487508011609577,1.0,0.125,0.125,0.003269444444444444,0.6104166666666666,0.42833333333333334,7.017299454469445
84,action_diverse,0.028520748569716866,1,0.0,0.0,0.014957384600437261,0.0018696730750546577,0.0,1.0,0.013563363969279605,1.0,0.375,0.375,0.08391111111111112,0.7054166666666667,0.55625,7.011259313154643
84,crod_directional,0.028520748569716866,1,0.0,0.0,3.6067906064678884e-05,4.5084882580848605e-06,0.0,1.0,0.028484680663652187,1.0,1.0,1.0,0.4886277777777779,0.9554166666666667,0.026250000000000002,5.790671922482195
84,dino_best_rejected,0.028520748569716866,1,0.0,0.0,0.010615973211249744,0.001326996651406218,0.0,1.0,0.017904775358467122,1.0,1.0,1.0,0.4191083333333334,0.7954166666666667,0.011666666666666667,5.683359971306449
84,native_uncertainty_diverse,0.028520748569716866,1,0.0,0.0,0.00487636255039358,0.0006095453187991975,0.0,1.0,0.023644386019323286,1.0,0.75,0.75,0.08390555555555555,0.46375,0.3795833333333334,6.573867388421026
84,random_rejected,0.028520748569716866,1,0.0,0.0,0.014957384600437261,0.0018696730750546577,0.0,1.0,0.013563363969279605,1.0,0.25,0.25,0.03692916666666668,0.5408333333333333,0.6354166666666666,5.380038104405061
84,rejected_action_diverse,0.028520748569716866,1,0.0,0.0,0.014957384600437261,0.0018696730750546577,0.0,1.0,0.013563363969279605,1.0,0.375,0.375,0.08391111111111112,0.7054166666666667,0.55625,7.011259313154643
85,action_diverse,0.004361396950496172,1,0.0,0.0,0.0,0.0,0.0,1.0,0.004361396950496172,1.0,0.25,0.25,0.013825,0.515,0.6154166666666667,6.629374850401026
85,crod_directional,0.004361396950496172,1,0.0,0.0,0.0,0.0,0.0,1.0,0.004361396950496172,1.0,1.0,1.0,0.23272500000000002,0.9154166666666667,0.027083333333333334,5.449080306104485
85,dino_best_rejected,0.004361396950496172,1,0.0,0.0,0.0,0.0,0.0,1.0,0.004361396950496172,1.0,1.0,1.0,0.19442777777777775,0.72375,0.011666666666666667,5.611413705871186
85,native_uncertainty_diverse,0.004361396950496172,1,0.0,0.0,0.0,0.0,0.0,1.0,0.004361396950496172,1.0,0.125,0.125,0.0010222222222222202,0.48,0.56125,6.160824762251856
85,random_rejected,0.004361396950496172,1,0.0,0.0,0.0,0.0,0.0,1.0,0.004361396950496172,1.0,0.25,0.25,0.000765277777777777,0.2695833333333333,0.5158333333333334,5.3957129536835176
85,rejected_action_diverse,0.004361396950496172,1,0.0,0.0,0.0,0.0,0.0,1.0,0.004361396950496172,1.0,0.25,0.25,0.013825,0.515,0.6154166666666667,6.629374850401026
86,action_diverse,0.039854559320820056,1,0.0,0.0,0.00950013445955378,0.0011875168074442226,0.0,1.0,0.030354424861266275,1.0,0.0,0.0,0.0,0.73125,0.7795833333333333,5.24039891713079
86,crod_directional,0.039854559320820056,1,0.0,0.0,0.009436741646796188,0.0011795927058495235,0.0,1.0,0.030417817674023868,1.0,1.0,1.0,0.10076944444444444,0.6408333333333334,0.05916666666666667,4.1615125730506515
86,dino_best_rejected,0.039854559320820056,1,0.0,0.0,0.009112866574113074,0.0011391083217641342,0.0,1.0,0.030741692746706982,1.0,1.0,1.0,0.05908194444444444,0.27625,0.011666666666666667,4.050349382879679
86,native_uncertainty_diverse,0.039854559320820056,1,0.0,0.0,0.01015379484464806,0.0012692243555810076,0.0,1.0,0.029700764476171995,1.0,0.125,0.125,0.009223611111111111,0.61375,0.5125,4.900524322478865
86,random_rejected,0.039854559320820056,1,0.0,0.0,0.008145871625311725,0.0010182339531639656,0.0,1.0,0.03170868769550833,1.0,0.125,0.125,0.0004375,0.56,0.6591666666666667,4.322755220409958
86,rejected_action_diverse,0.039854559320820056,1,0.0,0.0,0.00950013445955378,0.0011875168074442226,0.0,1.0,0.030354424861266275,1.0,0.0,0.0,0.0,0.73125,0.7795833333333333,5.24039891713079
87,action_diverse,0.052257988744225534,0,0.0,0.0,0.00017652858742768507,2.2066073428460634e-05,0.0,0.0,0.05208146015679785,1.0,0.375,0.375,0.011002777777777783,0.6975,0.5733333333333334,4.448975386189277
87,crod_directional,0.052257988744225534,0,0.0,0.0,0.00035961887283406796,4.4952359104258495e-05,0.0,0.0,0.051898369871391466,1.0,1.0,1.0,0.2964430555555556,0.9016666666666666,0.027916666666666666,3.814155632029963
87,dino_best_rejected,0.052257988744225534,0,0.0,0.0,0.006535408601458174,0.0008169260751822718,0.0,0.0,0.04572258014276736,1.0,1.0,1.0,0.2615819444444445,0.7575000000000001,0.011666666666666667,3.8744200539843248
87,native_uncertainty_diverse,0.052257988744225534,0,0.0,0.0,0.000747726368461217,9.346579605765213e-05,0.0,0.0,0.05151026237576432,1.0,0.75,0.75,0.04742222222222223,0.4266666666666667,0.33375,3.9560693649240095
87,random_rejected,0.052257988744225534,0,0.0,0.0,0.0005630017517620697,7.037521897025872e-05,0.0,0.0,0.051694986992463464,1.0,0.25,0.25,0.017188888888888892,0.5420833333333334,0.5208333333333334,3.818955490860577
87,rejected_action_diverse,0.052257988744225534,0,0.0,0.0,0.00017652858742768507,2.2066073428460634e-05,0.0,0.0,0.05208146015679785,1.0,0.375,0.375,0.011002777777777783,0.6975,0.5733333333333334,4.448975386189277
88,action_diverse,0.03420691387097626,1,0.0,0.0,0.013704956553191858,0.0017131195691489822,0.0,1.0,0.020501957317784404,1.0,0.875,0.875,0.08880277777777779,0.5179166666666667,0.25458333333333333,5.549912189038589
88,crod_directional,0.03420691387097626,1,0.0,0.0,0.006434874630425445,0.0008043593288031806,0.0,1.0,0.027772039240550817,1.0,1.0,1.0,0.34739583333333335,0.8875,0.03083333333333333,4.610283398447699
88,dino_best_rejected,0.03420691387097626,1,0.0,0.0,0.010050823091916232,0.001256352886489529,0.0,1.0,0.02415609077906003,1.0,1.0,1.0,0.31590972222222224,0.7729166666666667,0.011666666666666667,4.889475015265378
88,native_uncertainty_diverse,0.03420691387097626,1,0.0,0.0,0.015323682277286844,0.0019154602846608556,0.0,1.0,0.018883231593689417,1.0,0.375,0.375,0.013791666666666669,0.18291666666666667,0.46375000000000005,5.214056794354551
88,random_rejected,0.03420691387097626,1,0.0,0.0,0.009663284346798008,0.001207910543349751,0.0,1.0,0.024543629524178254,1.0,0.375,0.375,0.009693055555555555,0.3804166666666667,0.6558333333333333,4.52211620359223
88,rejected_action_diverse,0.03420691387097626,1,0.0,0.0,0.013704956553191858,0.0017131195691489822,0.0,1.0,0.020501957317784404,1.0,0.875,0.875,0.08880277777777779,0.5179166666666667,0.25458333333333333,5.549912189038589
89,action_diverse,3.777901781359063e-11,1,0.0,0.0,0.0,0.0,0.0,1.0,3.777901781359063e-11,1.0,0.375,0.375,0.06316944444444444,0.6445833333333333,0.48416666666666663,6.381386389736897
89,crod_directional,3.777901781359063e-11,1,0.0,0.0,0.0,0.0,0.0,1.0,3.777901781359063e-11,1.0,1.0,1.0,0.24875972222222226,0.7633333333333333,0.06166666666666667,5.120677093893386
89,dino_best_rejected,3.777901781359063e-11,1,0.0,0.0,0.0,0.0,0.0,1.0,3.777901781359063e-11,1.0,1.0,1.0,0.13407083333333333,0.3541666666666667,0.011666666666666667,4.932713743398526
89,native_uncertainty_diverse,3.777901781359063e-11,1,0.0,0.0,0.0,0.0,0.0,1.0,3.777901781359063e-11,1.0,0.25,0.25,0.006561111111111112,0.42375,0.6216666666666667,5.687610583381022
89,random_rejected,3.777901781359063e-11,1,0.0,0.0,0.0,0.0,0.0,1.0,3.777901781359063e-11,1.0,0.375,0.375,0.04760416666666667,0.4958333333333333,0.47,5.045997268446236
89,rejected_action_diverse,3.777901781359063e-11,1,0.0,0.0,0.0,0.0,0.0,1.0,3.777901781359063e-11,1.0,0.375,0.375,0.06316944444444444,0.6445833333333333,0.48416666666666663,6.381386389736897
90,action_diverse,0.02999912954357913,1,0.0,0.0,0.010325886613057972,0.0012907358266322465,0.0,1.0,0.019673242930521157,1.0,0.0,0.0,0.0,0.43375,0.39708333333333334,6.575696162392147
90,crod_directional,0.02999912954357913,1,0.0,0.0,0.007837965499905016,0.000979745687488127,0.0,1.0,0.022161164043674113,1.0,0.75,0.75,0.0027416666666666666,0.40083333333333326,0.20791666666666667,5.518657693143772
90,dino_best_rejected,0.02999912954357913,1,0.0,0.0,0.005928091177009095,0.0007410113971261368,0.0,1.0,0.024071038366570034,1.0,0.75,0.75,0.0027416666666666666,0.2370833333333333,0.0125,5.364691558794467
90,native_uncertainty_diverse,0.02999912954357913,1,0.0,0.0,0.014829777019883004,0.0018537221274853755,0.0,1.0,0.015169352523696125,1.0,0.0,0.0,0.0,0.19125,0.2791666666666667,6.04114318804262
90,random_rejected,0.02999912954357913,1,0.0,0.0,0.010373642930892085,0.0012967053663615106,0.0,1.0,0.019625486612687044,1.0,0.0,0.0,0.0,0.3995833333333333,0.42416666666666664,4.929139075486896
90,rejected_action_diverse,0.02999912954357913,1,0.0,0.0,0.010325886613057972,0.0012907358266322465,0.0,1.0,0.019673242930521157,1.0,0.0,0.0,0.0,0.43375,0.39708333333333334,6.575696162392147
91,action_diverse,0.0025466838187892457,1,0.0,0.0,0.00094474123176425,0.00011809265397053125,0.0,1.0,0.0016019425870249957,1.0,0.0,0.0,0.0,0.49916666666666665,0.59625,5.752004118802035
91,crod_directional,0.0025466838187892457,1,0.0,0.0,0.0014134662621952444,0.00017668328277440555,0.0,1.0,0.0011332175565940013,1.0,1.0,1.0,0.04391944444444445,0.5354166666666667,0.027500000000000004,4.3455442259048
91,dino_best_rejected,0.0025466838187892457,1,0.0,0.0,0.0014134662621952444,0.00017668328277440555,0.0,1.0,0.0011332175565940013,1.0,1.0,1.0,0.02821527777777778,0.30291666666666667,0.011666666666666667,4.339120843507797
91,native_uncertainty_diverse,0.0025466838187892457,1,0.0,0.0,0.000712310488130443,8.903881101630538e-05,0.0,1.0,0.0018343733306588027,1.0,0.0,0.0,0.0,0.7920833333333334,0.7054166666666667,5.0316723646796095
91,random_rejected,0.0025466838187892457,1,0.0,0.0,0.0014134662621952444,0.00017668328277440555,0.0,1.0,0.0011332175565940013,1.0,0.125,0.125,0.0077930555555555565,0.44666666666666666,0.36624999999999996,3.9974588424155764
91,rejected_action_diverse,0.0025466838187892457,1,0.0,0.0,0.00094474123176425,0.00011809265397053125,0.0,1.0,0.0016019425870249957,1.0,0.0,0.0,0.0,0.49916666666666665,0.59625,5.752004118802035
92,action_diverse,0.03125451608763129,1,0.0,0.0,0.016594246072399836,0.0020742807590499795,0.0,1.0,0.014660270015231453,1.0,0.625,0.625,0.06986805555555554,0.64,0.43375,7.749678987339109
92,crod_directional,0.03125451608763129,1,0.0,0.0,0.0009390389616276279,0.00011737987020345349,0.0,1.0,0.03031547712600366,1.0,1.0,1.0,0.2765902777777777,0.9083333333333334,0.025833333333333333,5.406148915575733
92,dino_best_rejected,0.03125451608763129,1,0.0,0.0,0.00981888097297845,0.0012273601216223062,0.0,1.0,0.021435635114652837,1.0,1.0,1.0,0.2163388888888889,0.67625,0.011666666666666667,5.810531260487856
92,native_uncertainty_diverse,0.03125451608763129,1,1.0,0.021942912436736142,0.021942912436736142,0.0027428640545920178,0.0,1.0,0.009311603650895147,1.0,0.25,0.25,0.0036930555555555536,0.3258333333333333,0.4916666666666667,6.752341719043702
92,random_rejected,0.03125451608763129,1,0.0,0.0,0.00729395144498482,0.0009117439306231025,0.0,1.0,0.023960564642646467,1.0,0.25,0.25,0.043656944444444436,0.7545833333333334,0.6241666666666668,5.2646128856228
92,rejected_action_diverse,0.03125451608763129,1,0.0,0.0,0.016594246072399836,0.0020742807590499795,0.0,1.0,0.014660270015231453,1.0,0.625,0.625,0.06986805555555554,0.64,0.43375,7.749678987339109
93,action_diverse,0.021234012405898565,1,0.0,0.0,0.0,0.0,0.0,1.0,0.021234962360769306,1.0,0.5,0.5,0.08675277777777776,0.6825000000000001,0.4658333333333333,6.2901830968782875
93,crod_directional,0.021234012405898565,1,0.0,0.0,0.0009568360095132955,0.00011960450118916194,0.0,1.0,0.02027717639638527,1.0,1.0,1.0,0.3714694444444444,0.8095833333333333,0.060833333333333336,5.3873900214065795
93,dino_best_rejected,0.021234012405898565,1,0.0,0.0,0.0009568360095132955,0.00011960450118916194,0.0,1.0,0.02027717639638527,1.0,1.0,1.0,0.23818055555555556,0.46958333333333335,0.011666666666666667,5.187823974869788
93,native_uncertainty_diverse,0.021234012405898565,1,0.0,0.0,0.0017334589951395474,0.00021668237439244342,0.0,1.0,0.019500553410759017,1.0,0.625,0.625,0.09906944444444443,0.6095833333333334,0.4529166666666667,6.183702868039473
93,random_rejected,0.021234012405898565,1,0.0,0.0,0.001754644472593627,0.00021933055907420338,0.0,1.0,0.019479367933304938,1.0,0.375,0.375,0.03541666666666666,0.5425,0.6375,5.175531978603983
93,rejected_action_diverse,0.021234012405898565,1,0.0,0.0,0.0,0.0,0.0,1.0,0.021234962360769306,1.0,0.5,0.5,0.08675277777777776,0.6825000000000001,0.4658333333333333,6.2901830968782875
94,action_diverse,0.003016796158328261,1,0.0,0.0,0.0009819807311127705,0.0001227475913890963,0.0,1.0,0.0020348154272154906,1.0,0.25,0.25,0.044313888888888896,0.6375,0.6912499999999999,6.893569737360307
94,crod_directional,0.003016796158328261,1,0.0,0.0,0.0004657629772259228,5.822037215324035e-05,0.0,1.0,0.0025510331811023383,1.0,1.0,1.0,0.5183847222222223,0.9608333333333333,0.02041666666666667,5.509598356013194
94,dino_best_rejected,0.003016796158328261,1,0.0,0.0,0.0004114088519583028,5.142610649478785e-05,0.0,1.0,0.0026053873063699583,1.0,1.0,1.0,0.4773013888888889,0.8695833333333334,0.011666666666666667,5.201670757213379
94,native_uncertainty_diverse,0.003016796158328261,1,0.0,0.0,0.0015824194666334325,0.00019780243332917906,0.0,1.0,0.0014343766916948286,1.0,0.875,0.875,0.26280277777777783,0.7925,0.2575,6.030684068716418
94,random_rejected,0.003016796158328261,1,0.0,0.0,0.00025760177521600564,3.2200221902000704e-05,0.0,1.0,0.0027591943831122554,1.0,0.75,0.75,0.13865694444444449,0.6183333333333334,0.4066666666666666,5.18937509108278
94,rejected_action_diverse,0.003016796158328261,1,0.0,0.0,0.0009819807311127705,0.0001227475913890963,0.0,1.0,0.0020348154272154906,1.0,0.25,0.25,0.044313888888888896,0.6375,0.6912499999999999,6.893569737360307
95,action_diverse,0.032805057070659185,1,0.0,0.0,0.004528494133914623,0.0005660617667393279,0.0,1.0,0.028276562936744562,1.0,0.125,0.125,8.888888888888889e-05,0.4920833333333333,0.54125,5.5250861790063155
95,crod_directional,0.032805057070659185,1,0.0,0.0,0.0016689754614311741,0.00020862193267889677,0.0,1.0,0.03113608160922801,1.0,1.0,1.0,0.07685,0.60125,0.03958333333333333,4.639716534209359
95,dino_best_rejected,0.032805057070659185,1,0.0,0.0,0.015693109977743938,0.0019616387472179923,0.0,1.0,0.017111947092915247,1.0,1.0,1.0,0.043805555555555556,0.27041666666666664,0.011666666666666667,4.654579984681546
95,native_uncertainty_diverse,0.032805057070659185,1,0.0,0.0,0.019067775059887222,0.002383471882485903,0.0,1.0,0.013737282010771963,1.0,0.375,0.375,0.009272222222222223,0.2375,0.27125,5.263912555983344
95,random_rejected,0.032805057070659185,1,0.0,0.0,0.004889209577445354,0.0006111511971806692,0.0,1.0,0.02791584749321383,1.0,0.125,0.125,0.0007777777777777778,0.5091666666666667,0.5633333333333334,4.73299102779286
95,rejected_action_diverse,0.032805057070659185,1,0.0,0.0,0.004528494133914623,0.0005660617667393279,0.0,1.0,0.028276562936744562,1.0,0.125,0.125,8.888888888888889e-05,0.4920833333333333,0.54125,5.5250861790063155
96,action_diverse,0.007693335179792382,1,0.0,0.0,0.0,0.0,0.0,1.0,0.007693335179792382,1.0,0.375,0.375,0.04980833333333332,0.6395833333333334,0.4595833333333333,5.359598982592543
96,crod_directional,0.007693335179792382,1,0.0,0.0,0.0,0.0,0.0,1.0,0.007693335179792382,1.0,1.0,1.0,0.2751416666666666,0.8575,0.028333333333333335,4.3965757573743804
96,dino_best_rejected,0.007693335179792382,1,0.0,0.0,0.0,0.0,0.0,1.0,0.007693335179792382,1.0,1.0,1.0,0.21119305555555556,0.6233333333333333,0.011666666666666667,4.377600538538848
96,native_uncertainty_diverse,0.007693335179792382,1,0.0,0.0,0.0,0.0,0.0,1.0,0.007693335179792382,1.0,0.625,0.625,0.026344444444444434,0.3716666666666667,0.2879166666666667,4.89185871902003
96,random_rejected,0.007693335179792382,1,0.0,0.0,0.0,0.0,0.0,1.0,0.007693335179792382,1.0,0.625,0.625,0.09620000000000001,0.5716666666666667,0.3154166666666666,4.449543574964386
96,rejected_action_diverse,0.007693335179792382,1,0.0,0.0,0.0,0.0,0.0,1.0,0.007693335179792382,1.0,0.375,0.375,0.04980833333333332,0.6395833333333334,0.4595833333333333,5.359598982592543
97,action_diverse,0.3061820722620557,0,0.0,0.0,0.0,0.0,0.0,0.0,0.3095895529409455,1.0,0.5,0.5,0.059455555555555546,0.44583333333333336,0.5083333333333333,4.8300028900851535
97,crod_directional,0.3061820722620557,0,0.0,0.0,0.0,0.0,0.0,0.0,0.30980953183353066,1.0,1.0,1.0,0.3864333333333333,0.9091666666666667,0.04416666666666667,4.117457619608959
97,dino_best_rejected,0.3061820722620557,0,0.0,0.0,0.0,0.0,0.0,0.0,0.3088464094055688,1.0,1.0,1.0,0.32614583333333336,0.7104166666666667,0.011666666666666667,4.172431838020171
97,native_uncertainty_diverse,0.3061820722620557,0,0.0,0.0,0.0,0.0,0.0,0.0,0.30968052365849347,1.0,0.25,0.25,0.0790625,0.9141666666666667,0.67125,4.554779124022566
97,random_rejected,0.3061820722620557,0,0.0,0.0,2.688607764200768e-07,3.36075970525096e-08,0.0,0.0,0.30618180340127926,1.0,0.5,0.5,0.10740833333333333,0.6404166666666666,0.4391666666666667,4.1819025182342
97,rejected_action_diverse,0.3061820722620557,0,0.0,0.0,0.0,0.0,0.0,0.0,0.3095895529409455,1.0,0.5,0.5,0.059455555555555546,0.44583333333333336,0.5083333333333333,4.8300028900851535
98,action_diverse,6.245004513516506e-17,1,0.0,0.0,0.0,0.0,0.0,1.0,6.245004513516506e-17,1.0,0.5,0.5,0.11445972222222223,0.6095833333333334,0.4608333333333334,5.792110791139663
98,crod_directional,6.245004513516506e-17,1,0.0,0.0,0.0,0.0,0.0,1.0,6.245004513516506e-17,1.0,1.0,1.0,0.4539277777777778,0.9495833333333333,0.01375,4.572336847747787
98,dino_best_rejected,6.245004513516506e-17,1,0.0,0.0,0.0,0.0,0.0,1.0,6.245004513516506e-17,1.0,1.0,1.0,0.4487680555555556,0.9349999999999999,0.011666666666666667,4.854922713036377
98,native_uncertainty_diverse,6.245004513516506e-17,1,0.0,0.0,0.0,0.0,0.0,1.0,6.245004513516506e-17,1.0,0.25,0.25,0.028120833333333334,0.30000000000000004,0.5379166666666667,5.178535759838459
98,random_rejected,6.245004513516506e-17,1,0.0,0.0,0.0,0.0,0.0,1.0,6.245004513516506e-17,1.0,0.75,0.75,0.07935555555555557,0.5208333333333333,0.44375,4.732495688773122
98,rejected_action_diverse,6.245004513516506e-17,1,0.0,0.0,0.0,0.0,0.0,1.0,6.245004513516506e-17,1.0,0.5,0.5,0.11445972222222223,0.6095833333333334,0.4608333333333334,5.792110791139663
99,action_diverse,0.024509064961358632,1,0.0,0.0,0.00817660410978489,0.0010220755137231113,0.0,1.0,0.016332460851573742,1.0,0.5,0.5,0.07505833333333334,0.635,0.5791666666666666,4.7956528698575855
99,crod_directional,0.024509064961358632,1,0.0,0.0,0.009755668207149357,0.0012194585258936696,0.0,1.0,0.014753396754209275,1.0,1.0,1.0,0.4269638888888889,0.9091666666666667,0.030833333333333334,4.105639768123245
99,dino_best_rejected,0.024509064961358632,1,0.0,0.0,0.017384491693448575,0.002173061461681072,0.0,1.0,0.007124573267910058,1.0,1.0,1.0,0.34840416666666674,0.7133333333333334,0.011666666666666667,4.187856561912334
99,native_uncertainty_diverse,0.024509064961358632,1,0.0,0.0,0.0097288268667945,0.0012161033583493125,0.0,1.0,0.014780238094564132,1.0,0.625,0.625,0.10461805555555556,0.6441666666666667,0.5045833333333334,4.681529443161619
99,random_rejected,0.024509064961358632,1,0.0,0.0,0.008245414649455808,0.001030676831181976,0.0,1.0,0.016263650311902824,1.0,0.5,0.5,0.05250972222222223,0.45625000000000004,0.5566666666666666,3.8992408576562516
99,rejected_action_diverse,0.024509064961358632,1,0.0,0.0,0.00817660410978489,0.0010220755137231113,0.0,1.0,0.016332460851573742,1.0,0.5,0.5,0.07505833333333334,0.635,0.5791666666666666,4.7956528698575855
100,action_diverse,0.33826963045545494,0,1.0,0.044724785873232475,0.044724785873232475,0.005590598234154059,0.0,0.0,0.29354484458222246,1.0,0.75,0.75,0.10138611111111112,0.5404166666666667,0.42166666666666663,5.8571202791018955
100,crod_directional,0.33826963045545494,0,1.0,0.04498801218405407,0.04498801218405407,0.005623501523006759,0.0,0.0,0.29328161827140087,1.0,1.0,1.0,0.5017638888888889,0.93625,0.019583333333333335,5.0527285236337
100,dino_best_rejected,0.33826963045545494,0,1.0,0.04498801218405407,0.04498801218405407,0.005623501523006759,0.0,0.0,0.29328161827140087,1.0,1.0,1.0,0.44369861111111114,0.8158333333333334,0.011666666666666667,5.129922305541601
100,native_uncertainty_diverse,0.33826963045545494,0,1.0,0.036402942405053096,0.036402942405053096,0.004550367800631637,0.0,0.0,0.30186668805040184,1.0,0.375,0.375,0.06584166666666667,0.6866666666666668,0.6716666666666666,5.713544126090026
100,random_rejected,0.33826963045545494,0,1.0,0.02868563889621678,0.02868563889621678,0.0035857048620270976,0.0,0.0,0.30958399155923816,1.0,0.375,0.375,0.1592527777777778,0.53625,0.5183333333333333,4.852828325495411
100,rejected_action_diverse,0.33826963045545494,0,1.0,0.044724785873232475,0.044724785873232475,0.005590598234154059,0.0,0.0,0.29354484458222246,1.0,0.75,0.75,0.10138611111111112,0.5404166666666667,0.42166666666666663,5.8571202791018955
101,action_diverse,0.02399152656276376,1,0.0,0.0,0.0,0.0,0.0,1.0,0.0350972966368375,1.0,0.75,0.75,0.10848055555555555,0.4508333333333333,0.33458333333333334,6.946315874886201
101,crod_directional,0.02399152656276376,1,0.0,0.0,0.0,0.0,0.0,1.0,0.03065655720850224,1.0,1.0,1.0,0.4134555555555556,0.9375,0.022500000000000003,5.657887888784956
101,dino_best_rejected,0.02399152656276376,1,0.0,0.0,0.0,0.0,0.0,1.0,0.02889673986303436,1.0,1.0,1.0,0.39753055555555555,0.8795833333333334,0.011666666666666667,5.376004714080199
101,native_uncertainty_diverse,0.02399152656276376,1,0.0,0.0,0.0,0.0,0.0,1.0,0.027521673839465445,1.0,0.375,0.375,0.04457777777777777,0.30375,0.4475,5.903900005082395
101,random_rejected,0.02399152656276376,1,0.0,0.0,0.0,0.0,0.0,1.0,0.025352436455319087,1.0,0.375,0.375,0.05963333333333332,0.6120833333333333,0.6062500000000001,5.5457054653468445
101,rejected_action_diverse,0.02399152656276376,1,0.0,0.0,0.0,0.0,0.0,1.0,0.0350972966368375,1.0,0.75,0.75,0.10848055555555555,0.4508333333333333,0.33458333333333334,6.946315874886201
102,action_diverse,0.30781931525253226,0,0.0,0.0,0.017701920221427192,0.002212740027678399,0.0,0.0,0.29011739503110506,1.0,0.5,0.5,0.02761249999999999,0.6408333333333333,0.6191666666666666,4.475164171517873
102,crod_directional,0.30781931525253226,0,1.0,0.07075928162358472,0.07075928162358472,0.00884491020294809,0.0,0.0,0.23706003362894754,1.0,1.0,1.0,0.4235222222222222,0.89125,0.029166666666666664,3.912745405742103
102,dino_best_rejected,0.30781931525253226,0,0.0,0.0,0.019728198012324505,0.002466024751540563,0.0,0.0,0.28809111724020775,1.0,1.0,1.0,0.3076791666666666,0.6229166666666667,0.011666666666666667,3.8647307665779183
102,native_uncertainty_diverse,0.30781931525253226,0,1.0,0.07075928162358472,0.07075928162358472,0.00884491020294809,0.0,0.0,0.23706003362894754,1.0,0.5,0.5,0.18437916666666665,0.8454166666666667,0.32458333333333333,4.327312326619347
102,random_rejected,0.30781931525253226,0,1.0,0.05970158285123936,0.05970158285123936,0.00746269785640492,0.0,0.0,0.2481177324012929,1.0,0.625,0.625,0.08384999999999998,0.6320833333333333,0.4508333333333333,3.6493361165301836
102,rejected_action_diverse,0.30781931525253226,0,0.0,0.0,0.017701920221427192,0.002212740027678399,0.0,0.0,0.29011739503110506,1.0,0.5,0.5,0.02761249999999999,0.6408333333333333,0.6191666666666666,4.475164171517873
103,action_diverse,2.655138063311381e-12,1,0.0,0.0,0.0,0.0,0.0,1.0,2.655138063311381e-12,1.0,0.0,0.0,0.0,0.65125,0.5820833333333333,5.3238424178938475
103,crod_directional,2.655138063311381e-12,1,0.0,0.0,0.0,0.0,0.0,1.0,2.655138063311381e-12,1.0,1.0,1.0,0.006566666666666668,0.2004166666666667,0.01375,4.156552693373859
103,dino_best_rejected,2.655138063311381e-12,1,0.0,0.0,0.0,0.0,0.0,1.0,2.655138063311381e-12,1.0,1.0,1.0,0.006219444444444445,0.16291666666666665,0.012083333333333333,4.268357830730267
103,native_uncertainty_diverse,2.655138063311381e-12,1,0.0,0.0,0.0,0.0,0.0,1.0,2.655138063311381e-12,1.0,0.0,0.0,0.0,0.4745833333333333,0.52875,5.101320134749351
103,random_rejected,2.655138063311381e-12,1,0.0,0.0,0.0,0.0,0.0,1.0,2.655138063311381e-12,1.0,0.0,0.0,0.0,0.48958333333333337,0.5929166666666668,4.326173519559682
103,rejected_action_diverse,2.655138063311381e-12,1,0.0,0.0,0.0,0.0,0.0,1.0,2.655138063311381e-12,1.0,0.0,0.0,0.0,0.65125,0.5820833333333333,5.3238424178938475
104,action_diverse,0.13402738429100525,0,1.0,0.10604085621344783,0.10604085621344783,0.013255107026680979,1.0,1.0,0.027986528077557412,1.0,0.125,0.125,0.005209722222222222,0.4275,0.4695833333333333,5.399630036072552
104,crod_directional,0.13402738429100525,0,1.0,0.10695066321867414,0.10695066321867414,0.013368832902334267,1.0,1.0,0.027076721072331108,1.0,1.0,1.0,0.04344166666666667,0.5825,0.027916666666666666,4.35284784164657
104,dino_best_rejected,0.13402738429100525,0,1.0,0.11158062967981866,0.11158062967981866,0.013947578709977333,1.0,1.0,0.022446754611186594,1.0,1.0,1.0,0.02925138888888889,0.3220833333333334,0.011666666666666667,4.218109483395967
104,native_uncertainty_diverse,0.13402738429100525,0,1.0,0.09623209126241364,0.09623209126241364,0.012029011407801705,1.0,1.0,0.03779529302859161,1.0,0.0,0.0,0.0,0.3108333333333333,0.3729166666666667,5.330559218286604
104,random_rejected,0.13402738429100525,0,1.0,0.09825080412400279,0.09825080412400279,0.012281350515500349,1.0,1.0,0.035776580167002456,1.0,0.125,0.125,0.0015444444444444446,0.5966666666666667,0.6308333333333334,4.707749195953851
104,rejected_action_diverse,0.13402738429100525,0,1.0,0.10604085621344783,0.10604085621344783,0.013255107026680979,1.0,1.0,0.027986528077557412,1.0,0.125,0.125,0.005209722222222222,0.4275,0.4695833333333333,5.399630036072552
105,action_diverse,0.24250640644242594,0,0.0,0.0,0.0,0.0,0.0,0.0,0.24250640644242594,1.0,0.375,0.375,0.029943055555555556,0.5291666666666667,0.49874999999999997,6.72126938067526
105,crod_directional,0.24250640644242594,0,0.0,0.0,0.0,0.0,0.0,0.0,0.24250640644242594,1.0,1.0,1.0,0.30670694444444446,0.8587499999999999,0.029166666666666667,5.511997614892673
105,dino_best_rejected,0.24250640644242594,0,0.0,0.0,0.0,0.0,0.0,0.0,0.24250640644242594,1.0,1.0,1.0,0.27879305555555556,0.7433333333333334,0.011666666666666667,5.306313004097236
105,native_uncertainty_diverse,0.24250640644242594,0,0.0,0.0,0.0,0.0,0.0,0.0,0.24250640644242594,1.0,0.125,0.125,0.01738333333333333,0.38999999999999996,0.5879166666666666,5.633522661767793
105,random_rejected,0.24250640644242594,0,0.0,0.0,0.0,0.0,0.0,0.0,0.24250640644242594,1.0,0.5,0.5,0.07267083333333332,0.6258333333333334,0.46458333333333335,5.7497997371661125
105,rejected_action_diverse,0.24250640644242594,0,0.0,0.0,0.0,0.0,0.0,0.0,0.24250640644242594,1.0,0.375,0.375,0.029943055555555556,0.5291666666666667,0.49874999999999997,6.72126938067526
106,action_diverse,0.03168315394692796,1,0.0,0.0,0.01020941562520665,0.0012761769531508312,0.0,1.0,0.02147373832172131,1.0,0.25,0.25,0.0033250000000000007,0.48291666666666666,0.5254166666666666,6.037726118435263
106,crod_directional,0.03168315394692796,1,0.0,0.0,0.009128444853802466,0.0011410556067253082,0.0,1.0,0.022554709093125493,1.0,1.0,1.0,0.11081388888888888,0.59125,0.0475,4.261828222439239
106,dino_best_rejected,0.03168315394692796,1,0.0,0.0,0.012069387194629456,0.001508673399328682,0.0,1.0,0.019613766752298502,1.0,1.0,1.0,0.04297222222222222,0.19708333333333333,0.011666666666666667,4.473896298118063
106,native_uncertainty_diverse,0.03168315394692796,1,0.0,0.0,0.0077530165421763955,0.0009691270677720494,0.0,1.0,0.023930137404751563,1.0,0.375,0.375,0.007388888888888889,0.44333333333333336,0.5058333333333334,5.639539250284993
106,random_rejected,0.03168315394692796,1,0.0,0.0,0.0073329507001984595,0.0009166188375248074,0.0,1.0,0.0243502032467295,1.0,0.375,0.375,0.010638888888888887,0.34833333333333333,0.36,4.787748076408009
106,rejected_action_diverse,0.03168315394692796,1,0.0,0.0,0.01020941562520665,0.0012761769531508312,0.0,1.0,0.02147373832172131,1.0,0.25,0.25,0.0033250000000000007,0.48291666666666666,0.5254166666666666,6.037726118435263
107,action_diverse,0.03670834159691637,1,1.0,0.02658707789366519,0.02658707789366519,0.003323384736708149,0.0,1.0,0.010121263703251178,1.0,0.875,0.875,0.14652361111111112,0.47250000000000003,0.3470833333333333,5.776806850858534
107,crod_directional,0.03670834159691637,1,0.0,0.0,0.019687650376621568,0.002460956297077696,0.0,1.0,0.0170206912202948,1.0,1.0,1.0,0.5024111111111111,0.9379166666666667,0.02375,4.281461565954574
107,dino_best_rejected,0.03670834159691637,1,0.0,0.0,0.019687650376621568,0.002460956297077696,0.0,1.0,0.0170206912202948,1.0,1.0,1.0,0.4712819444444445,0.8595833333333334,0.011666666666666667,4.013735182491297
107,native_uncertainty_diverse,0.03670834159691637,1,1.0,0.02658707789366519,0.02658707789366519,0.003323384736708149,0.0,1.0,0.010121263703251178,1.0,0.625,0.625,0.08835833333333336,0.65,0.5,5.523743093991152
107,random_rejected,0.03670834159691637,1,1.0,0.028898366159040442,0.028898366159040442,0.0036122957698800553,0.0,1.0,0.007809975437875926,1.0,0.75,0.75,0.14865833333333334,0.61375,0.41791666666666666,4.271470414269805
107,rejected_action_diverse,0.03670834159691637,1,1.0,0.02658707789366519,0.02658707789366519,0.003323384736708149,0.0,1.0,0.010121263703251178,1.0,0.875,0.875,0.14652361111111112,0.47250000000000003,0.3470833333333333,5.776806850858534
108,action_diverse,0.03269441237731416,1,0.0,0.0,0.015711113895814897,0.001963889236976862,0.0,1.0,0.01698329848149926,1.0,0.125,0.125,0.01377222222222222,0.50375,0.5408333333333334,5.315679499468012
108,crod_directional,0.03269441237731416,1,0.0,0.0,0.014905195188778426,0.0018631493985973033,0.0,1.0,0.01778921718853573,1.0,1.0,1.0,0.24824444444444443,0.9041666666666667,0.024999999999999998,4.129458316740616
108,dino_best_rejected,0.03269441237731416,1,0.0,0.0,0.014905195188778426,0.0018631493985973033,0.0,1.0,0.01778921718853573,1.0,1.0,1.0,0.21400833333333333,0.7416666666666667,0.011666666666666667,4.1801064181209835
108,native_uncertainty_diverse,0.03269441237731416,1,0.0,0.0,0.012425242560512403,0.0015531553200640504,0.0,1.0,0.020269169816801755,1.0,0.125,0.125,4.9999999999999975e-05,0.41833333333333333,0.6195833333333334,4.805543606240125
108,random_rejected,0.03269441237731416,1,0.0,0.0,0.014616267283638115,0.0018270334104547644,0.0,1.0,0.018078145093676043,1.0,0.5,0.5,0.004823611111111108,0.5608333333333334,0.5020833333333333,4.149795844553303
108,rejected_action_diverse,0.03269441237731416,1,0.0,0.0,0.015711113895814897,0.001963889236976862,0.0,1.0,0.01698329848149926,1.0,0.125,0.125,0.01377222222222222,0.50375,0.5408333333333334,5.315679499468012
109,action_diverse,0.03387332595997643,1,0.0,0.0,0.00659685450605468,0.000824606813256835,0.0,1.0,0.027276471453921747,1.0,0.0,0.0,0.0,0.4129166666666667,0.4079166666666667,5.48693556620873
109,crod_directional,0.03387332595997643,1,0.0,0.0,0.0073525377184047724,0.0009190672148005966,0.0,1.0,0.026520788241571655,1.0,1.0,1.0,0.007804166666666668,0.3725,0.022083333333333333,4.396298302868623
109,dino_best_rejected,0.03387332595997643,1,0.0,0.0,0.00810442361657725,0.0010130529520721563,0.0,1.0,0.025768902343399177,1.0,1.0,1.0,0.005186111111111111,0.1725,0.011666666666666667,4.596540923660921
109,native_uncertainty_diverse,0.03387332595997643,1,0.0,0.0,0.00810442361657725,0.0010130529520721563,0.0,1.0,0.025768902343399177,1.0,0.25,0.25,0.0005250000000000001,0.31333333333333335,0.15958333333333333,5.226295671319322
109,random_rejected,0.03387332595997643,1,0.0,0.0,0.01070230166200552,0.00133778770775069,0.0,1.0,0.023171024297970907,1.0,0.25,0.25,0.0019777777777777775,0.485,0.40291666666666665,4.664928395380102
109,rejected_action_diverse,0.03387332595997643,1,0.0,0.0,0.00659685450605468,0.000824606813256835,0.0,1.0,0.027276471453921747,1.0,0.0,0.0,0.0,0.4129166666666667,0.4079166666666667,5.48693556620873
110,action_diverse,0.03935894379291609,1,0.0,0.0,0.016376611019909382,0.002047076377488673,0.0,1.0,0.022982332773006705,1.0,0.25,0.25,0.04387222222222223,0.4291666666666667,0.5983333333333334,7.830107952800712
110,crod_directional,0.03935894379291609,1,0.0,0.0,0.0170690883485674,0.002133636043570925,0.0,1.0,0.022289855444348687,1.0,1.0,1.0,0.33977500000000005,0.9308333333333334,0.04541666666666667,6.79042969721591
110,dino_best_rejected,0.03935894379291609,1,0.0,0.0,0.011924107072309769,0.0014905133840387211,0.0,1.0,0.02743483672060632,1.0,1.0,1.0,0.25922777777777783,0.6520833333333333,0.011666666666666667,6.757508329590706
110,native_uncertainty_diverse,0.03935894379291609,1,0.0,0.0,0.010690250569553528,0.001336281321194191,0.0,1.0,0.02866869322336256,1.0,0.375,0.375,0.07369583333333334,0.47708333333333336,0.5225000000000001,7.4042337226635855
110,random_rejected,0.03935894379291609,1,1.0,0.023754036493051127,0.023754036493051127,0.002969254561631391,0.0,1.0,0.015604907299864962,1.0,0.375,0.375,0.060694444444444454,0.5708333333333333,0.5079166666666666,6.128825185021235
110,rejected_action_diverse,0.03935894379291609,1,0.0,0.0,0.016376611019909382,0.002047076377488673,0.0,1.0,0.022982332773006705,1.0,0.25,0.25,0.04387222222222223,0.4291666666666667,0.5983333333333334,7.830107952800712
111,action_diverse,0.013535032375776343,1,0.0,0.0,0.0036165789663079196,0.00045207237078848995,0.0,1.0,0.009918453409468423,1.0,0.5,0.5,0.15988333333333332,0.5670833333333333,0.53,5.609537475832964
111,crod_directional,0.013535032375776343,1,0.0,0.0,0.0,0.0,0.0,1.0,0.015474548499935152,1.0,1.0,1.0,0.42117777777777776,0.8887499999999999,0.03666666666666667,5.200274875904265
111,dino_best_rejected,0.013535032375776343,1,0.0,0.0,0.0015050240316191246,0.00018812800395239058,0.0,1.0,0.012030008344157218,1.0,1.0,1.0,0.33126944444444445,0.6629166666666666,0.011666666666666667,4.83518160496933
111,native_uncertainty_diverse,0.013535032375776343,1,0.0,0.0,0.0,0.0,0.0,1.0,0.022387126093307865,1.0,0.5,0.5,0.018819444444444437,0.4225,0.5954166666666667,5.098490578190621
111,random_rejected,0.013535032375776343,1,0.0,0.0,4.9384391045155865e-05,6.173048880644483e-06,0.0,1.0,0.013485647984731187,1.0,0.625,0.625,0.08555972222222222,0.5966666666666667,0.45333333333333337,4.300780781795403
111,rejected_action_diverse,0.013535032375776343,1,0.0,0.0,0.0036165789663079196,0.00045207237078848995,0.0,1.0,0.009918453409468423,1.0,0.5,0.5,0.15988333333333332,0.5670833333333333,0.53,5.609537475832964
112,action_diverse,0.025793633296248803,1,0.0,0.0,0.013878489786905828,0.0017348112233632285,0.0,1.0,0.011915143509342975,1.0,0.0,0.0,0.0,0.72125,0.7420833333333333,6.996966925041587
112,crod_directional,0.025793633296248803,1,0.0,0.0,0.017113533233369393,0.002139191654171174,0.0,1.0,0.00868010006287941,1.0,1.0,1.0,0.08350972222222222,0.6008333333333333,0.03333333333333333,5.864340646190158
112,dino_best_rejected,0.025793633296248803,1,0.0,0.0,0.01220887129787168,0.00152610891223396,0.0,1.0,0.013584761998377123,1.0,1.0,1.0,0.06315833333333333,0.3804166666666667,0.011666666666666667,5.704300858442686
112,native_uncertainty_diverse,0.025793633296248803,1,0.0,0.0,0.013198391556051191,0.001649798944506399,0.0,1.0,0.012595241740197612,1.0,0.25,0.25,0.008705555555555555,0.57875,0.43833333333333335,7.302956929043313
112,random_rejected,0.025793633296248803,1,1.0,0.02090010422490774,0.02090010422490774,0.0026125130281134676,0.0,1.0,0.00489352907134106,1.0,0.0,0.0,0.0,0.6179166666666667,0.6991666666666667,5.317407243591256
112,rejected_action_diverse,0.025793633296248803,1,0.0,0.0,0.013878489786905828,0.0017348112233632285,0.0,1.0,0.011915143509342975,1.0,0.0,0.0,0.0,0.72125,0.7420833333333333,6.996966925041587
113,action_diverse,0.03284328634300828,1,0.0,0.0,0.01904239060622117,0.0023802988257776462,0.0,1.0,0.013800895736787113,1.0,0.25,0.25,0.04564166666666665,0.8095833333333333,0.6429166666666667,5.249527306045804
113,crod_directional,0.03284328634300828,1,0.0,0.0,0.0022160684603322843,0.00027700855754153554,0.0,1.0,0.030627217882675997,1.0,1.0,1.0,0.2604319444444444,0.8258333333333334,0.07125,4.349931686167986
113,dino_best_rejected,0.03284328634300828,1,0.0,0.0,0.0026537420794488092,0.00033171775993110116,0.0,1.0,0.03018954426355947,1.0,1.0,1.0,0.19668055555555553,0.52125,0.011666666666666667,4.257109641964976
113,native_uncertainty_diverse,0.03284328634300828,1,0.0,0.0,0.0013665744713408368,0.0001708218089176046,0.0,1.0,0.031476711871667444,1.0,0.25,0.25,0.02301805555555555,0.3816666666666667,0.5204166666666666,4.9178187785507825
113,random_rejected,0.03284328634300828,1,0.0,0.0,0.0,0.0,0.0,1.0,0.03496446845103916,1.0,0.25,0.25,0.028288888888888888,0.6125,0.6066666666666667,4.1650301266153225
113,rejected_action_diverse,0.03284328634300828,1,0.0,0.0,0.01904239060622117,0.0023802988257776462,0.0,1.0,0.013800895736787113,1.0,0.25,0.25,0.04564166666666665,0.8095833333333333,0.6429166666666667,5.249527306045804
114,action_diverse,0.10590674821641617,0,1.0,0.06678806365836332,0.06678806365836332,0.008348507957295415,1.0,1.0,0.03911868455805285,1.0,0.0,0.0,0.0,0.4666666666666667,0.6725,5.32615297608897
114,crod_directional,0.10590674821641617,0,1.0,0.04666783372766387,0.04666783372766387,0.005833479215957984,0.0,0.0,0.0592389144887523,1.0,1.0,1.0,0.16839583333333336,0.7320833333333333,0.06291666666666666,3.95233573357343
114,dino_best_rejected,0.10590674821641617,0,1.0,0.06311384957943064,0.06311384957943064,0.00788923119742883,0.0,0.0,0.04279289863698552,1.0,1.0,1.0,0.12683055555555556,0.45208333333333334,0.011666666666666667,3.8982001271929816
114,native_uncertainty_diverse,0.10590674821641617,0,1.0,0.05109635714029836,0.05109635714029836,0.006387044642537295,0.0,0.0,0.05481039107611781,1.0,0.375,0.375,0.021143055555555557,0.7,0.4658333333333333,4.661507716457771
114,random_rejected,0.10590674821641617,0,1.0,0.05697668537235909,0.05697668537235909,0.007122085671544886,0.0,0.0,0.048930062844057085,1.0,0.25,0.25,0.009480555555555555,0.5729166666666666,0.4858333333333333,3.7577692330618335
114,rejected_action_diverse,0.10590674821641617,0,1.0,0.06678806365836332,0.06678806365836332,0.008348507957295415,1.0,1.0,0.03911868455805285,1.0,0.0,0.0,0.0,0.4666666666666667,0.6725,5.32615297608897
115,action_diverse,9.99788899563571e-08,1,0.0,0.0,0.0,0.0,0.0,1.0,9.99788899563571e-08,1.0,0.25,0.25,0.026131944444444444,0.6516666666666667,0.5629166666666666,5.708973055417111
115,crod_directional,9.99788899563571e-08,1,0.0,0.0,0.0,0.0,0.0,1.0,9.99788899563571e-08,1.0,1.0,1.0,0.28004583333333327,0.90375,0.05625000000000001,5.042128415282868
115,dino_best_rejected,9.99788899563571e-08,1,0.0,0.0,0.0,0.0,0.0,1.0,9.99788899563571e-08,1.0,1.0,1.0,0.1579125,0.44708333333333333,0.011666666666666667,4.769561173889051
115,native_uncertainty_diverse,9.99788899563571e-08,1,0.0,0.0,0.0,0.0,0.0,1.0,9.99788899563571e-08,1.0,0.625,0.625,0.08072361111111111,0.5029166666666667,0.3929166666666667,5.300129136825774
115,random_rejected,9.99788899563571e-08,1,0.0,0.0,0.0,0.0,0.0,1.0,9.99788899563571e-08,1.0,0.25,0.25,0.015518055555555554,0.42125,0.6654166666666667,5.041175546931218
115,rejected_action_diverse,9.99788899563571e-08,1,0.0,0.0,0.0,0.0,0.0,1.0,9.99788899563571e-08,1.0,0.25,0.25,0.026131944444444444,0.6516666666666667,0.5629166666666666,5.708973055417111
116,action_diverse,0.12634408065150435,0,1.0,0.08646647266263709,0.08646647266263709,0.010808309082829636,1.0,1.0,0.03987760798886726,1.0,0.375,0.375,0.12048333333333333,0.7391666666666666,0.50125,9.001424659541172
116,crod_directional,0.12634408065150435,0,0.0,0.0,0.017400396507069246,0.0021750495633836558,0.0,0.0,0.1089436841444351,1.0,1.0,1.0,0.4389430555555556,0.9666666666666667,0.019166666666666665,7.60744704227941
116,dino_best_rejected,0.12634408065150435,0,1.0,0.09039342279908036,0.09039342279908036,0.011299177849885045,1.0,1.0,0.035950657852423996,1.0,1.0,1.0,0.41733611111111113,0.9041666666666667,0.011666666666666667,7.813928262173979
116,native_uncertainty_diverse,0.12634408065150435,0,1.0,0.06551293157176466,0.06551293157176466,0.008189116446470582,0.0,0.0,0.06083114907973969,1.0,0.5,0.5,0.11694444444444443,0.6045833333333333,0.37625,8.37309268741408
116,random_rejected,0.12634408065150435,0,1.0,0.09039342279908036,0.09039342279908036,0.011299177849885045,1.0,1.0,0.035950657852423996,1.0,0.375,0.375,0.06411944444444444,0.6066666666666667,0.5387500000000001,6.336818794961367
116,rejected_action_diverse,0.12634408065150435,0,1.0,0.08646647266263709,0.08646647266263709,0.010808309082829636,1.0,1.0,0.03987760798886726,1.0,0.375,0.375,0.12048333333333333,0.7391666666666666,0.50125,9.001424659541172
117,action_diverse,0.03542351694569638,1,0.0,0.0,0.009134244462339167,0.0011417805577923958,0.0,1.0,0.02628927248335721,1.0,0.25,0.25,0.03855416666666665,0.5812499999999999,0.45499999999999996,5.790983735605179
117,crod_directional,0.03542351694569638,1,0.0,0.0,0.004924017314846287,0.0006155021643557859,0.0,1.0,0.03049949963085009,1.0,1.0,1.0,0.2691819444444444,0.8416666666666667,0.04166666666666667,4.036506000731316
117,dino_best_rejected,0.03542351694569638,1,0.0,0.0,0.004924017314846287,0.0006155021643557859,0.0,1.0,0.03049949963085009,1.0,1.0,1.0,0.17833749999999998,0.5083333333333333,0.011666666666666667,4.334959466453177
117,native_uncertainty_diverse,0.03542351694569638,1,0.0,0.0,0.009134244462339167,0.0011417805577923958,0.0,1.0,0.02628927248335721,1.0,0.625,0.625,0.022898611111111106,0.5241666666666667,0.4666666666666667,4.855005132815234
117,random_rejected,0.03542351694569638,1,0.0,0.0,0.0030069341109238285,0.00037586676386547856,0.0,1.0,0.03241658283477255,1.0,0.5,0.5,0.04471527777777777,0.51125,0.45875,4.867883344699848
117,rejected_action_diverse,0.03542351694569638,1,0.0,0.0,0.009134244462339167,0.0011417805577923958,0.0,1.0,0.02628927248335721,1.0,0.25,0.25,0.03855416666666665,0.5812499999999999,0.45499999999999996,5.790983735605179
118,action_diverse,0.19056494417981407,0,1.0,0.05132828379668783,0.05132828379668783,0.006416035474585979,0.0,0.0,0.13923666038312624,1.0,0.25,0.25,0.045879166666666665,0.55125,0.6804166666666667,5.37997142163182
118,crod_directional,0.19056494417981407,0,1.0,0.04562607366425478,0.04562607366425478,0.005703259208031847,0.0,0.0,0.1449388705155593,1.0,1.0,1.0,0.4278666666666666,0.9183333333333333,0.020416666666666666,4.376768712650218
118,dino_best_rejected,0.19056494417981407,0,1.0,0.04562607366425478,0.04562607366425478,0.005703259208031847,0.0,0.0,0.1449388705155593,1.0,1.0,1.0,0.37982777777777776,0.7991666666666667,0.011666666666666667,4.457276790255145
118,native_uncertainty_diverse,0.19056494417981407,0,1.0,0.06324239192145048,0.06324239192145048,0.00790529899018131,0.0,0.0,0.12732255225836359,1.0,0.5,0.5,0.07748333333333332,0.8308333333333333,0.5125,5.430342634037977
118,random_rejected,0.19056494417981407,0,1.0,0.04463383573755872,0.04463383573755872,0.00557922946719484,0.0,0.0,0.14593110844225535,1.0,0.625,0.625,0.09942222222222222,0.5229166666666667,0.39625,4.30537191253741
118,rejected_action_diverse,0.19056494417981407,0,1.0,0.05132828379668783,0.05132828379668783,0.006416035474585979,0.0,0.0,0.13923666038312624,1.0,0.25,0.25,0.045879166666666665,0.55125,0.6804166666666667,5.37997142163182
119,action_diverse,0.029362170802234633,1,0.0,0.0,0.00459863001342414,0.0005748287516780175,0.0,1.0,0.024763540788810493,1.0,0.375,0.375,0.013186111111111112,0.41708333333333336,0.49375,5.7847372550752745
119,crod_directional,0.029362170802234633,1,0.0,0.0,0.0,0.0,0.0,1.0,0.030573943454277178,1.0,1.0,1.0,0.08204722222222222,0.45375000000000004,0.04541666666666666,4.389354087995647
119,dino_best_rejected,0.029362170802234633,1,0.0,0.0,0.00826230958181422,0.0010327886977267776,0.0,1.0,0.021099861220420412,1.0,1.0,1.0,0.05531666666666667,0.255,0.011666666666666667,4.5010950374200265
119,native_uncertainty_diverse,0.029362170802234633,1,0.0,0.0,0.0049131026138394505,0.0006141378267299313,0.0,1.0,0.024449068188395182,1.0,0.625,0.625,0.0103,0.24124999999999996,0.31875,5.451209883212449
119,random_rejected,0.029362170802234633,1,0.0,0.0,0.0,0.0,0.0,1.0,0.031903376027425275,1.0,0.375,0.375,0.018252777777777777,0.48458333333333337,0.42624999999999996,4.343523289845231
119,rejected_action_diverse,0.029362170802234633,1,0.0,0.0,0.00459863001342414,0.0005748287516780175,0.0,1.0,0.024763540788810493,1.0,0.375,0.375,0.013186111111111112,0.41708333333333336,0.49375,5.7847372550752745
120,action_diverse,0.0029950352430242696,1,0.0,0.0,0.0014236642298872595,0.00017795802873590743,0.0,1.0,0.0015713710131370102,1.0,0.625,0.625,0.12715416666666668,0.5675,0.38125000000000003,6.305932718509801
120,crod_directional,0.0029950352430242696,1,0.0,0.0,0.002762400635444475,0.0003453000794305594,0.0,1.0,0.00023263460757979424,1.0,1.0,1.0,0.3070208333333333,0.8066666666666666,0.04791666666666667,4.874630524918942
120,dino_best_rejected,0.0029950352430242696,1,0.0,0.0,0.0027833430306955305,0.0003479178788369413,0.0,1.0,0.00021169221232873896,1.0,1.0,1.0,0.24056111111111111,0.5770833333333334,0.011666666666666667,4.62295365953852
120,native_uncertainty_diverse,0.0029950352430242696,1,0.0,0.0,0.002119199449682921,0.00026489993121036514,0.0,1.0,0.0008758357933413486,1.0,0.625,0.625,0.10574166666666665,0.7416666666666667,0.38208333333333333,6.157905089177913
120,random_rejected,0.0029950352430242696,1,0.0,0.0,0.0013070077114928542,0.00016337596393660678,0.0,1.0,0.0016880275315314154,1.0,0.5,0.5,0.06189305555555555,0.4908333333333333,0.4575,4.477932844636985
120,rejected_action_diverse,0.0029950352430242696,1,0.0,0.0,0.0014236642298872595,0.00017795802873590743,0.0,1.0,0.0015713710131370102,1.0,0.625,0.625,0.12715416666666668,0.5675,0.38125000000000003,6.305932718509801
121,action_diverse,0.017853487937429118,1,0.0,0.0,0.0073815588237244635,0.0009226948529655579,0.0,1.0,0.010471929113704655,1.0,0.125,0.125,0.0008611111111111111,0.49416666666666664,0.4691666666666667,8.444309491815481
121,crod_directional,0.017853487937429118,1,0.0,0.0,0.004053553841129549,0.0005066942301411937,0.0,1.0,0.013799934096299569,1.0,1.0,1.0,0.08243472222222223,0.7454166666666666,0.031249999999999997,5.438315492523991
121,dino_best_rejected,0.017853487937429118,1,0.0,0.0,0.0037248171218753467,0.00046560214023441833,0.0,1.0,0.014128670815553772,1.0,1.0,1.0,0.05534722222222222,0.4391666666666667,0.015,6.166131148979945
121,native_uncertainty_diverse,0.017853487937429118,1,0.0,0.0,0.00476768733003983,0.0005959609162549788,0.0,1.0,0.013085800607389288,1.0,0.125,0.125,0.0020499999999999997,0.4429166666666667,0.5391666666666667,7.424283410502049
121,random_rejected,0.017853487937429118,1,0.0,0.0,0.0034294202067776582,0.0004286775258472073,0.0,1.0,0.01442406773065146,1.0,0.0,0.0,0.0,0.4179166666666666,0.6275,6.121158675418769
121,rejected_action_diverse,0.017853487937429118,1,0.0,0.0,0.0073815588237244635,0.0009226948529655579,0.0,1.0,0.010471929113704655,1.0,0.125,0.125,0.0008611111111111111,0.49416666666666664,0.4691666666666667,8.444309491815481
122,action_diverse,0.3614833853155724,0,1.0,0.049630960976230376,0.049630960976230376,0.006203870122028797,0.0,0.0,0.311852424339342,1.0,0.25,0.25,0.05937916666666667,0.5929166666666668,0.44791666666666663,9.143314962714548
122,crod_directional,0.3614833853155724,0,1.0,0.03846208008289165,0.03846208008289165,0.004807760010361456,0.0,0.0,0.32302130523268074,1.0,1.0,1.0,0.2919583333333333,0.8670833333333333,0.035,6.630330010576535
122,dino_best_rejected,0.3614833853155724,0,1.0,0.03846208008289165,0.03846208008289165,0.004807760010361456,0.0,0.0,0.32302130523268074,1.0,1.0,1.0,0.2390375,0.66,0.011666666666666667,6.908603995814869
122,native_uncertainty_diverse,0.3614833853155724,0,1.0,0.05354674611603455,0.05354674611603455,0.006693343264504319,0.0,0.0,0.30793663919953784,1.0,0.375,0.375,0.02813888888888889,0.38708333333333333,0.46749999999999997,7.972918902112275
122,random_rejected,0.3614833853155724,0,1.0,0.049630960976230376,0.049630960976230376,0.006203870122028797,0.0,0.0,0.311852424339342,1.0,0.5,0.5,0.053701388888888896,0.8158333333333334,0.46875,5.962000292793645
122,rejected_action_diverse,0.3614833853155724,0,1.0,0.049630960976230376,0.049630960976230376,0.006203870122028797,0.0,0.0,0.311852424339342,1.0,0.25,0.25,0.05937916666666667,0.5929166666666668,0.44791666666666663,9.143314962714548
123,action_diverse,0.24953416832570002,0,0.0,0.0,0.0017067674994056259,0.00021334593742570324,0.0,0.0,0.2478274008262944,1.0,0.75,0.75,0.12993333333333335,0.6358333333333334,0.3995833333333333,6.232528464301975
123,crod_directional,0.24953416832570002,0,0.0,0.0,0.0005370741716299587,6.713427145374484e-05,0.0,0.0,0.24899709415407006,1.0,1.0,1.0,0.4502513888888889,0.90125,0.05249999999999999,5.419993175108642
123,dino_best_rejected,0.24953416832570002,0,0.0,0.0,0.0012275777587729686,0.00015344721984662107,0.0,0.0,0.24830659056692705,1.0,1.0,1.0,0.3038430555555556,0.5583333333333333,0.011666666666666667,4.992875009611453
123,native_uncertainty_diverse,0.24953416832570002,0,0.0,0.0,0.004870055744764373,0.0006087569680955467,0.0,0.0,0.24466411258093565,1.0,0.625,0.625,0.13794166666666666,0.82125,0.44166666666666665,5.868503625041987
123,random_rejected,0.24953416832570002,0,0.0,0.0,0.0027305772305345477,0.00034132215381681846,0.0,0.0,0.24680359109516548,1.0,0.75,0.75,0.04075694444444444,0.38666666666666666,0.49083333333333334,5.559087973298224
123,rejected_action_diverse,0.24953416832570002,0,0.0,0.0,0.0017067674994056259,0.00021334593742570324,0.0,0.0,0.2478274008262944,1.0,0.75,0.75,0.12993333333333335,0.6358333333333334,0.3995833333333333,6.232528464301975
124,action_diverse,4.990570594625103e-12,1,0.0,0.0,0.0,0.0,0.0,1.0,4.990570594625103e-12,1.0,0.25,0.25,0.021227777777777776,0.585,0.5345833333333334,5.663126819634218
124,crod_directional,4.990570594625103e-12,1,0.0,0.0,0.0,0.0,0.0,1.0,4.990570594625103e-12,1.0,1.0,1.0,0.12751527777777777,0.6479166666666667,0.045416666666666675,4.889564287055407
124,dino_best_rejected,4.990570594625103e-12,1,0.0,0.0,0.0,0.0,0.0,1.0,4.990570594625103e-12,1.0,1.0,1.0,0.047155555555555555,0.20166666666666666,0.011666666666666667,4.616043190359573
124,native_uncertainty_diverse,4.990570594625103e-12,1,0.0,0.0,0.0,0.0,0.0,1.0,4.990570594625103e-12,1.0,0.125,0.125,0.0038000000000000004,0.47541666666666665,0.6325000000000001,5.2822150874433165
124,random_rejected,4.990570594625103e-12,1,0.0,0.0,0.0,0.0,0.0,1.0,4.990570594625103e-12,1.0,0.25,0.25,0.013961111111111112,0.5404166666666667,0.49624999999999997,4.0362913172770565
124,rejected_action_diverse,4.990570594625103e-12,1,0.0,0.0,0.0,0.0,0.0,1.0,4.990570594625103e-12,1.0,0.25,0.25,0.021227777777777776,0.585,0.5345833333333334,5.663126819634218
125,action_diverse,7.886435132783212e-08,1,0.0,0.0,0.0,0.0,0.0,1.0,7.886435132783212e-08,1.0,0.125,0.125,0.006444444444444441,0.5225,0.6020833333333333,5.266914453033347
125,crod_directional,7.886435132783212e-08,1,0.0,0.0,0.0,0.0,0.0,1.0,7.886435132783212e-08,1.0,1.0,1.0,0.16729999999999998,0.6558333333333334,0.08458333333333333,4.27349259536356
125,dino_best_rejected,7.886435132783212e-08,1,0.0,0.0,0.0,0.0,0.0,1.0,7.886435132783212e-08,1.0,1.0,1.0,0.0626361111111111,0.18958333333333333,0.011666666666666667,4.173830264010201
125,native_uncertainty_diverse,7.886435132783212e-08,1,0.0,0.0,0.0,0.0,0.0,1.0,7.886435132783212e-08,1.0,0.25,0.25,0.014840277777777777,0.43875,0.5241666666666667,4.97950621601667
125,random_rejected,7.886435132783212e-08,1,0.0,0.0,0.0,0.0,0.0,1.0,7.886435132783212e-08,1.0,0.25,0.25,0.019719444444444442,0.46916666666666673,0.5316666666666667,4.088583388192751
125,rejected_action_diverse,7.886435132783212e-08,1,0.0,0.0,0.0,0.0,0.0,1.0,7.886435132783212e-08,1.0,0.125,0.125,0.006444444444444441,0.5225,0.6020833333333333,5.266914453033347
126,action_diverse,4.5150281571255496e-10,1,0.0,0.0,0.0,0.0,0.0,1.0,4.5150281571255496e-10,1.0,0.25,0.25,0.01683611111111111,0.5695833333333333,0.6170833333333334,5.837086028347477
126,crod_directional,4.5150281571255496e-10,1,0.0,0.0,0.0,0.0,0.0,1.0,4.5150281571255496e-10,1.0,1.0,1.0,0.39392638888888887,0.8720833333333333,0.025416666666666664,4.829202736039201
126,dino_best_rejected,4.5150281571255496e-10,1,0.0,0.0,0.0,0.0,0.0,1.0,4.5150281571255496e-10,1.0,1.0,1.0,0.3683,0.79,0.011666666666666667,4.820935784618358
126,native_uncertainty_diverse,4.5150281571255496e-10,1,0.0,0.0,0.0,0.0,0.0,1.0,4.5150281571255496e-10,1.0,0.25,0.25,0.04058888888888889,0.41375,0.5349999999999999,5.182493836748568
126,random_rejected,4.5150281571255496e-10,1,0.0,0.0,0.0,0.0,0.0,1.0,4.5150281571255496e-10,1.0,0.25,0.25,0.013526388888888886,0.5495833333333333,0.62125,4.650268729496165
126,rejected_action_diverse,4.5150281571255496e-10,1,0.0,0.0,0.0,0.0,0.0,1.0,4.5150281571255496e-10,1.0,0.25,0.25,0.01683611111111111,0.5695833333333333,0.6170833333333334,5.837086028347477
127,action_diverse,0.01705014704505854,1,0.0,0.0,0.0,0.0,0.0,1.0,0.01705014704505854,1.0,0.25,0.25,0.03581388888888888,0.5216666666666666,0.6187499999999999,4.604714075359544
127,crod_directional,0.01705014704505854,1,0.0,0.0,0.0,0.0,0.0,1.0,0.01705014704505854,1.0,1.0,1.0,0.38469722222222213,0.8966666666666667,0.029583333333333333,4.186294395086913
127,dino_best_rejected,0.01705014704505854,1,0.0,0.0,0.0,0.0,0.0,1.0,0.01705014704505854,1.0,1.0,1.0,0.31284583333333327,0.6975,0.011666666666666667,3.9928873180418876
127,native_uncertainty_diverse,0.01705014704505854,1,0.0,0.0,0.0,0.0,0.0,1.0,0.01705014704505854,1.0,0.375,0.375,0.03758888888888889,0.2554166666666666,0.49416666666666664,4.353157512157788
127,random_rejected,0.01705014704505854,1,0.0,0.0,0.0,0.0,0.0,1.0,0.01705014704505854,1.0,0.5,0.5,0.09129583333333334,0.5791666666666667,0.48083333333333333,3.860925389971109
127,rejected_action_diverse,0.01705014704505854,1,0.0,0.0,0.0,0.0,0.0,1.0,0.01705014704505854,1.0,0.25,0.25,0.03581388888888888,0.5216666666666666,0.6187499999999999,4.604714075359544
