dataset,task,model,regime,n_transitions,n_boundary,boundary_threshold,mean_boundary_score,bb,bb_lo,bb_hi,bb_boundary,bb_boundary_lo,bb_boundary_hi,status
droid,all,dino_wm_droid,contact_manipulation,415,41,322.73426818847656,196.46539306640625,0.31053453088739813,0.24257416698357345,0.3754329979289266,0.4628304233955258,0.2660648469712078,0.6857318706893074,ok
droid,all,dino_wm_droid,free_space,998,415,322.73426818847656,332.2635498046875,0.42153003909554304,0.3647644476254417,0.4757439294243022,0.7211342534766491,0.6126557979350273,0.833746138773698,ok
droid,all,dino_wm_droid,gripper_actuation,400,30,322.73426818847656,185.28453063964844,0.39534119630336534,0.32971110706888346,0.4632376874111102,1.0931989352650606,0.7909527757364805,1.3930835227726446,ok
droid,all,dino_wm_droid,pre_grasp,518,97,322.73426818847656,238.9125518798828,0.8867925799418735,0.7529265621349432,1.034247446367795,1.9748487240792947,1.6010134660081903,2.349959496470149,ok
