dataset,task,model,regime,n_transitions,n_boundary,boundary_threshold,mean_boundary_score,bb,bb_lo,bb_hi,bb_boundary,bb_boundary_lo,bb_boundary_hi,status
droid,droid,dino_wm_droid+obj_dynamics,contact_manipulation,415,41,322.73426818847656,196.46539306640625,0.38181977787925414,0.30673120506445034,0.46381676659907245,1.3177568552988213,1.0774457070338719,1.545676633168008,ok
droid,droid,dino_wm_droid+obj_dynamics,free_space,998,415,322.73426818847656,332.2635498046875,0.6621718931423096,0.5800019230301073,0.7470781919877385,1.3805668876361266,1.2760805117866338,1.4877761499652142,ok
droid,droid,dino_wm_droid+obj_dynamics,gripper_actuation,400,30,322.73426818847656,185.28453063964844,0.4844119111862479,0.4018872844897921,0.564655204655717,1.8948824800915853,1.611912363523319,2.16737404456213,ok
droid,droid,dino_wm_droid+obj_dynamics,pre_grasp,518,97,322.73426818847656,238.9125518798828,0.7532309562967144,0.6690960504352225,0.8505432961585885,1.8513768504530128,1.6335480388544081,2.077747421840953,ok
