task,arm,seed,success,steps,final_state_dist,ee_dist,state_dist_success,expert_success_step,minutes
mw-reach,l2,10000,1,100,0.04318278472016749,0.03145855562615856,1,56,6.75
mw-reach,hdyn,10000,1,100,0.042017607292401275,0.030834887572213282,1,56,6.76
mw-reach,l2,10001,1,100,0.4102858080079176,0.0174571535945424,0,38,7.26
mw-reach,hdyn,10001,0,100,0.037406573554088295,0.028601898460601224,1,38,7.35
