tag,task,seed,replan,phase,rho,recall,r_sel_cm,n
dino_push_l2,mw-push,41000,0,init,0.6877407740774076,0.6,0.0,100
dino_push_l2,mw-push,41000,0,final,-0.020906090609060905,0.0,0.0,100
dino_push_l2,mw-push,41000,1,init,0.2544134413441344,0.0,0.046956539154052734,100
dino_push_l2,mw-push,41000,1,final,-0.5403660366036603,0.0,0.0,100
dino_push_l2,mw-push,41000,2,init,-0.37104110411041097,0.0,0.0,100
dino_push_l2,mw-push,41000,2,final,-0.10474647464746473,0.0,0.0,100
dino_push_l2,mw-push,41000,3,init,0.10847884788478847,0.0,0.0,100
dino_push_l2,mw-push,41000,3,final,-0.5803540354035402,0.0,0.0,100
dino_push_l2,mw-push,41000,4,init,0.33306930693069303,0.2,0.0,100
dino_push_l2,mw-push,41000,4,final,0.07804380438043804,0.0,0.0,100
dino_push_l2,mw-push,41000,5,init,-0.009036903690369035,0.2,0.0,100
dino_push_l2,mw-push,41000,5,final,0.23227122712271225,0.0,0.0,100
dino_push_l2,mw-push,41000,6,init,0.03162316231623162,0.0,0.0,100
dino_push_l2,mw-push,41000,6,final,-0.04594059405940594,0.0,0.0,100
dino_push_l2,mw-push,41001,0,init,0.7753735373537353,0.4,0.0,100
dino_push_l2,mw-push,41001,0,final,0.21954995499549954,0.0,0.0,100
dino_push_l2,mw-push,41001,1,init,0.23435943594359435,0.1,0.00152587890625,100
dino_push_l2,mw-push,41001,1,final,-0.5387818781878188,0.0,0.0,100
dino_push_l2,mw-push,41001,2,init,-0.1311251125112511,0.0,0.0,100
dino_push_l2,mw-push,41001,2,final,-0.628226822682268,0.0,0.0,100
dino_push_l2,mw-push,41001,3,init,-0.24957695769576957,0.0,0.0,100
dino_push_l2,mw-push,41001,3,final,-0.1571197119711971,0.0,0.0,100
dino_push_l2,mw-push,41001,4,init,0.5373657365736573,0.1,0.0,100
dino_push_l2,mw-push,41001,4,final,-0.39139513951395133,0.0,0.0,100
dino_push_l2,mw-push,41001,5,init,0.5301170117011701,0.2,0.0,100
dino_push_l2,mw-push,41001,5,final,-0.3168076807680768,0.0,0.0,100
dino_push_l2,mw-push,41001,6,init,0.2642424242424242,0.2,0.0,100
dino_push_l2,mw-push,41001,6,final,0.10607860786078606,0.1,0.0,100
dino_push_l2,mw-push,41002,0,init,0.6837083708370836,0.2,0.0,100
dino_push_l2,mw-push,41002,0,final,0.12768076807680767,0.0,0.0,100
dino_push_l2,mw-push,41002,1,init,0.13028502850285026,0.0,0.0,100
dino_push_l2,mw-push,41002,1,final,0.10684668466846685,0.0,0.0,100
dino_push_l2,mw-push,41002,2,init,-0.2531293129312931,0.0,0.0,100
dino_push_l2,mw-push,41002,2,final,-0.6834683468346834,0.0,0.0,100
dino_push_l2,mw-push,41002,3,init,-0.43813981398139806,0.0,0.0,100
dino_push_l2,mw-push,41002,3,final,0.30532253225322525,0.1,0.0,100
dino_push_l2,mw-push,41002,4,init,0.38247824782478246,0.0,0.0,100
dino_push_l2,mw-push,41002,4,final,-0.24871287128712868,0.0,0.0,100
dino_push_l2,mw-push,41002,5,init,0.806012601260126,0.5,0.0,100
dino_push_l2,mw-push,41002,5,final,0.31339427961221045,0.1,0.0,100
dino_push_l2,mw-push,41002,6,init,0.6088928892889288,0.3,0.0,100
dino_push_l2,mw-push,41002,6,final,0.005388538853885388,0.0,0.0,100
dino_push_l2,mw-push,41003,0,init,0.8000600060006,0.1,0.0,100
dino_push_l2,mw-push,41003,0,final,-0.40919414699898243,0.0,0.0,100
dino_push_l2,mw-push,41003,1,init,0.03066306630663066,0.0,1.2303739786148098,100
dino_push_l2,mw-push,41003,1,final,-0.5068226822682268,0.0,0.0,100
dino_push_l2,mw-push,41003,2,init,-0.32523252325232527,0.0,0.0,100
dino_push_l2,mw-push,41003,2,final,-0.27548754875487547,0.0,0.0,100
dino_push_l2,mw-push,41003,3,init,0.8341434143414341,0.4,0.0,100
dino_push_l2,mw-push,41003,3,final,0.14717071707170717,0.0,0.0,100
dino_push_l2,mw-push,41003,4,init,0.7212241224122412,0.5,0.0,100
dino_push_l2,mw-push,41003,4,final,-0.11383138313831383,0.0,0.0,100
dino_push_l2,mw-push,41003,5,init,0.38127812781278125,0.1,0.0,100
dino_push_l2,mw-push,41003,5,final,0.09072907290729072,0.0,0.0,100
dino_push_l2,mw-push,41003,6,init,0.1607440744074407,0.2,0.0,100
dino_push_l2,mw-push,41003,6,final,0.0869126912691269,0.0,0.0,100
dino_push_l2,mw-push,41004,0,init,0.4427602760276027,0.1,0.0,100
dino_push_l2,mw-push,41004,0,final,0.1821182118211821,0.2,0.0,100
dino_push_l2,mw-push,41004,1,init,-0.07573957395739574,0.0,0.0,100
dino_push_l2,mw-push,41004,1,final,-0.22586258625862582,0.0,0.0,100
dino_push_l2,mw-push,41004,2,init,-0.29662166216621655,0.0,0.0,100
dino_push_l2,mw-push,41004,2,final,-0.0942094209420942,0.0,0.0,100
dino_push_l2,mw-push,41004,3,init,-0.07068706870687069,0.0,0.0,100
dino_push_l2,mw-push,41004,3,final,-0.3111440478383276,0.0,0.0,100
dino_push_l2,mw-push,41004,4,init,0.665070507050705,0.1,0.0,100
dino_push_l2,mw-push,41004,4,final,-0.11907590759075906,0.0,0.0,100
dino_push_l2,mw-push,41004,5,init,0.7940834083408341,0.5,0.0,100
dino_push_l2,mw-push,41004,5,final,-0.042256225622562246,0.0,0.0,100
dino_push_l2,mw-push,41004,6,init,-0.012985298529852984,0.0,0.0,100
dino_push_l2,mw-push,41004,6,final,-0.0251065106510651,0.0,0.0,100
dino_push_l2,mw-push,41005,0,init,0.8313591359135912,0.5,0.0,100
dino_push_l2,mw-push,41005,0,final,-0.2104170417041704,0.0,0.0,100
dino_push_l2,mw-push,41005,1,init,0.2581578157815781,0.2,0.0,100
dino_push_l2,mw-push,41005,1,final,-0.4478007800780078,0.1,0.0,100
dino_push_l2,mw-push,41005,2,init,-0.3061746174617462,0.0,0.0,100
dino_push_l2,mw-push,41005,2,final,-0.29326132613261324,0.1,0.0,100
dino_push_l2,mw-push,41005,3,init,0.44698469846984695,0.0,0.0,100
dino_push_l2,mw-push,41005,3,final,-0.020162016201620163,0.0,0.0,100
dino_push_l2,mw-push,41005,4,init,0.943054305430543,0.8,0.0,100
dino_push_l2,mw-push,41005,4,final,-0.073999399939994,0.0,0.0,100
dino_push_l2,mw-push,41005,5,init,0.8083528352835282,0.4,0.0,100
dino_push_l2,mw-push,41005,5,final,-0.3165316531653165,0.0,0.0,100
dino_push_l2,mw-push,41005,6,init,0.4036723672367237,0.0,0.0,100
dino_push_l2,mw-push,41005,6,final,-0.26657065706570654,0.0,0.0,100
dino_push_l2,mw-push,41006,0,init,0.908082808280828,0.9,0.0,100
dino_push_l2,mw-push,41006,0,final,0.6233903390339034,0.4,0.0025391578674316406,100
dino_push_l2,mw-push,41006,1,init,0.7827422742274226,0.6,0.12390613555907926,100
dino_push_l2,mw-push,41006,1,final,0.2705310531053105,0.2,2.823586761951438,100
dino_push_l2,mw-push,41006,2,init,-0.004608460846084608,0.2,1.4844253659248297,100
dino_push_l2,mw-push,41006,2,final,-0.4934893489348935,0.0,0.27224272489548007,100
dino_push_l2,mw-push,41006,3,init,-0.11504350435043503,0.0,0.0,100
dino_push_l2,mw-push,41006,3,final,0.06474647464746475,0.0,0.0,100
dino_push_l2,mw-push,41006,4,init,-0.0445004500450045,0.0,0.0,100
dino_push_l2,mw-push,41006,4,final,0.2083408340834083,0.0,0.0,100
dino_push_l2,mw-push,41006,5,init,0.02478247824782478,0.0,0.0,100
dino_push_l2,mw-push,41006,5,final,0.18559855985598558,0.0,0.0,100
dino_push_l2,mw-push,41006,6,init,0.11165916591659165,0.0,0.0,100
dino_push_l2,mw-push,41006,6,final,0.0541134113411341,0.0,0.0,100
dino_push_l2,mw-push,41007,0,init,0.551750830338008,0.3,0.0,100
dino_push_l2,mw-push,41007,0,final,-0.3997479747974797,0.0,0.0,100
dino_push_l2,mw-push,41007,1,init,0.08939693969396939,0.0,0.0,100
dino_push_l2,mw-push,41007,1,final,-0.2301350135013501,0.0,0.0,100
dino_push_l2,mw-push,41007,2,init,-0.38970297029702966,0.0,0.0,100
dino_push_l2,mw-push,41007,2,final,-0.06222622262226221,0.0,0.0,100
dino_push_l2,mw-push,41007,3,init,-0.002496249624962496,0.1,0.0,100
dino_push_l2,mw-push,41007,3,final,0.1139153915391539,0.0,0.0,100
dino_push_l2,mw-push,41007,4,init,0.8511371137113709,0.4,0.0,100
dino_push_l2,mw-push,41007,4,final,0.26663066306630656,0.0,0.0,100
dino_push_l2,mw-push,41007,5,init,0.9392859285928591,0.6,0.0,100
dino_push_l2,mw-push,41007,5,final,0.4331473147314731,0.1,0.0,100
dino_push_l2,mw-push,41007,6,init,0.5623402340234024,0.0,0.0,100
dino_push_l2,mw-push,41007,6,final,0.05896189618961895,0.1,0.0,100
dino_push_l2,mw-push,41008,0,init,0.7677047704770477,0.6,0.0,100
dino_push_l2,mw-push,41008,0,final,0.034515451545154514,0.0,0.0,100
dino_push_l2,mw-push,41008,1,init,0.3761296129612961,0.1,0.45836567878723145,100
dino_push_l2,mw-push,41008,1,final,-0.2498529852985298,0.0,0.0,100
dino_push_l2,mw-push,41008,2,init,-0.16010801080108011,0.0,0.2021878957748413,100
dino_push_l2,mw-push,41008,2,final,-0.36895289528952896,0.0,0.0,100
dino_push_l2,mw-push,41008,3,init,-0.4697269726972697,0.0,0.0,100
dino_push_l2,mw-push,41008,3,final,-0.4945934593459345,0.0,0.0,100
dino_push_l2,mw-push,41008,4,init,0.14673867386738673,0.0,0.0,100
dino_push_l2,mw-push,41008,4,final,-0.33034503450345026,0.0,0.0,100
dino_push_l2,mw-push,41008,5,init,-0.2576177617761776,0.0,0.0,100
dino_push_l2,mw-push,41008,5,final,-0.03791179117911791,0.0,0.0,100
dino_push_l2,mw-push,41008,6,init,-0.29178517851785174,0.0,0.0,100
dino_push_l2,mw-push,41008,6,final,0.12397239723972396,0.0,0.0,100
dino_push_l2,mw-push,41009,0,init,0.42373837383738366,0.3,0.0,100
dino_push_l2,mw-push,41009,0,final,-0.014653465346534651,0.0,0.0,100
dino_push_l2,mw-push,41009,1,init,0.25000900090009,0.0,0.0,100
dino_push_l2,mw-push,41009,1,final,-0.24678067806780676,0.0,0.0,100
dino_push_l2,mw-push,41009,2,init,-0.25827782778277825,0.0,0.0,100
dino_push_l2,mw-push,41009,2,final,0.10648664866486647,0.0,0.0,100
dino_push_l2,mw-push,41009,3,init,-0.6132253225322531,0.0,0.0,100
dino_push_l2,mw-push,41009,3,final,0.358007800780078,0.0,0.0,100
dino_push_l2,mw-push,41009,4,init,0.6175097509750975,0.2,0.0,100
dino_push_l2,mw-push,41009,4,final,0.03350735073507351,0.0,0.0,100
dino_push_l2,mw-push,41009,5,init,0.8193699369936993,0.6,0.0,100
dino_push_l2,mw-push,41009,5,final,0.04794479447944794,0.1,0.0,100
dino_push_l2,mw-push,41009,6,init,0.6837323732373236,0.2,0.0,100
dino_push_l2,mw-push,41009,6,final,0.020942094209420937,0.0,0.0,100
dino_push_l2,mw-push,41010,0,init,0.5691569156915691,0.1,0.0,100
dino_push_l2,mw-push,41010,0,final,-0.35890789078907887,0.0,0.0,100
dino_push_l2,mw-push,41010,1,init,0.13606960696069606,0.2,0.0,100
dino_push_l2,mw-push,41010,1,final,-0.5518511851185118,0.0,0.0,100
dino_push_l2,mw-push,41010,2,init,-0.31495949594959494,0.0,0.0,100
dino_push_l2,mw-push,41010,2,final,0.3258805880588058,0.0,0.0,100
dino_push_l2,mw-push,41010,3,init,0.05020102010201019,0.0,0.0,100
dino_push_l2,mw-push,41010,3,final,0.2294269426942694,0.0,0.0,100
dino_push_l2,mw-push,41010,4,init,0.8277227722772277,0.4,0.0,100
dino_push_l2,mw-push,41010,4,final,0.06813081308130813,0.0,0.0,100
dino_push_l2,mw-push,41010,5,init,0.8228742874287428,0.5,0.0,100
dino_push_l2,mw-push,41010,5,final,-0.10255025502550254,0.0,0.0,100
dino_push_l2,mw-push,41010,6,init,0.5104950495049504,0.0,0.0,100
dino_push_l2,mw-push,41010,6,final,0.23053774538881253,0.0,0.0,100
dino_push_l2,mw-push,41011,0,init,0.7926432643264325,0.3,0.0,100
dino_push_l2,mw-push,41011,0,final,0.10156615661566157,0.0,0.0,100
dino_push_l2,mw-push,41011,1,init,0.39852385238523846,0.0,1.1527091264724676,100
dino_push_l2,mw-push,41011,1,final,-0.1686408640864086,0.0,1.541648805141449,100
dino_push_l2,mw-push,41011,2,init,-0.19434743474347435,0.0,0.0,100
dino_push_l2,mw-push,41011,2,final,0.051101110111011094,0.1,0.0,100
dino_push_l2,mw-push,41011,3,init,-0.5460186018601859,0.0,0.0,100
dino_push_l2,mw-push,41011,3,final,-0.5885628562856285,0.0,0.0,100
dino_push_l2,mw-push,41011,4,init,0.42373837383738366,0.0,0.0,100
dino_push_l2,mw-push,41011,4,final,-0.4148694869486948,0.0,0.0,100
dino_push_l2,mw-push,41011,5,init,0.41545754575457544,0.1,0.0,100
dino_push_l2,mw-push,41011,5,final,-0.0038043804380438044,0.1,0.0,100
dino_push_l2,mw-push,41011,6,init,-0.09033303330333033,0.0,0.0,100
dino_push_l2,mw-push,41011,6,final,0.2704470447044704,0.4,0.0,100
dino_push_l2,mw-push,41012,0,init,0.8477887788778877,0.8,0.0,100
dino_push_l2,mw-push,41012,0,final,0.20001200120012,0.2,0.09460598230362216,100
dino_push_l2,mw-push,41012,1,init,0.42432643264326425,0.2,1.9270777702331487,100
dino_push_l2,mw-push,41012,1,final,-0.3877227722772277,0.0,1.2633472681045506,100
dino_push_l2,mw-push,41012,2,init,-0.05874587458745874,0.1,5.20840585231781,100
dino_push_l2,mw-push,41012,2,final,-0.1646084608460846,0.0,0.0,100
dino_push_l2,mw-push,41012,3,init,0.21909390939093906,0.0,0.0,100
dino_push_l2,mw-push,41012,3,final,0.07687968796879688,0.1,0.0,100
dino_push_l2,mw-push,41012,4,init,0.5212001200120012,0.2,0.0,100
dino_push_l2,mw-push,41012,4,final,0.1137113711371137,0.0,0.0,100
dino_push_l2,mw-push,41012,5,init,0.4861806180618062,0.4,0.0,100
dino_push_l2,mw-push,41012,5,final,-0.002892289228922892,0.0,0.0,100
dino_push_l2,mw-push,41012,6,init,0.1776057605760576,0.2,0.0,100
dino_push_l2,mw-push,41012,6,final,0.000672067206720672,0.0,0.0,100
dino_push_l2,mw-push,41013,0,init,0.7258325832583258,0.3,0.0,100
dino_push_l2,mw-push,41013,0,final,-0.28780078007800775,0.0,0.0,100
dino_push_l2,mw-push,41013,1,init,0.031827182718271826,0.0,0.0,100
dino_push_l2,mw-push,41013,1,final,-0.6129252925292529,0.0,0.0,100
dino_push_l2,mw-push,41013,2,init,-0.39648364836483646,0.0,0.0,100
dino_push_l2,mw-push,41013,2,final,0.024554455445544552,0.0,0.0,100
dino_push_l2,mw-push,41013,3,init,0.3882508250825082,0.0,0.0,100
dino_push_l2,mw-push,41013,3,final,-0.019957995799579954,0.0,0.0,100
dino_push_l2,mw-push,41013,4,init,0.8118571857185718,0.3,0.0,100
dino_push_l2,mw-push,41013,4,final,0.04058805880588059,0.0,0.0,100
dino_push_l2,mw-push,41013,5,init,0.5808100810081007,0.1,0.0,100
dino_push_l2,mw-push,41013,5,final,-0.015085508550855083,0.0,0.0,100
dino_push_l2,mw-push,41013,6,init,-0.4299309930993099,0.0,0.0,100
dino_push_l2,mw-push,41013,6,final,-0.10235823582358233,0.0,0.0,100
dino_push_l2,mw-push,41014,0,init,0.6965016501650164,0.2,0.0,100
dino_push_l2,mw-push,41014,0,final,0.046240624062406234,0.0,0.0,100
dino_push_l2,mw-push,41014,1,init,0.12247224722472244,0.0,0.535380840301522,100
dino_push_l2,mw-push,41014,1,final,-0.17134113411341131,0.0,0.0,100
dino_push_l2,mw-push,41014,2,init,-0.19443144314431443,0.0,0.0,100
dino_push_l2,mw-push,41014,2,final,-0.5027062706270626,0.0,0.0,100
dino_push_l2,mw-push,41014,3,init,-0.04811281128112811,0.0,0.0,100
dino_push_l2,mw-push,41014,3,final,0.23974797479747972,0.0,0.0,100
dino_push_l2,mw-push,41014,4,init,0.6929852985298529,0.0,0.0,100
dino_push_l2,mw-push,41014,4,final,0.3882388238823882,0.0,0.0,100
dino_push_l2,mw-push,41014,5,init,0.7555955595559555,0.6,0.0,100
dino_push_l2,mw-push,41014,5,final,0.12399639963996398,0.0,0.0,100
dino_push_l2,mw-push,41014,6,init,0.5006660666066607,0.3,0.0,100
dino_push_l2,mw-push,41014,6,final,-0.12976897689768974,0.0,0.0,100
dino_push_l2,mw-push,41015,0,init,-0.3404380438043804,0.0,0.0,100
dino_push_l2,mw-push,41015,0,final,-0.8111371137113711,0.0,0.0,100
dino_push_l2,mw-push,41015,1,init,-0.7853345334533454,0.0,0.0,100
dino_push_l2,mw-push,41015,1,final,-0.1848064806480648,0.0,0.0,100
dino_push_l2,mw-push,41015,2,init,-0.563036303630363,0.0,0.0,100
dino_push_l2,mw-push,41015,2,final,-0.28050405040504045,0.0,0.0,100
dino_push_l2,mw-push,41015,3,init,-0.005256525652565256,0.0,0.0,100
dino_push_l2,mw-push,41015,3,final,0.08946894689468947,0.0,0.0,100
dino_push_l2,mw-push,41015,4,init,0.07197119711971196,0.0,0.0,100
dino_push_l2,mw-push,41015,4,final,-0.17525352535253522,0.0,0.0,100
dino_push_l2,mw-push,41015,5,init,0.0471047104710471,0.1,0.0,100
dino_push_l2,mw-push,41015,5,final,-0.11743174317431743,0.0,0.0,100
dino_push_l2,mw-push,41015,6,init,-0.023402340234023402,0.0,0.0,100
dino_push_l2,mw-push,41015,6,final,-0.015409540954095408,0.0,0.0,100
dino_push_v2_random_s0,mw-push,41000,0,init,0.3647164716471647,0.9,0.0,100
dino_push_v2_random_s0,mw-push,41000,0,final,0.2902490249024902,0.0,0.0,100
dino_push_v2_random_s0,mw-push,41000,1,init,0.742970297029703,0.0,0.22356212139129084,100
dino_push_v2_random_s0,mw-push,41000,1,final,0.14467446744674464,0.1,0.0,100
dino_push_v2_random_s0,mw-push,41000,2,init,0.52008400840084,0.3,0.12174844741821289,100
dino_push_v2_random_s0,mw-push,41000,2,final,-0.06253844145975179,0.0,0.0,100
dino_push_v2_random_s0,mw-push,41000,3,init,0.3569876987698769,0.2,0.0,100
dino_push_v2_random_s0,mw-push,41000,3,final,0.16168016801680163,0.0,0.0,100
dino_push_v2_random_s0,mw-push,41000,4,init,0.3906030603060306,0.1,0.22593736648559015,100
dino_push_v2_random_s0,mw-push,41000,4,final,-0.07393939393939393,0.1,0.0,100
dino_push_v2_random_s0,mw-push,41000,5,init,0.45220522052205214,0.2,0.11946260929107111,100
dino_push_v2_random_s0,mw-push,41000,5,final,0.10568256825682568,0.0,0.0,100
dino_push_v2_random_s0,mw-push,41000,6,init,0.14825082508250825,0.0,0.0,100
dino_push_v2_random_s0,mw-push,41000,6,final,-0.1598439843984398,0.1,0.0,100
dino_push_v2_random_s0,mw-push,41001,0,init,0.25627362736273623,0.4,0.0,100
dino_push_v2_random_s0,mw-push,41001,0,final,0.2412241224122412,0.0,0.0,100
dino_push_v2_random_s0,mw-push,41001,1,init,0.6710591059105909,0.2,0.0,100
dino_push_v2_random_s0,mw-push,41001,1,final,-0.09842184218421841,0.0,0.0,100
dino_push_v2_random_s0,mw-push,41001,2,init,0.5817221722172217,0.2,0.6100028753280695,100
dino_push_v2_random_s0,mw-push,41001,2,final,0.04376837683768376,0.1,0.0,100
dino_push_v2_random_s0,mw-push,41001,3,init,0.4129132913291329,0.2,0.0,100
dino_push_v2_random_s0,mw-push,41001,3,final,0.11493549354935492,0.0,0.0,100
dino_push_v2_random_s0,mw-push,41001,4,init,0.22474647464746472,0.0,0.0,100
dino_push_v2_random_s0,mw-push,41001,4,final,0.19857185718571854,0.0,0.0,100
dino_push_v2_random_s0,mw-push,41001,5,init,0.18745874587458744,0.0,0.0,100
dino_push_v2_random_s0,mw-push,41001,5,final,0.33524152415241515,0.2,0.0,100
dino_push_v2_random_s0,mw-push,41001,6,init,0.2048964896489649,0.0,0.0,100
dino_push_v2_random_s0,mw-push,41001,6,final,0.03824782478247824,0.0,0.0,100
dino_push_v2_random_s0,mw-push,41002,0,init,0.42090609060906087,0.6,0.0,100
dino_push_v2_random_s0,mw-push,41002,0,final,0.2557215721572157,0.0,0.0,100
dino_push_v2_random_s0,mw-push,41002,1,init,0.6299309930993099,0.2,0.0,100
dino_push_v2_random_s0,mw-push,41002,1,final,0.19649564956495646,0.1,0.0,100
dino_push_v2_random_s0,mw-push,41002,2,init,0.33390939093909383,0.0,0.0,100
dino_push_v2_random_s0,mw-push,41002,2,final,0.1575037503750375,0.2,0.0,100
dino_push_v2_random_s0,mw-push,41002,3,init,0.19483948394839481,0.0,0.0,100
dino_push_v2_random_s0,mw-push,41002,3,final,0.09528952895289527,0.1,0.0,100
dino_push_v2_random_s0,mw-push,41002,4,init,0.29068106810681066,0.2,0.0,100
dino_push_v2_random_s0,mw-push,41002,4,final,0.17730026192777648,0.1,0.0,100
dino_push_v2_random_s0,mw-push,41002,5,init,0.019825982598259823,0.0,0.0,100
dino_push_v2_random_s0,mw-push,41002,5,final,-0.0945094509450945,0.0,0.0,100
dino_push_v2_random_s0,mw-push,41002,6,init,0.13784578457845784,0.1,0.0,100
dino_push_v2_random_s0,mw-push,41002,6,final,0.059753975397539745,0.1,0.0,100
dino_push_v2_random_s0,mw-push,41003,0,init,0.25606960696069603,0.5,0.0,100
dino_push_v2_random_s0,mw-push,41003,0,final,0.008088808880888088,0.0,0.0,100
dino_push_v2_random_s0,mw-push,41003,1,init,0.639207920792079,0.3,1.2135311961173985,100
dino_push_v2_random_s0,mw-push,41003,1,final,0.06864686468646865,0.0,0.0,100
dino_push_v2_random_s0,mw-push,41003,2,init,0.3300690069006901,0.0,0.3089636564254705,100
dino_push_v2_random_s0,mw-push,41003,2,final,0.06315031503150315,0.0,0.0,100
dino_push_v2_random_s0,mw-push,41003,3,init,0.49947794779477944,0.0,1.45258158445358,100
dino_push_v2_random_s0,mw-push,41003,3,final,0.24644464446444642,0.0,0.0,100
dino_push_v2_random_s0,mw-push,41003,4,init,0.04546054605460545,0.0,0.2899870276451083,100
dino_push_v2_random_s0,mw-push,41003,4,final,0.05952595259525952,0.0,0.0,100
dino_push_v2_random_s0,mw-push,41003,5,init,0.32710471047104706,0.0,0.9549036622047397,100
dino_push_v2_random_s0,mw-push,41003,5,final,0.18393039303930392,0.0,0.0,100
dino_push_v2_random_s0,mw-push,41003,6,init,0.09054905490549055,0.0,0.0,100
dino_push_v2_random_s0,mw-push,41003,6,final,-0.1388178817881788,0.0,0.0,100
dino_push_v2_random_s0,mw-push,41004,0,init,0.33299729972997294,0.6,0.0,100
dino_push_v2_random_s0,mw-push,41004,0,final,0.1460906090609061,0.1,0.0,100
dino_push_v2_random_s0,mw-push,41004,1,init,0.3439543954395439,0.2,0.0,100
dino_push_v2_random_s0,mw-push,41004,1,final,-0.18301830183018297,0.0,0.0,100
dino_push_v2_random_s0,mw-push,41004,2,init,0.23513951395139512,0.0,0.0,100
dino_push_v2_random_s0,mw-push,41004,2,final,0.17009300930093008,0.0,0.0,100
dino_push_v2_random_s0,mw-push,41004,3,init,0.3266006600660065,0.0,0.0,100
dino_push_v2_random_s0,mw-push,41004,3,final,0.09152115211521152,0.0,0.0,100
dino_push_v2_random_s0,mw-push,41004,4,init,0.2336033603360336,0.1,0.0,100
dino_push_v2_random_s0,mw-push,41004,4,final,0.1676447644764476,0.0,0.0,100
dino_push_v2_random_s0,mw-push,41004,5,init,0.30977497749774974,0.1,0.0,100
dino_push_v2_random_s0,mw-push,41004,5,final,-0.0033843384338433837,0.3,0.0,100
dino_push_v2_random_s0,mw-push,41004,6,init,0.1892229222922292,0.1,0.0,100
dino_push_v2_random_s0,mw-push,41004,6,final,0.015001500150015001,0.0,0.0,100
dino_push_v2_random_s0,mw-push,41005,0,init,0.3402820282028202,0.5,0.0,100
dino_push_v2_random_s0,mw-push,41005,0,final,-0.00216021602160216,0.1,0.0,100
dino_push_v2_random_s0,mw-push,41005,1,init,0.5788658865886588,0.2,0.007712841033929996,100
dino_push_v2_random_s0,mw-push,41005,1,final,0.2285268526852685,0.1,0.0,100
dino_push_v2_random_s0,mw-push,41005,2,init,0.5615961596159615,0.2,0.040939450263979826,100
dino_push_v2_random_s0,mw-push,41005,2,final,0.12308430843084306,0.0,0.0,100
dino_push_v2_random_s0,mw-push,41005,3,init,0.3808580858085808,0.2,0.0,100
dino_push_v2_random_s0,mw-push,41005,3,final,0.1431023102310231,0.0,0.0,100
dino_push_v2_random_s0,mw-push,41005,4,init,0.3596519651965196,0.1,0.0,100
dino_push_v2_random_s0,mw-push,41005,4,final,0.12158415841584157,0.0,0.0,100
dino_push_v2_random_s0,mw-push,41005,5,init,0.5027662766276627,0.2,0.9880855679511996,100
dino_push_v2_random_s0,mw-push,41005,5,final,0.22131413141314127,0.0,0.0,100
dino_push_v2_random_s0,mw-push,41005,6,init,-0.35941194119411934,0.0,0.0,100
dino_push_v2_random_s0,mw-push,41005,6,final,-0.06149414941494149,0.1,0.0,100
dino_push_v2_random_s0,mw-push,41006,0,init,0.3195559555955595,0.4,0.0,100
dino_push_v2_random_s0,mw-push,41006,0,final,-0.1494269426942694,0.0,0.0,100
dino_push_v2_random_s0,mw-push,41006,1,init,0.48406840684068403,0.1,0.0,100
dino_push_v2_random_s0,mw-push,41006,1,final,0.2324152415241524,0.0,0.0,100
dino_push_v2_random_s0,mw-push,41006,2,init,-0.14875487548754873,0.1,0.0,100
dino_push_v2_random_s0,mw-push,41006,2,final,-0.08682868286828681,0.1,0.0,100
dino_push_v2_random_s0,mw-push,41006,3,init,0.19175517551755175,0.1,1.0817766189575195,100
dino_push_v2_random_s0,mw-push,41006,3,final,-0.0018001800180018,0.0,0.0,100
dino_push_v2_random_s0,mw-push,41006,4,init,0.5186558655865586,0.0,1.5485242009162876,100
dino_push_v2_random_s0,mw-push,41006,4,final,0.22737473747374734,0.0,2.03389376401901,100
dino_push_v2_random_s0,mw-push,41006,5,init,0.5297089708970897,0.1,2.1578118205070496,100
dino_push_v2_random_s0,mw-push,41006,5,final,-0.38611461146114606,0.0,3.9032801985740715,100
dino_push_v2_random_s0,mw-push,41006,6,init,0.5683768376837683,0.1,1.48726552724838,100
dino_push_v2_random_s0,mw-push,41006,6,final,-0.3002340234023402,0.1,0.6699070334434509,100
dino_push_v2_random_s0,mw-push,41007,0,init,0.3284008400840083,0.5,0.0,100
dino_push_v2_random_s0,mw-push,41007,0,final,0.19883648015835112,0.0,0.0,100
dino_push_v2_random_s0,mw-push,41007,1,init,0.47662766276627666,0.0,0.0,100
dino_push_v2_random_s0,mw-push,41007,1,final,0.028610861086108608,0.1,0.0,100
dino_push_v2_random_s0,mw-push,41007,2,init,0.2472367236723672,0.0,0.19506365060805997,100
dino_push_v2_random_s0,mw-push,41007,2,final,0.15063906390639062,0.0,0.0,100
dino_push_v2_random_s0,mw-push,41007,3,init,0.3023342334233423,0.2,0.0,100
dino_push_v2_random_s0,mw-push,41007,3,final,0.05892589258925892,0.0,0.0,100
dino_push_v2_random_s0,mw-push,41007,4,init,0.0819081908190819,0.0,0.0,100
dino_push_v2_random_s0,mw-push,41007,4,final,-0.03186318631863186,0.1,0.0,100
dino_push_v2_random_s0,mw-push,41007,5,init,0.11797179717971797,0.2,0.0,100
dino_push_v2_random_s0,mw-push,41007,5,final,-0.018829882988298827,0.0,0.0,100
dino_push_v2_random_s0,mw-push,41007,6,init,0.0071887188718871885,0.0,0.0,100
dino_push_v2_random_s0,mw-push,41007,6,final,-0.262022202220222,0.1,0.0,100
dino_push_v2_random_s0,mw-push,41008,0,init,0.5038463846384638,0.7,0.0,100
dino_push_v2_random_s0,mw-push,41008,0,final,0.06294629462946294,0.0,0.0,100
dino_push_v2_random_s0,mw-push,41008,1,init,0.7030423042304229,0.2,0.7809072732925415,100
dino_push_v2_random_s0,mw-push,41008,1,final,0.0684068406840684,0.0,0.21349787712097168,100
dino_push_v2_random_s0,mw-push,41008,2,init,0.5904830483048303,0.1,1.0244607925415095,100
dino_push_v2_random_s0,mw-push,41008,2,final,0.12307230723072306,0.0,0.5856454372406006,100
dino_push_v2_random_s0,mw-push,41008,3,init,0.40145214521452144,0.0,0.7409930229187012,100
dino_push_v2_random_s0,mw-push,41008,3,final,0.07601560156015602,0.0,0.01640021800994873,100
dino_push_v2_random_s0,mw-push,41008,4,init,0.5741494149414942,0.0,0.01385509967803955,100
dino_push_v2_random_s0,mw-push,41008,4,final,0.15227122712271224,0.0,0.0,100
dino_push_v2_random_s0,mw-push,41008,5,init,0.36444044404440445,0.0,0.04602372646331787,100
dino_push_v2_random_s0,mw-push,41008,5,final,-0.11675967596759675,0.0,0.0,100
dino_push_v2_random_s0,mw-push,41008,6,init,0.22209420942094207,0.2,0.0,100
dino_push_v2_random_s0,mw-push,41008,6,final,0.006180636605598191,0.3,0.0,100
dino_push_v2_random_s0,mw-push,41009,0,init,0.31542754275427537,0.5,0.0,100
dino_push_v2_random_s0,mw-push,41009,0,final,0.043900390039003895,0.0,0.0,100
dino_push_v2_random_s0,mw-push,41009,1,init,0.6169816981698169,0.1,0.0,100
dino_push_v2_random_s0,mw-push,41009,1,final,0.27261926192619257,0.1,0.0,100
dino_push_v2_random_s0,mw-push,41009,2,init,0.5125232523252324,0.1,0.0,100
dino_push_v2_random_s0,mw-push,41009,2,final,0.18707470747074706,0.0,0.0,100
dino_push_v2_random_s0,mw-push,41009,3,init,0.34309030903090304,0.0,0.0,100
dino_push_v2_random_s0,mw-push,41009,3,final,0.14384638463846383,0.0,0.0,100
dino_push_v2_random_s0,mw-push,41009,4,init,0.4124692469246924,0.0,0.0,100
dino_push_v2_random_s0,mw-push,41009,4,final,0.2924452445244524,0.1,0.0,100
dino_push_v2_random_s0,mw-push,41009,5,init,0.45044104410441044,0.0,0.0,100
dino_push_v2_random_s0,mw-push,41009,5,final,0.12794479447944793,0.0,0.0,100
dino_push_v2_random_s0,mw-push,41009,6,init,0.07043504350435044,0.0,0.0,100
dino_push_v2_random_s0,mw-push,41009,6,final,0.2825562556255625,0.0,0.0,100
dino_push_v2_random_s0,mw-push,41010,0,init,0.4772637263726372,0.2,0.0,100
dino_push_v2_random_s0,mw-push,41010,0,final,0.04226822682268226,0.0,0.0,100
dino_push_v2_random_s0,mw-push,41010,1,init,0.3308130813081308,0.1,0.0,100
dino_push_v2_random_s0,mw-push,41010,1,final,0.07204320432043203,0.0,0.0,100
dino_push_v2_random_s0,mw-push,41010,2,init,0.2662226222622262,0.0,0.0,100
dino_push_v2_random_s0,mw-push,41010,2,final,0.12486048604860484,0.1,0.0,100
dino_push_v2_random_s0,mw-push,41010,3,init,0.34667866786678664,0.3,0.0,100
dino_push_v2_random_s0,mw-push,41010,3,final,0.08459645964596459,0.0,0.0,100
dino_push_v2_random_s0,mw-push,41010,4,init,0.20327632763276324,0.2,0.0,100
dino_push_v2_random_s0,mw-push,41010,4,final,0.2513531353135313,0.1,0.0,100
dino_push_v2_random_s0,mw-push,41010,5,init,0.2741674167416741,0.0,0.0,100
dino_push_v2_random_s0,mw-push,41010,5,final,0.14588658865886586,0.2,0.0,100
dino_push_v2_random_s0,mw-push,41010,6,init,0.28986498649864983,0.1,0.0,100
dino_push_v2_random_s0,mw-push,41010,6,final,-0.10652265226522652,0.1,0.0,100
dino_push_v2_random_s0,mw-push,41011,0,init,0.18921092109210919,0.2,0.0,100
dino_push_v2_random_s0,mw-push,41011,0,final,0.18237023702370236,0.0,0.0,100
dino_push_v2_random_s0,mw-push,41011,1,init,0.6396759675967597,0.0,0.45139193534851074,100
dino_push_v2_random_s0,mw-push,41011,1,final,0.1186918691869187,0.0,0.0,100
dino_push_v2_random_s0,mw-push,41011,2,init,0.48848484848484847,0.0,0.23411810398101807,100
dino_push_v2_random_s0,mw-push,41011,2,final,-0.0637983798379838,0.0,0.0,100
dino_push_v2_random_s0,mw-push,41011,3,init,0.3809300930093009,0.0,1.036989688873291,100
dino_push_v2_random_s0,mw-push,41011,3,final,-0.10420642064206419,0.0,0.0,100
dino_push_v2_random_s0,mw-push,41011,4,init,0.2753555355535553,0.1,0.7795065641403198,100
dino_push_v2_random_s0,mw-push,41011,4,final,0.2838763876387638,0.0,0.0,100
dino_push_v2_random_s0,mw-push,41011,5,init,-0.06233423342334232,0.0,2.953775227069863,100
dino_push_v2_random_s0,mw-push,41011,5,final,0.17578157815781575,0.0,0.0,100
dino_push_v2_random_s0,mw-push,41011,6,init,0.5163156315631562,0.0,0.0,100
dino_push_v2_random_s0,mw-push,41011,6,final,0.11436577967582129,0.0,0.0,100
dino_push_v2_random_s0,mw-push,41012,0,init,0.3782298229822982,0.6,0.0,100
dino_push_v2_random_s0,mw-push,41012,0,final,-0.01548154815481548,0.0,0.0,100
dino_push_v2_random_s0,mw-push,41012,1,init,0.6213021302130212,0.1,0.0,100
dino_push_v2_random_s0,mw-push,41012,1,final,0.031335133513351335,0.0,0.0,100
dino_push_v2_random_s0,mw-push,41012,2,init,-0.016345634563456345,0.1,0.0,100
dino_push_v2_random_s0,mw-push,41012,2,final,0.04277227722772277,0.1,0.0,100
dino_push_v2_random_s0,mw-push,41012,3,init,0.04733273327332733,0.0,0.0,100
dino_push_v2_random_s0,mw-push,41012,3,final,0.019285928592859283,0.1,0.0,100
dino_push_v2_random_s0,mw-push,41012,4,init,0.18883888388838885,0.1,0.0,100
dino_push_v2_random_s0,mw-push,41012,4,final,0.04894089408940894,0.0,0.0,100
dino_push_v2_random_s0,mw-push,41012,5,init,0.26941494149414935,0.2,0.0,100
dino_push_v2_random_s0,mw-push,41012,5,final,0.05162916291629163,0.1,0.0,100
dino_push_v2_random_s0,mw-push,41012,6,init,0.2821242124212421,0.2,0.0,100
dino_push_v2_random_s0,mw-push,41012,6,final,-0.015397539753975396,0.1,0.0,100
dino_push_v2_random_s0,mw-push,41013,0,init,0.3303930393039303,0.4,0.0,100
dino_push_v2_random_s0,mw-push,41013,0,final,0.10972697269726972,0.0,0.0,100
dino_push_v2_random_s0,mw-push,41013,1,init,0.3663006300630063,0.2,0.0,100
dino_push_v2_random_s0,mw-push,41013,1,final,0.2280948094809481,0.1,0.0,100
dino_push_v2_random_s0,mw-push,41013,2,init,0.2691149114911491,0.1,0.006087124347678441,100
dino_push_v2_random_s0,mw-push,41013,2,final,0.12607260726072606,0.0,0.0,100
dino_push_v2_random_s0,mw-push,41013,3,init,0.39039903990399033,0.1,0.48201978206633966,100
dino_push_v2_random_s0,mw-push,41013,3,final,0.39212721272127204,0.1,0.0,100
dino_push_v2_random_s0,mw-push,41013,4,init,0.16775277527752772,0.1,1.7761871218681309,100
dino_push_v2_random_s0,mw-push,41013,4,final,0.12144014401440142,0.1,0.0,100
dino_push_v2_random_s0,mw-push,41013,5,init,0.317047704770477,0.2,0.019007921218869295,100
dino_push_v2_random_s0,mw-push,41013,5,final,0.10977497749774977,0.0,0.0,100
dino_push_v2_random_s0,mw-push,41013,6,init,0.43399939993999387,0.1,0.0,100
dino_push_v2_random_s0,mw-push,41013,6,final,-0.08936093609360936,0.1,0.0,100
dino_push_v2_random_s0,mw-push,41014,0,init,0.34948694869486946,0.7,0.0,100
dino_push_v2_random_s0,mw-push,41014,0,final,0.19283528352835283,0.0,0.047367811203011256,100
dino_push_v2_random_s0,mw-push,41014,1,init,0.6951935193519351,0.3,0.00505596399307251,100
dino_push_v2_random_s0,mw-push,41014,1,final,0.22837083708370834,0.2,0.0,100
dino_push_v2_random_s0,mw-push,41014,2,init,0.6223222322232222,0.0,2.2624343633651818,100
dino_push_v2_random_s0,mw-push,41014,2,final,0.3034503450345034,0.0,0.0,100
dino_push_v2_random_s0,mw-push,41014,3,init,0.5710891089108909,0.1,1.5449061989784325,100
dino_push_v2_random_s0,mw-push,41014,3,final,0.10664266426642663,0.0,0.0,100
dino_push_v2_random_s0,mw-push,41014,4,init,0.5311491149114911,0.1,0.9728163480758723,100
dino_push_v2_random_s0,mw-push,41014,4,final,-0.039003900390038995,0.0,0.0,100
dino_push_v2_random_s0,mw-push,41014,5,init,0.4197659765976597,0.0,0.07107257843018133,100
dino_push_v2_random_s0,mw-push,41014,5,final,0.13262526252625262,0.0,0.0,100
dino_push_v2_random_s0,mw-push,41014,6,init,0.046468646864686464,0.0,0.0,100
dino_push_v2_random_s0,mw-push,41014,6,final,0.08550855085508549,0.0,0.0,100
dino_push_v2_random_s0,mw-push,41015,0,init,-0.08532853285328533,0.0,0.0,100
dino_push_v2_random_s0,mw-push,41015,0,final,-0.377065706570657,0.0,0.0,100
dino_push_v2_random_s0,mw-push,41015,1,init,-0.6087728772877288,0.0,0.0,100
dino_push_v2_random_s0,mw-push,41015,1,final,-0.23977197719771975,0.0,0.0,100
dino_push_v2_random_s0,mw-push,41015,2,init,-0.45596159615961585,0.0,0.0,100
dino_push_v2_random_s0,mw-push,41015,2,final,-0.2931893189318932,0.0,0.0,100
dino_push_v2_random_s0,mw-push,41015,3,init,-0.26631863186318633,0.0,0.0,100
dino_push_v2_random_s0,mw-push,41015,3,final,-0.053825382538253815,0.0,0.0,100
dino_push_v2_random_s0,mw-push,41015,4,init,-0.16778877887788776,0.0,0.0,100
dino_push_v2_random_s0,mw-push,41015,4,final,0.04154815481548155,0.0,0.0,100
dino_push_v2_random_s0,mw-push,41015,5,init,-0.12945694569456945,0.0,0.0,100
dino_push_v2_random_s0,mw-push,41015,5,final,-0.03626762676267627,0.0,0.0,100
dino_push_v2_random_s0,mw-push,41015,6,init,0.03407140714071406,0.0,0.0,100
dino_push_v2_random_s0,mw-push,41015,6,final,-0.24242424242424243,0.0,0.0,100
dino_push_v2_random_s1,mw-push,41000,0,init,0.3491029102910291,0.6,0.0,100
dino_push_v2_random_s1,mw-push,41000,0,final,0.01968196819681968,0.0,0.0,100
dino_push_v2_random_s1,mw-push,41000,1,init,0.682040204020402,0.2,1.20438933372497,100
dino_push_v2_random_s1,mw-push,41000,1,final,-0.06313831383138313,0.0,0.14296770095825195,100
dino_push_v2_random_s1,mw-push,41000,2,init,0.25296129612961293,0.3,2.1025389432907104,100
dino_push_v2_random_s1,mw-push,41000,2,final,-0.021026165695161227,0.1,0.017517805099481754,100
dino_push_v2_random_s1,mw-push,41000,3,init,0.1724332433243324,0.0,2.0655363798141506,100
dino_push_v2_random_s1,mw-push,41000,3,final,0.17293729372937292,0.3,0.03472268581389826,100
dino_push_v2_random_s1,mw-push,41000,4,init,0.1494269426942694,0.0,3.5730123519897408,100
dino_push_v2_random_s1,mw-push,41000,4,final,0.047452745274527454,0.1,0.18041729927062988,100
dino_push_v2_random_s1,mw-push,41000,5,init,0.25306930693069307,0.2,1.0908782482147217,100
dino_push_v2_random_s1,mw-push,41000,5,final,0.061170117011701164,0.0,0.5547255277633611,100
dino_push_v2_random_s1,mw-push,41000,6,init,0.25024902490249024,0.0,0.0,100
dino_push_v2_random_s1,mw-push,41000,6,final,0.1257005700570057,0.1,0.0,100
dino_push_v2_random_s1,mw-push,41001,0,init,0.18089408940894086,0.3,0.0,100
dino_push_v2_random_s1,mw-push,41001,0,final,0.17560156015601558,0.1,0.1406103372573908,100
dino_push_v2_random_s1,mw-push,41001,1,init,0.3608640864086408,0.1,0.08588731288909912,100
dino_push_v2_random_s1,mw-push,41001,1,final,0.2181338133813381,0.0,0.20313560962677002,100
dino_push_v2_random_s1,mw-push,41001,2,init,0.27391539153915384,0.0,3.870056569576272,100
dino_push_v2_random_s1,mw-push,41001,2,final,-0.1995199519951995,0.1,0.0,100
dino_push_v2_random_s1,mw-push,41001,3,init,0.19657965796579657,0.0,0.0513225793838501,100
dino_push_v2_random_s1,mw-push,41001,3,final,0.16271227122712267,0.1,0.0,100
dino_push_v2_random_s1,mw-push,41001,4,init,0.08243624362436243,0.1,0.0,100
dino_push_v2_random_s1,mw-push,41001,4,final,-0.19209120912091207,0.1,0.0,100
dino_push_v2_random_s1,mw-push,41001,5,init,0.1203120312031203,0.2,0.0,100
dino_push_v2_random_s1,mw-push,41001,5,final,0.21111311131113109,0.2,0.0,100
dino_push_v2_random_s1,mw-push,41001,6,init,0.3886708670867086,0.4,0.0,100
dino_push_v2_random_s1,mw-push,41001,6,final,0.30359435943594354,0.3,0.0,100
dino_push_v2_random_s1,mw-push,41002,0,init,0.34723072307230723,0.5,0.0,100
dino_push_v2_random_s1,mw-push,41002,0,final,0.12735673567356734,0.2,0.0,100
dino_push_v2_random_s1,mw-push,41002,1,init,0.07975997599759974,0.1,0.0,100
dino_push_v2_random_s1,mw-push,41002,1,final,0.1537953795379538,0.1,0.0,100
dino_push_v2_random_s1,mw-push,41002,2,init,-0.1502070207020702,0.0,0.0,100
dino_push_v2_random_s1,mw-push,41002,2,final,-0.21668166816681667,0.0,0.0,100
dino_push_v2_random_s1,mw-push,41002,3,init,-0.11764776477647765,0.0,0.0,100
dino_push_v2_random_s1,mw-push,41002,3,final,0.12079207920792077,0.3,0.0,100
dino_push_v2_random_s1,mw-push,41002,4,init,-0.04318031803180317,0.0,0.0,100
dino_push_v2_random_s1,mw-push,41002,4,final,0.05237323732373236,0.0,0.0,100
dino_push_v2_random_s1,mw-push,41002,5,init,-0.26597059705970594,0.0,0.0,100
dino_push_v2_random_s1,mw-push,41002,5,final,0.2734353435343534,0.0,0.0,100
dino_push_v2_random_s1,mw-push,41002,6,init,-0.18667866786678666,0.0,0.0,100
dino_push_v2_random_s1,mw-push,41002,6,final,-0.17328532853285328,0.2,0.0,100
dino_push_v2_random_s1,mw-push,41003,0,init,0.2905010501050104,0.3,0.0,100
dino_push_v2_random_s1,mw-push,41003,0,final,-0.06657065706570657,0.1,0.2262890338897705,100
dino_push_v2_random_s1,mw-push,41003,1,init,0.6267266726672667,0.3,0.9281501173973083,100
dino_push_v2_random_s1,mw-push,41003,1,final,0.11068706870687067,0.1,0.15617161989212036,100
dino_push_v2_random_s1,mw-push,41003,2,init,0.3293489348934893,0.1,2.7180075645446724,100
dino_push_v2_random_s1,mw-push,41003,2,final,0.02777077707770777,0.2,0.0,100
dino_push_v2_random_s1,mw-push,41003,3,init,0.3771977197719772,0.1,1.1302992701530483,100
dino_push_v2_random_s1,mw-push,41003,3,final,0.0378997899789979,0.0,0.0,100
dino_push_v2_random_s1,mw-push,41003,4,init,0.040324032403240326,0.0,0.22324174642562866,100
dino_push_v2_random_s1,mw-push,41003,4,final,-0.032559255925592556,0.0,0.0,100
dino_push_v2_random_s1,mw-push,41003,5,init,0.11950795079507949,0.3,0.1496478915214594,100
dino_push_v2_random_s1,mw-push,41003,5,final,0.048004800480048,0.1,0.0,100
dino_push_v2_random_s1,mw-push,41003,6,init,0.07123912391239123,0.0,0.0,100
dino_push_v2_random_s1,mw-push,41003,6,final,-0.055193519351935186,0.1,0.0,100
dino_push_v2_random_s1,mw-push,41004,0,init,0.20357635763576357,0.1,0.0,100
dino_push_v2_random_s1,mw-push,41004,0,final,-0.010585058505850585,0.0,0.0,100
dino_push_v2_random_s1,mw-push,41004,1,init,-0.03707170717071707,0.0,0.0,100
dino_push_v2_random_s1,mw-push,41004,1,final,-0.049864986498649864,0.0,0.0,100
dino_push_v2_random_s1,mw-push,41004,2,init,-0.36127212721272123,0.0,0.0,100
dino_push_v2_random_s1,mw-push,41004,2,final,0.12867686768676867,0.1,0.0,100
dino_push_v2_random_s1,mw-push,41004,3,init,-0.19645964596459642,0.0,0.0,100
dino_push_v2_random_s1,mw-push,41004,3,final,0.14923492349234924,0.0,0.0,100
dino_push_v2_random_s1,mw-push,41004,4,init,-0.4471767176717671,0.0,0.0,100
dino_push_v2_random_s1,mw-push,41004,4,final,0.12265226522652264,0.0,0.0,100
dino_push_v2_random_s1,mw-push,41004,5,init,-0.15991599159915992,0.0,0.0,100
dino_push_v2_random_s1,mw-push,41004,5,final,0.0642064206420642,0.0,0.0,100
dino_push_v2_random_s1,mw-push,41004,6,init,-0.28097209720972094,0.0,0.0,100
dino_push_v2_random_s1,mw-push,41004,6,final,0.18844284428442842,0.0,0.0,100
dino_push_v2_random_s1,mw-push,41005,0,init,0.3222082208220822,0.5,0.0,100
dino_push_v2_random_s1,mw-push,41005,0,final,-0.027926792679267926,0.0,0.0,100
dino_push_v2_random_s1,mw-push,41005,1,init,0.3871227122712271,0.3,0.02328902482985895,100
dino_push_v2_random_s1,mw-push,41005,1,final,-0.03447944794479448,0.1,0.0,100
dino_push_v2_random_s1,mw-push,41005,2,init,0.23667566756675665,0.1,0.0,100
dino_push_v2_random_s1,mw-push,41005,2,final,0.03162316231623162,0.0,0.0,100
dino_push_v2_random_s1,mw-push,41005,3,init,0.06403840384038403,0.2,0.0,100
dino_push_v2_random_s1,mw-push,41005,3,final,-0.2322232223222322,0.0,0.0,100
dino_push_v2_random_s1,mw-push,41005,4,init,-0.1368136813681368,0.0,0.0,100
dino_push_v2_random_s1,mw-push,41005,4,final,-0.018325832583258324,0.2,0.0,100
dino_push_v2_random_s1,mw-push,41005,5,init,-0.11051905190519051,0.0,0.0,100
dino_push_v2_random_s1,mw-push,41005,5,final,0.09467746774677467,0.1,0.0,100
dino_push_v2_random_s1,mw-push,41005,6,init,-0.006912691269126911,0.0,0.0,100
dino_push_v2_random_s1,mw-push,41005,6,final,0.33069306930693065,0.1,0.0,100
dino_push_v2_random_s1,mw-push,41006,0,init,0.4908250825082508,0.5,0.0,100
dino_push_v2_random_s1,mw-push,41006,0,final,-0.0753075307530753,0.0,0.0,100
dino_push_v2_random_s1,mw-push,41006,1,init,0.43429942994299425,0.0,0.0,100
dino_push_v2_random_s1,mw-push,41006,1,final,0.06148214821482148,0.0,0.0,100
dino_push_v2_random_s1,mw-push,41006,2,init,0.24846084608460844,0.1,0.0,100
dino_push_v2_random_s1,mw-push,41006,2,final,0.08154815481548154,0.0,0.0,100
dino_push_v2_random_s1,mw-push,41006,3,init,0.08836483648364836,0.0,0.0,100
dino_push_v2_random_s1,mw-push,41006,3,final,-0.061050105010501045,0.1,0.0,100
dino_push_v2_random_s1,mw-push,41006,4,init,-0.11062706270627061,0.0,0.027529895305627994,100
dino_push_v2_random_s1,mw-push,41006,4,final,-0.004824482448244824,0.0,0.0,100
dino_push_v2_random_s1,mw-push,41006,5,init,0.043408340834083396,0.0,0.005716085433959961,100
dino_push_v2_random_s1,mw-push,41006,5,final,-0.0694029402940294,0.0,0.0,100
dino_push_v2_random_s1,mw-push,41006,6,init,0.010897089708970896,0.0,0.0,100
dino_push_v2_random_s1,mw-push,41006,6,final,-0.15361536153615357,0.1,0.0,100
dino_push_v2_random_s1,mw-push,41007,0,init,0.27773177317731773,0.4,0.0,100
dino_push_v2_random_s1,mw-push,41007,0,final,0.20318031803180317,0.3,0.0,100
dino_push_v2_random_s1,mw-push,41007,1,init,0.07752775277527753,0.0,0.0,100
dino_push_v2_random_s1,mw-push,41007,1,final,-0.09785778577857786,0.0,0.0,100
dino_push_v2_random_s1,mw-push,41007,2,init,-0.07187518751875187,0.0,0.0,100
dino_push_v2_random_s1,mw-push,41007,2,final,0.10119411941194119,0.0,0.0,100
dino_push_v2_random_s1,mw-push,41007,3,init,-0.2993939393939394,0.0,0.0,100
dino_push_v2_random_s1,mw-push,41007,3,final,0.06825082508250824,0.0,0.0,100
dino_push_v2_random_s1,mw-push,41007,4,init,-0.2931893189318932,0.1,0.0,100
dino_push_v2_random_s1,mw-push,41007,4,final,-0.027794779477947788,0.0,0.0,100
dino_push_v2_random_s1,mw-push,41007,5,init,-0.32698469846984696,0.0,0.0,100
dino_push_v2_random_s1,mw-push,41007,5,final,0.10294629462946293,0.2,0.0,100
dino_push_v2_random_s1,mw-push,41007,6,init,0.27342334233423343,0.1,0.0,100
dino_push_v2_random_s1,mw-push,41007,6,final,0.03865586558655865,0.0,0.0,100
dino_push_v2_random_s1,mw-push,41008,0,init,0.5076147614761476,0.6,0.0,100
dino_push_v2_random_s1,mw-push,41008,0,final,0.08786078607860785,0.0,0.027051568031311035,100
dino_push_v2_random_s1,mw-push,41008,1,init,0.588034803480348,0.1,0.07657408714294989,100
dino_push_v2_random_s1,mw-push,41008,1,final,0.2072367236723672,0.1,0.0008463859558105469,100
dino_push_v2_random_s1,mw-push,41008,2,init,0.1914071407140714,0.0,2.1376311779022217,100
dino_push_v2_random_s1,mw-push,41008,2,final,-0.026870687068706867,0.0,0.0,100
dino_push_v2_random_s1,mw-push,41008,3,init,-0.04325232523252325,0.1,4.25105094909668,100
dino_push_v2_random_s1,mw-push,41008,3,final,-0.07432343234323432,0.0,0.0,100
dino_push_v2_random_s1,mw-push,41008,4,init,0.08422442244224423,0.0,0.0,100
dino_push_v2_random_s1,mw-push,41008,4,final,0.22865886588658862,0.0,0.0,100
dino_push_v2_random_s1,mw-push,41008,5,init,0.11967596759675966,0.0,0.0,100
dino_push_v2_random_s1,mw-push,41008,5,final,0.03357935793579358,0.0,0.0,100
dino_push_v2_random_s1,mw-push,41008,6,init,-0.08622862286228622,0.0,0.0,100
dino_push_v2_random_s1,mw-push,41008,6,final,-0.10858685868586858,0.0,0.0,100
dino_push_v2_random_s1,mw-push,41009,0,init,0.18293429342934292,0.3,0.0,100
dino_push_v2_random_s1,mw-push,41009,0,final,-0.04154815481548155,0.1,0.0,100
dino_push_v2_random_s1,mw-push,41009,1,init,0.11727572757275725,0.1,0.0,100
dino_push_v2_random_s1,mw-push,41009,1,final,0.21808580858085808,0.0,0.0,100
dino_push_v2_random_s1,mw-push,41009,2,init,-0.3933513351335133,0.0,0.0,100
dino_push_v2_random_s1,mw-push,41009,2,final,0.207032703270327,0.2,0.0,100
dino_push_v2_random_s1,mw-push,41009,3,init,-0.5909630963096308,0.0,0.0,100
dino_push_v2_random_s1,mw-push,41009,3,final,-0.10401440144014398,0.1,0.0,100
dino_push_v2_random_s1,mw-push,41009,4,init,-0.2411041104110411,0.1,0.0,100
dino_push_v2_random_s1,mw-push,41009,4,final,-0.00408040804080408,0.1,0.0,100
dino_push_v2_random_s1,mw-push,41009,5,init,0.032979297929792976,0.1,0.0,100
dino_push_v2_random_s1,mw-push,41009,5,final,-0.05617761776177617,0.1,0.0,100
dino_push_v2_random_s1,mw-push,41009,6,init,0.12374437443744372,0.0,0.0,100
dino_push_v2_random_s1,mw-push,41009,6,final,-0.17677767776777678,0.0,0.0,100
dino_push_v2_random_s1,mw-push,41010,0,init,0.42155415541554153,0.2,0.0,100
dino_push_v2_random_s1,mw-push,41010,0,final,-0.26845484548454845,0.0,0.0,100
dino_push_v2_random_s1,mw-push,41010,1,init,-0.013957395739573957,0.3,0.0,100
dino_push_v2_random_s1,mw-push,41010,1,final,-0.038283828382838274,0.0,0.0,100
dino_push_v2_random_s1,mw-push,41010,2,init,-0.05748574857485748,0.0,0.0,100
dino_push_v2_random_s1,mw-push,41010,2,final,0.17923792379237924,0.1,0.0,100
dino_push_v2_random_s1,mw-push,41010,3,init,-0.21512151215121508,0.0,0.0,100
dino_push_v2_random_s1,mw-push,41010,3,final,0.024224495123106697,0.0,0.0,100
dino_push_v2_random_s1,mw-push,41010,4,init,-0.20217221722172216,0.0,0.0,100
dino_push_v2_random_s1,mw-push,41010,4,final,0.056801680168016795,0.1,0.0,100
dino_push_v2_random_s1,mw-push,41010,5,init,-0.299021902190219,0.0,0.0,100
dino_push_v2_random_s1,mw-push,41010,5,final,-0.11702370237023701,0.0,0.0,100
dino_push_v2_random_s1,mw-push,41010,6,init,0.3601320132013201,0.1,0.0,100
dino_push_v2_random_s1,mw-push,41010,6,final,-0.0522052205220522,0.0,0.0,100
dino_push_v2_random_s1,mw-push,41011,0,init,0.19739573957395737,0.1,0.0,100
dino_push_v2_random_s1,mw-push,41011,0,final,0.3158355835583558,0.1,0.0,100
dino_push_v2_random_s1,mw-push,41011,1,init,0.7231923192319231,0.1,0.6998270750045721,100
dino_push_v2_random_s1,mw-push,41011,1,final,0.24067206720672066,0.0,0.3321319818496704,100
dino_push_v2_random_s1,mw-push,41011,2,init,0.33878187818781874,0.3,3.7748530507087708,100
dino_push_v2_random_s1,mw-push,41011,2,final,-0.022406240624062403,0.0,0.46762824058532715,100
dino_push_v2_random_s1,mw-push,41011,3,init,0.009204920492049205,0.1,4.076498746871951,100
dino_push_v2_random_s1,mw-push,41011,3,final,-0.07095109510951093,0.0,0.0,100
dino_push_v2_random_s1,mw-push,41011,4,init,0.018289828982898288,0.2,2.0134389400482204,100
dino_push_v2_random_s1,mw-push,41011,4,final,-0.13714971497149714,0.1,0.0,100
dino_push_v2_random_s1,mw-push,41011,5,init,-0.051929192919291926,0.2,0.0,100
dino_push_v2_random_s1,mw-push,41011,5,final,0.12768076807680767,0.0,0.0,100
dino_push_v2_random_s1,mw-push,41011,6,init,-0.031539153915391534,0.0,0.0,100
dino_push_v2_random_s1,mw-push,41011,6,final,0.39249924992499247,0.1,0.0,100
dino_push_v2_random_s1,mw-push,41012,0,init,0.4138133813381338,0.5,0.0,100
dino_push_v2_random_s1,mw-push,41012,0,final,-0.025586558655865583,0.1,0.4895329475402804,100
dino_push_v2_random_s1,mw-push,41012,1,init,0.7152835283528352,0.4,1.4484241604804993,100
dino_push_v2_random_s1,mw-push,41012,1,final,0.05106510651065106,0.1,0.0,100
dino_push_v2_random_s1,mw-push,41012,2,init,0.16715271527152717,0.2,2.5118768215179497,100
dino_push_v2_random_s1,mw-push,41012,2,final,-0.1653165316531653,0.1,0.0,100
dino_push_v2_random_s1,mw-push,41012,3,init,0.12325232523252323,0.0,2.9797151684760994,100
dino_push_v2_random_s1,mw-push,41012,3,final,0.027854785478547854,0.0,0.0,100
dino_push_v2_random_s1,mw-push,41012,4,init,0.02467446744674467,0.1,0.0,100
dino_push_v2_random_s1,mw-push,41012,4,final,0.2464206420642064,0.1,0.0,100
dino_push_v2_random_s1,mw-push,41012,5,init,0.13917791779177915,0.0,0.0,100
dino_push_v2_random_s1,mw-push,41012,5,final,0.31377137713771375,0.0,0.0,100
dino_push_v2_random_s1,mw-push,41012,6,init,0.11705970597059706,0.0,0.0,100
dino_push_v2_random_s1,mw-push,41012,6,final,0.09722801448592962,0.1,0.0,100
dino_push_v2_random_s1,mw-push,41013,0,init,0.2013081308130813,0.3,0.0,100
dino_push_v2_random_s1,mw-push,41013,0,final,0.08494449444944492,0.0,0.0,100
dino_push_v2_random_s1,mw-push,41013,1,init,0.20930093009300926,0.2,0.0,100
dino_push_v2_random_s1,mw-push,41013,1,final,0.05719771977197719,0.3,0.0,100
dino_push_v2_random_s1,mw-push,41013,2,init,-0.2776837683768376,0.0,0.0,100
dino_push_v2_random_s1,mw-push,41013,2,final,-0.10059405940594057,0.0,0.0,100
dino_push_v2_random_s1,mw-push,41013,3,init,-0.3344614461446144,0.0,0.0,100
dino_push_v2_random_s1,mw-push,41013,3,final,-0.25516951695169515,0.0,0.0,100
dino_push_v2_random_s1,mw-push,41013,4,init,-0.41196519651965197,0.0,0.0,100
dino_push_v2_random_s1,mw-push,41013,4,final,-0.018889888988898887,0.0,0.0,100
dino_push_v2_random_s1,mw-push,41013,5,init,0.017665766576657662,0.0,0.0,100
dino_push_v2_random_s1,mw-push,41013,5,final,-0.18538253825382536,0.0,0.0,100
dino_push_v2_random_s1,mw-push,41013,6,init,0.0642064206420642,0.0,0.0,100
dino_push_v2_random_s1,mw-push,41013,6,final,-0.17087308730873088,0.0,0.0,100
dino_push_v2_random_s1,mw-push,41014,0,init,0.308034803480348,0.5,0.0,100
dino_push_v2_random_s1,mw-push,41014,0,final,-0.05747374737473747,0.1,0.016446411609652434,100
dino_push_v2_random_s1,mw-push,41014,1,init,0.2998739873987398,0.0,2.1139949560165405,100
dino_push_v2_random_s1,mw-push,41014,1,final,-0.01152115211521152,0.0,0.0,100
dino_push_v2_random_s1,mw-push,41014,2,init,-0.25530153015301527,0.0,0.0,100
dino_push_v2_random_s1,mw-push,41014,2,final,-0.09506150615061504,0.0,0.0,100
dino_push_v2_random_s1,mw-push,41014,3,init,-0.3751575157515752,0.0,1.125484704971322,100
dino_push_v2_random_s1,mw-push,41014,3,final,0.03995199519951995,0.0,0.0,100
dino_push_v2_random_s1,mw-push,41014,4,init,-0.2843924392439243,0.0,0.0,100
dino_push_v2_random_s1,mw-push,41014,4,final,-0.043672367236723665,0.0,0.0,100
dino_push_v2_random_s1,mw-push,41014,5,init,0.006384638463846384,0.0,0.0,100
dino_push_v2_random_s1,mw-push,41014,5,final,-0.21260126012601258,0.0,0.0,100
dino_push_v2_random_s1,mw-push,41014,6,init,-0.13065706570657065,0.0,0.0,100
dino_push_v2_random_s1,mw-push,41014,6,final,-0.10397839783978395,0.0,0.0,100
dino_push_v2_random_s1,mw-push,41015,0,init,-0.045244524452445235,0.0,0.0,100
dino_push_v2_random_s1,mw-push,41015,0,final,-0.26863486348634863,0.0,0.0,100
dino_push_v2_random_s1,mw-push,41015,1,init,-0.6769156915691569,0.0,0.0,100
dino_push_v2_random_s1,mw-push,41015,1,final,-0.16150015001500145,0.0,0.0,100
dino_push_v2_random_s1,mw-push,41015,2,init,-0.5364176417641763,0.0,0.0,100
dino_push_v2_random_s1,mw-push,41015,2,final,-0.14714671467146714,0.0,0.0,100
dino_push_v2_random_s1,mw-push,41015,3,init,-0.18563456345634563,0.0,0.0,100
dino_push_v2_random_s1,mw-push,41015,3,final,0.03925592559255925,0.1,0.0,100
dino_push_v2_random_s1,mw-push,41015,4,init,-0.11105910591059105,0.0,0.0,100
dino_push_v2_random_s1,mw-push,41015,4,final,-0.10473447344734471,0.2,0.0,100
dino_push_v2_random_s1,mw-push,41015,5,init,-0.1927392739273927,0.0,0.0,100
dino_push_v2_random_s1,mw-push,41015,5,final,-0.04277227722772277,0.1,0.0,100
dino_push_v2_random_s1,mw-push,41015,6,init,-0.18210621062106208,0.0,0.0,100
dino_push_v2_random_s1,mw-push,41015,6,final,-0.08417641764176417,0.2,0.0,100
dino_push_v2_random_s2,mw-push,41000,0,init,0.3804620462046204,0.8,0.0,100
dino_push_v2_random_s2,mw-push,41000,0,final,0.046228622862286226,0.0,0.07734000682830255,100
dino_push_v2_random_s2,mw-push,41000,1,init,0.7712811281128111,0.4,0.6958514451980591,100
dino_push_v2_random_s2,mw-push,41000,1,final,0.16865286528652862,0.0,1.098969578742981,100
dino_push_v2_random_s2,mw-push,41000,2,init,0.42153015301530145,0.2,2.7882486581802395,100
dino_push_v2_random_s2,mw-push,41000,2,final,0.0022562256225622562,0.0,1.0856240987777654,100
dino_push_v2_random_s2,mw-push,41000,3,init,0.22621062106210618,0.1,3.5862877964973534,100
dino_push_v2_random_s2,mw-push,41000,3,final,0.11431143114311429,0.1,0.0,100
dino_push_v2_random_s2,mw-push,41000,4,init,0.18615061506150613,0.0,3.5460114479064995,100
dino_push_v2_random_s2,mw-push,41000,4,final,0.05414941494149414,0.1,0.0,100
dino_push_v2_random_s2,mw-push,41000,5,init,0.334041404140414,0.0,0.557315349578863,100
dino_push_v2_random_s2,mw-push,41000,5,final,0.30189018901890186,0.1,0.0,100
dino_push_v2_random_s2,mw-push,41000,6,init,0.2542934293429343,0.0,0.0,100
dino_push_v2_random_s2,mw-push,41000,6,final,-0.04184818481848185,0.0,0.0,100
dino_push_v2_random_s2,mw-push,41001,0,init,0.2441404140414041,0.4,0.0,100
dino_push_v2_random_s2,mw-push,41001,0,final,-0.034599459945994594,0.0,0.024279952049260922,100
dino_push_v2_random_s2,mw-push,41001,1,init,0.5895949594959495,0.2,0.8118927478790283,100
dino_push_v2_random_s2,mw-push,41001,1,final,0.07534353435343533,0.1,0.07166862487792969,100
dino_push_v2_random_s2,mw-push,41001,2,init,0.2148214821482148,0.1,4.2771190404891914,100
dino_push_v2_random_s2,mw-push,41001,2,final,0.0679027902790279,0.1,0.1284480094909668,100
dino_push_v2_random_s2,mw-push,41001,3,init,0.10256225622562255,0.2,4.26682978868485,100
dino_push_v2_random_s2,mw-push,41001,3,final,0.022046204620462043,0.1,0.0,100
dino_push_v2_random_s2,mw-push,41001,4,init,0.19707170717071706,0.1,0.43066442012786865,100
dino_push_v2_random_s2,mw-push,41001,4,final,0.09672967296729673,0.2,0.35863816738128107,100
dino_push_v2_random_s2,mw-push,41001,5,init,0.03801980198019801,0.0,4.070194065570839,100
dino_push_v2_random_s2,mw-push,41001,5,final,-0.08879687968796879,0.0,0.0,100
dino_push_v2_random_s2,mw-push,41001,6,init,0.14943894389438944,0.0,0.0,100
dino_push_v2_random_s2,mw-push,41001,6,final,0.13124512451245124,0.1,0.0,100
dino_push_v2_random_s2,mw-push,41002,0,init,0.382058205820582,0.6,0.0,100
dino_push_v2_random_s2,mw-push,41002,0,final,0.03974797479747975,0.0,0.4664421081542913,100
dino_push_v2_random_s2,mw-push,41002,1,init,0.5088988898889888,0.2,1.1967957019805908,100
dino_push_v2_random_s2,mw-push,41002,1,final,0.019813981398139814,0.0,0.0,100
dino_push_v2_random_s2,mw-push,41002,2,init,0.26267026702670265,0.3,0.0,100
dino_push_v2_random_s2,mw-push,41002,2,final,0.05062106210621061,0.1,0.0,100
dino_push_v2_random_s2,mw-push,41002,3,init,0.1302130213021302,0.0,0.29118657112122137,100
dino_push_v2_random_s2,mw-push,41002,3,final,0.03843984398439844,0.2,0.0,100
dino_push_v2_random_s2,mw-push,41002,4,init,0.09971797179717971,0.1,0.0,100
dino_push_v2_random_s2,mw-push,41002,4,final,0.167020702070207,0.1,0.0,100
dino_push_v2_random_s2,mw-push,41002,5,init,0.0038043804380438044,0.1,0.15328526496887207,100
dino_push_v2_random_s2,mw-push,41002,5,final,-0.08234023402340233,0.0,0.0,100
dino_push_v2_random_s2,mw-push,41002,6,init,0.12363636363636363,0.0,0.0,100
dino_push_v2_random_s2,mw-push,41002,6,final,0.3011221122112211,0.1,0.0,100
dino_push_v2_random_s2,mw-push,41003,0,init,0.31747974797479744,0.5,0.0,100
dino_push_v2_random_s2,mw-push,41003,0,final,0.591107110711071,0.1,0.11412650346755981,100
dino_push_v2_random_s2,mw-push,41003,1,init,0.8324272427242724,0.5,1.1492535471916199,100
dino_push_v2_random_s2,mw-push,41003,1,final,0.19311131113111307,0.0,1.3191998004913275,100
dino_push_v2_random_s2,mw-push,41003,2,init,0.02618661866186618,0.0,7.13034719228745,100
dino_push_v2_random_s2,mw-push,41003,2,final,0.1318211821182118,0.1,3.9765998721122715,100
dino_push_v2_random_s2,mw-push,41003,3,init,-0.02749474947494749,0.2,9.09941494464874,100
dino_push_v2_random_s2,mw-push,41003,3,final,-0.08094809480948092,0.0,4.762963950634,100
dino_push_v2_random_s2,mw-push,41003,4,init,0.12874887488748873,0.1,2.4985805153846767,100
dino_push_v2_random_s2,mw-push,41003,4,final,0.07153915391539153,0.1,0.9985476732254028,100
dino_push_v2_random_s2,mw-push,41003,5,init,0.02856285628562856,0.2,4.04939204454422,100
dino_push_v2_random_s2,mw-push,41003,5,final,0.19060306030603058,0.1,4.535961151123047,100
dino_push_v2_random_s2,mw-push,41003,6,init,0.3875667566756675,0.3,0.5385011434555054,100
dino_push_v2_random_s2,mw-push,41003,6,final,0.10492649264926492,0.2,0.2635568380355835,100
dino_push_v2_random_s2,mw-push,41004,0,init,0.2671467146714671,0.4,0.0,100
dino_push_v2_random_s2,mw-push,41004,0,final,0.019381938193819382,0.0,0.0,100
dino_push_v2_random_s2,mw-push,41004,1,init,0.22927092709270924,0.1,0.0,100
dino_push_v2_random_s2,mw-push,41004,1,final,-0.19991599159915988,0.0,0.0,100
dino_push_v2_random_s2,mw-push,41004,2,init,0.040216021602160215,0.2,0.1212775707244873,100
dino_push_v2_random_s2,mw-push,41004,2,final,0.0050765076507650764,0.0,0.0,100
dino_push_v2_random_s2,mw-push,41004,3,init,-0.014077407740774076,0.0,1.910820603370661,100
dino_push_v2_random_s2,mw-push,41004,3,final,0.11896789678967895,0.0,0.0,100
dino_push_v2_random_s2,mw-push,41004,4,init,-0.2056405640564056,0.0,0.0,100
dino_push_v2_random_s2,mw-push,41004,4,final,0.15362736273627361,0.1,0.0,100
dino_push_v2_random_s2,mw-push,41004,5,init,0.10899489948994898,0.1,0.0,100
dino_push_v2_random_s2,mw-push,41004,5,final,-0.19727572757275724,0.0,0.0,100
dino_push_v2_random_s2,mw-push,41004,6,init,0.378338968915501,0.0,0.0,100
dino_push_v2_random_s2,mw-push,41004,6,final,0.21778577857785775,0.0,0.0,100
dino_push_v2_random_s2,mw-push,41005,0,init,0.3578277827782778,0.5,0.0,100
dino_push_v2_random_s2,mw-push,41005,0,final,0.06083408340834083,0.0,0.0,100
dino_push_v2_random_s2,mw-push,41005,1,init,0.417029702970297,0.2,0.6432622671127292,100
dino_push_v2_random_s2,mw-push,41005,1,final,-0.08207620762076206,0.0,0.0,100
dino_push_v2_random_s2,mw-push,41005,2,init,0.33885388538853883,0.4,0.0,100
dino_push_v2_random_s2,mw-push,41005,2,final,0.005256525652565256,0.1,0.0,100
dino_push_v2_random_s2,mw-push,41005,3,init,0.19215121512151215,0.1,0.0,100
dino_push_v2_random_s2,mw-push,41005,3,final,0.11038703870387037,0.1,0.0,100
dino_push_v2_random_s2,mw-push,41005,4,init,0.022778277827782776,0.0,0.0,100
dino_push_v2_random_s2,mw-push,41005,4,final,0.1148154815481548,0.4,0.0,100
dino_push_v2_random_s2,mw-push,41005,5,init,0.3231923192319231,0.1,0.0,100
dino_push_v2_random_s2,mw-push,41005,5,final,0.002448244824482448,0.0,0.0,100
dino_push_v2_random_s2,mw-push,41005,6,init,0.12748874887488748,0.1,0.0,100
dino_push_v2_random_s2,mw-push,41005,6,final,0.16385238523852386,0.1,0.0,100
dino_push_v2_random_s2,mw-push,41006,0,init,0.3933513351335133,0.5,0.0,100
dino_push_v2_random_s2,mw-push,41006,0,final,-0.06066606660666066,0.0,0.0,100
dino_push_v2_random_s2,mw-push,41006,1,init,0.6611101110111011,0.1,0.0,100
dino_push_v2_random_s2,mw-push,41006,1,final,-0.01614161416141614,0.0,0.0,100
dino_push_v2_random_s2,mw-push,41006,2,init,0.3546474647464746,0.0,0.0,100
dino_push_v2_random_s2,mw-push,41006,2,final,0.06399039903990399,0.0,0.0,100
dino_push_v2_random_s2,mw-push,41006,3,init,0.3582238223822382,0.0,0.0,100
dino_push_v2_random_s2,mw-push,41006,3,final,0.17256525652565255,0.0,0.0,100
dino_push_v2_random_s2,mw-push,41006,4,init,0.05759375937593759,0.0,0.0,100
dino_push_v2_random_s2,mw-push,41006,4,final,0.2691269126912691,0.0,0.0,100
dino_push_v2_random_s2,mw-push,41006,5,init,-0.387249886740077,0.0,0.014221668243410979,100
dino_push_v2_random_s2,mw-push,41006,5,final,0.20640864086408642,0.0,0.0,100
dino_push_v2_random_s2,mw-push,41006,6,init,-0.04775277527752775,0.0,0.0,100
dino_push_v2_random_s2,mw-push,41006,6,final,0.09573357335733572,0.0,0.0,100
dino_push_v2_random_s2,mw-push,41007,0,init,0.3174437443744374,0.5,0.0,100
dino_push_v2_random_s2,mw-push,41007,0,final,0.22739873987398737,0.2,0.44088512659072876,100
dino_push_v2_random_s2,mw-push,41007,1,init,0.45987398739873986,0.5,0.4281193017959595,100
dino_push_v2_random_s2,mw-push,41007,1,final,0.06138613861386138,0.0,0.7220253348350497,100
dino_push_v2_random_s2,mw-push,41007,2,init,0.4019201920192018,0.3,0.24740099906921942,100
dino_push_v2_random_s2,mw-push,41007,2,final,0.17359735973597357,0.0,0.10380595922469815,100
dino_push_v2_random_s2,mw-push,41007,3,init,0.36181218121812175,0.2,0.47189593315123957,100
dino_push_v2_random_s2,mw-push,41007,3,final,0.1266246624662466,0.0,0.0,100
dino_push_v2_random_s2,mw-push,41007,4,init,-0.10660666066606658,0.2,1.571230590343481,100
dino_push_v2_random_s2,mw-push,41007,4,final,-0.10383438343834384,0.1,0.0,100
dino_push_v2_random_s2,mw-push,41007,5,init,-0.24678067806780676,0.0,2.5352865457534817,100
dino_push_v2_random_s2,mw-push,41007,5,final,-0.14417041704170414,0.0,0.0,100
dino_push_v2_random_s2,mw-push,41007,6,init,-0.2067686768676867,0.1,0.0,100
dino_push_v2_random_s2,mw-push,41007,6,final,-0.11114311431143112,0.0,0.0,100
dino_push_v2_random_s2,mw-push,41008,0,init,0.5004260426042604,0.8,0.0,100
dino_push_v2_random_s2,mw-push,41008,0,final,0.01794179417941794,0.0,0.13850629329681952,100
dino_push_v2_random_s2,mw-push,41008,1,init,0.6351515151515151,0.2,1.6357570886611883,100
dino_push_v2_random_s2,mw-push,41008,1,final,-0.015493549354935493,0.0,3.3340871334075928,100
dino_push_v2_random_s2,mw-push,41008,2,init,0.2048124812481248,0.1,4.22271192073822,100
dino_push_v2_random_s2,mw-push,41008,2,final,-0.008376837683768377,0.0,0.6779342889785822,100
dino_push_v2_random_s2,mw-push,41008,3,init,0.06690669066906689,0.2,4.320111870765691,100
dino_push_v2_random_s2,mw-push,41008,3,final,0.09326132613261325,0.1,0.863978266716009,100
dino_push_v2_random_s2,mw-push,41008,4,init,0.16147614761476145,0.0,5.206303298473358,100
dino_push_v2_random_s2,mw-push,41008,4,final,0.051941194119411935,0.2,0.0,100
dino_push_v2_random_s2,mw-push,41008,5,init,0.3046033741489082,0.1,1.334917545318609,100
dino_push_v2_random_s2,mw-push,41008,5,final,-0.033573458066331927,0.1,1.0315626859664973,100
dino_push_v2_random_s2,mw-push,41008,6,init,0.41185718571857177,0.3,0.0,100
dino_push_v2_random_s2,mw-push,41008,6,final,0.028130813081308128,0.0,0.0,100
dino_push_v2_random_s2,mw-push,41009,0,init,0.3232643264326432,0.5,0.0,100
dino_push_v2_random_s2,mw-push,41009,0,final,0.09848184818481848,0.1,0.0,100
dino_push_v2_random_s2,mw-push,41009,1,init,0.38358235823582354,0.2,0.31721293926239014,100
dino_push_v2_random_s2,mw-push,41009,1,final,0.21722172217221722,0.0,0.0,100
dino_push_v2_random_s2,mw-push,41009,2,init,-0.04196819681968196,0.1,0.29085278511047363,100
dino_push_v2_random_s2,mw-push,41009,2,final,-0.10137413741374136,0.1,0.0,100
dino_push_v2_random_s2,mw-push,41009,3,init,-0.14894689468946892,0.0,0.36541819572449286,100
dino_push_v2_random_s2,mw-push,41009,3,final,0.09845784578457845,0.0,0.0,100
dino_push_v2_random_s2,mw-push,41009,4,init,0.08690069006900689,0.0,0.0,100
dino_push_v2_random_s2,mw-push,41009,4,final,0.12716471647164715,0.1,0.0,100
dino_push_v2_random_s2,mw-push,41009,5,init,0.19416741674167415,0.0,0.0,100
dino_push_v2_random_s2,mw-push,41009,5,final,-0.00444044404440444,0.0,0.0,100
dino_push_v2_random_s2,mw-push,41009,6,init,-0.02683468346834683,0.2,0.0,100
dino_push_v2_random_s2,mw-push,41009,6,final,-0.002004200420042004,0.1,0.0,100
dino_push_v2_random_s2,mw-push,41010,0,init,0.5151995199519951,0.3,0.0,100
dino_push_v2_random_s2,mw-push,41010,0,final,-0.09758175817581756,0.0,0.0,100
dino_push_v2_random_s2,mw-push,41010,1,init,0.03701170117011701,0.2,0.0,100
dino_push_v2_random_s2,mw-push,41010,1,final,-0.3090858358424828,0.0,0.0,100
dino_push_v2_random_s2,mw-push,41010,2,init,0.10983498349834983,0.1,0.0,100
dino_push_v2_random_s2,mw-push,41010,2,final,-0.2670747074707471,0.0,0.0,100
dino_push_v2_random_s2,mw-push,41010,3,init,0.1394179417941794,0.2,0.0,100
dino_push_v2_random_s2,mw-push,41010,3,final,-0.12020402040204017,0.0,0.0,100
dino_push_v2_random_s2,mw-push,41010,4,init,0.2597299729972997,0.1,0.0,100
dino_push_v2_random_s2,mw-push,41010,4,final,0.132013201320132,0.1,0.0,100
dino_push_v2_random_s2,mw-push,41010,5,init,0.015565556555655563,0.0,0.0,100
dino_push_v2_random_s2,mw-push,41010,5,final,0.135025502550255,0.2,0.0,100
dino_push_v2_random_s2,mw-push,41010,6,init,0.11458745874587459,0.1,0.0,100
dino_push_v2_random_s2,mw-push,41010,6,final,-0.0659105910591059,0.1,0.0,100
dino_push_v2_random_s2,mw-push,41011,0,init,0.20195619561956196,0.3,0.0,100
dino_push_v2_random_s2,mw-push,41011,0,final,0.598139813981398,0.3,0.47046840190886896,100
dino_push_v2_random_s2,mw-push,41011,1,init,0.8134293429342934,0.5,5.525514483451846,100
dino_push_v2_random_s2,mw-push,41011,1,final,0.04537653765376538,0.1,1.3946771621704102,100
dino_push_v2_random_s2,mw-push,41011,2,init,0.022730273027302725,0.1,9.357216954231268,100
dino_push_v2_random_s2,mw-push,41011,2,final,0.08132013201320132,0.1,6.975746154785156,100
dino_push_v2_random_s2,mw-push,41011,3,init,-0.16352835283528352,0.0,7.975527644157404,100
dino_push_v2_random_s2,mw-push,41011,3,final,-0.12386438643864385,0.1,9.00591611862182,100
dino_push_v2_random_s2,mw-push,41011,4,init,-0.0022082208220822078,0.3,4.26756739616394,100
dino_push_v2_random_s2,mw-push,41011,4,final,0.23986798679867985,0.2,4.531297087669373,100
dino_push_v2_random_s2,mw-push,41011,5,init,0.30305430543054307,0.5,4.639741778373713,100
dino_push_v2_random_s2,mw-push,41011,5,final,0.27667566756675666,0.1,0.6192088127136286,100
dino_push_v2_random_s2,mw-push,41011,6,init,0.6582658265826582,0.3,2.041617035865789,100
dino_push_v2_random_s2,mw-push,41011,6,final,0.13531353135313529,0.0,0.19139647483825684,100
dino_push_v2_random_s2,mw-push,41012,0,init,0.4168496849684968,0.5,0.0,100
dino_push_v2_random_s2,mw-push,41012,0,final,0.15084308430843085,0.0,0.0,100
dino_push_v2_random_s2,mw-push,41012,1,init,0.6378637863786378,0.3,0.0,100
dino_push_v2_random_s2,mw-push,41012,1,final,0.19995199519951992,0.0,0.0,100
dino_push_v2_random_s2,mw-push,41012,2,init,-0.04736873687368736,0.1,0.0,100
dino_push_v2_random_s2,mw-push,41012,2,final,0.09318931893189318,0.1,0.0,100
dino_push_v2_random_s2,mw-push,41012,3,init,0.24916891689168916,0.1,0.2171069383621188,100
dino_push_v2_random_s2,mw-push,41012,3,final,0.09765376537653764,0.0,0.0,100
dino_push_v2_random_s2,mw-push,41012,4,init,0.3447344734473447,0.1,0.0,100
dino_push_v2_random_s2,mw-push,41012,4,final,0.4068286828682868,0.1,0.0,100
dino_push_v2_random_s2,mw-push,41012,5,init,0.3703570357035703,0.1,0.0,100
dino_push_v2_random_s2,mw-push,41012,5,final,0.2964776477647764,0.0,0.0,100
dino_push_v2_random_s2,mw-push,41012,6,init,0.38598259825982595,0.1,0.0,100
dino_push_v2_random_s2,mw-push,41012,6,final,0.0393999399939994,0.0,0.0,100
dino_push_v2_random_s2,mw-push,41013,0,init,0.27060306030603054,0.3,0.0,100
dino_push_v2_random_s2,mw-push,41013,0,final,-0.0258025802580258,0.0,0.0,100
dino_push_v2_random_s2,mw-push,41013,1,init,0.3428022802280227,0.2,0.0,100
dino_push_v2_random_s2,mw-push,41013,1,final,0.23098709870987097,0.0,0.0,100
dino_push_v2_random_s2,mw-push,41013,2,init,-0.12312031203120309,0.0,0.6722763180732699,100
dino_push_v2_random_s2,mw-push,41013,2,final,0.1437263726372637,0.2,0.0,100
dino_push_v2_random_s2,mw-push,41013,3,init,-0.07632763276327632,0.0,0.0,100
dino_push_v2_random_s2,mw-push,41013,3,final,0.09147314731473145,0.1,0.0,100
dino_push_v2_random_s2,mw-push,41013,4,init,0.008064806480648064,0.0,1.8245905637741116,100
dino_push_v2_random_s2,mw-push,41013,4,final,0.07350735073507349,0.2,0.0,100
dino_push_v2_random_s2,mw-push,41013,5,init,0.23105910591059103,0.1,0.0,100
dino_push_v2_random_s2,mw-push,41013,5,final,0.11415541554155414,0.0,0.0,100
dino_push_v2_random_s2,mw-push,41013,6,init,0.2776357635763576,0.0,0.0,100
dino_push_v2_random_s2,mw-push,41013,6,final,0.1763216321632163,0.0,0.0,100
dino_push_v2_random_s2,mw-push,41014,0,init,0.35101110111011097,0.7,0.0,100
dino_push_v2_random_s2,mw-push,41014,0,final,0.37168916891689163,0.2,0.8081838488578796,100
dino_push_v2_random_s2,mw-push,41014,1,init,0.7518751875187519,0.3,1.4165773987770107,100
dino_push_v2_random_s2,mw-push,41014,1,final,-0.016249624962496247,0.2,0.6245806813240107,100
dino_push_v2_random_s2,mw-push,41014,2,init,0.06497449744974497,0.2,4.663108289241791,100
dino_push_v2_random_s2,mw-push,41014,2,final,0.1612961296129613,0.1,2.5689989328384484,100
dino_push_v2_random_s2,mw-push,41014,3,init,-0.06943894389438943,0.0,3.960153460502619,100
dino_push_v2_random_s2,mw-push,41014,3,final,0.19013501350135012,0.3,2.3203879594802803,100
dino_push_v2_random_s2,mw-push,41014,4,init,0.06714671467146714,0.1,6.646002829074862,100
dino_push_v2_random_s2,mw-push,41014,4,final,0.1388418841884188,0.0,1.9984632730484009,100
dino_push_v2_random_s2,mw-push,41014,5,init,0.12698469846984697,0.0,3.451184928417211,100
dino_push_v2_random_s2,mw-push,41014,5,final,-0.08364836483648364,0.0,1.084241271018982,100
dino_push_v2_random_s2,mw-push,41014,6,init,0.014485448544854486,0.2,0.02734065055847168,100
dino_push_v2_random_s2,mw-push,41014,6,final,0.11909990999099908,0.2,0.0,100
dino_push_v2_random_s2,mw-push,41015,0,init,-0.08475247524752474,0.0,0.0,100
dino_push_v2_random_s2,mw-push,41015,0,final,-0.16643264326432639,0.0,0.0,100
dino_push_v2_random_s2,mw-push,41015,1,init,-0.6904530453045303,0.0,0.0,100
dino_push_v2_random_s2,mw-push,41015,1,final,-0.30953495349534954,0.0,0.0,100
dino_push_v2_random_s2,mw-push,41015,2,init,-0.5056225622562255,0.0,0.0,100
dino_push_v2_random_s2,mw-push,41015,2,final,-0.16656465646564653,0.0,0.0,100
dino_push_v2_random_s2,mw-push,41015,3,init,-0.02071407140714071,0.0,0.0,100
dino_push_v2_random_s2,mw-push,41015,3,final,-0.11414341434143413,0.0,0.0,100
dino_push_v2_random_s2,mw-push,41015,4,init,-0.0784278427842784,0.0,0.0,100
dino_push_v2_random_s2,mw-push,41015,4,final,-0.03558355835583558,0.0,0.0,100
dino_push_v2_random_s2,mw-push,41015,5,init,-0.12546054605460544,0.0,0.0,100
dino_push_v2_random_s2,mw-push,41015,5,final,0.019273927392739275,0.0,0.0,100
dino_push_v2_random_s2,mw-push,41015,6,init,0.017581758175817582,0.0,0.0,100
dino_push_v2_random_s2,mw-push,41015,6,final,0.042016201620162015,0.1,0.0,100
dino_push_v2_switch_s0,mw-push,41000,0,init,0.049384938493849374,0.2,0.0,100
dino_push_v2_switch_s0,mw-push,41000,0,final,0.03345934593459345,0.0,0.0,100
dino_push_v2_switch_s0,mw-push,41000,1,init,-0.40169216921692164,0.0,0.0,100
dino_push_v2_switch_s0,mw-push,41000,1,final,-0.10066606660666066,0.0,0.0,100
dino_push_v2_switch_s0,mw-push,41000,2,init,-0.10186618661866186,0.0,0.0,100
dino_push_v2_switch_s0,mw-push,41000,2,final,-0.11866786678667865,0.0,0.0,100
dino_push_v2_switch_s0,mw-push,41000,3,init,-0.2335553555355535,0.0,0.0,100
dino_push_v2_switch_s0,mw-push,41000,3,final,0.1485148514851485,0.1,0.0,100
dino_push_v2_switch_s0,mw-push,41000,4,init,-0.14381038103810379,0.0,0.0,100
dino_push_v2_switch_s0,mw-push,41000,4,final,-0.22285028502850282,0.0,0.0,100
dino_push_v2_switch_s0,mw-push,41000,5,init,-0.22739873987398737,0.0,0.0,100
dino_push_v2_switch_s0,mw-push,41000,5,final,0.12688868886888688,0.0,0.0,100
dino_push_v2_switch_s0,mw-push,41000,6,init,0.27090309030903087,0.2,0.0,100
dino_push_v2_switch_s0,mw-push,41000,6,final,-0.03338733873387338,0.0,0.0,100
dino_push_v2_switch_s0,mw-push,41001,0,init,-0.09254125412541253,0.0,0.0,100
dino_push_v2_switch_s0,mw-push,41001,0,final,0.04932493249324931,0.0,0.0,100
dino_push_v2_switch_s0,mw-push,41001,1,init,-0.4401680168016801,0.0,0.0,100
dino_push_v2_switch_s0,mw-push,41001,1,final,-0.1881308130813081,0.0,0.0,100
dino_push_v2_switch_s0,mw-push,41001,2,init,-0.3997839783978397,0.0,0.0,100
dino_push_v2_switch_s0,mw-push,41001,2,final,-0.08055205520552056,0.0,0.0,100
dino_push_v2_switch_s0,mw-push,41001,3,init,-0.1637083708370837,0.0,0.0,100
dino_push_v2_switch_s0,mw-push,41001,3,final,-0.1594239423942394,0.0,0.0,100
dino_push_v2_switch_s0,mw-push,41001,4,init,-0.4215421542154215,0.0,0.0,100
dino_push_v2_switch_s0,mw-push,41001,4,final,0.04142814281428142,0.0,0.0,100
dino_push_v2_switch_s0,mw-push,41001,5,init,-0.1567476747674767,0.0,0.0,100
dino_push_v2_switch_s0,mw-push,41001,5,final,-0.07041104110411041,0.0,0.0,100
dino_push_v2_switch_s0,mw-push,41001,6,init,-0.3234203420342034,0.0,0.0,100
dino_push_v2_switch_s0,mw-push,41001,6,final,-0.000468046804680468,0.0,0.0,100
dino_push_v2_switch_s0,mw-push,41002,0,init,0.24967296729672964,0.1,0.0,100
dino_push_v2_switch_s0,mw-push,41002,0,final,0.01780978097809781,0.0,0.0,100
dino_push_v2_switch_s0,mw-push,41002,1,init,-0.3415421542154215,0.0,0.09368658065796454,100
dino_push_v2_switch_s0,mw-push,41002,1,final,0.08210021002100208,0.0,0.0,100
dino_push_v2_switch_s0,mw-push,41002,2,init,0.04658865886588659,0.0,0.0,100
dino_push_v2_switch_s0,mw-push,41002,2,final,-0.1786138613861386,0.0,0.0,100
dino_push_v2_switch_s0,mw-push,41002,3,init,0.15499549954995498,0.0,0.0,100
dino_push_v2_switch_s0,mw-push,41002,3,final,0.24115211521152113,0.0,0.0,100
dino_push_v2_switch_s0,mw-push,41002,4,init,0.006504650465046504,0.1,0.0,100
dino_push_v2_switch_s0,mw-push,41002,4,final,-0.0706030603060306,0.0,0.0,100
dino_push_v2_switch_s0,mw-push,41002,5,init,-0.10894689468946893,0.0,0.0,100
dino_push_v2_switch_s0,mw-push,41002,5,final,0.11005100510051004,0.1,0.0,100
dino_push_v2_switch_s0,mw-push,41002,6,init,-0.2921572157215721,0.0,0.0,100
dino_push_v2_switch_s0,mw-push,41002,6,final,-0.09596159615961594,0.1,0.0,100
dino_push_v2_switch_s0,mw-push,41003,0,init,0.053621362136213616,0.0,0.0,100
dino_push_v2_switch_s0,mw-push,41003,0,final,-0.07389161083624868,0.0,0.0,100
dino_push_v2_switch_s0,mw-push,41003,1,init,-0.2336273627362736,0.0,0.0,100
dino_push_v2_switch_s0,mw-push,41003,1,final,-0.05088508850885088,0.0,0.0,100
dino_push_v2_switch_s0,mw-push,41003,2,init,-0.3576117611761176,0.0,0.0,100
dino_push_v2_switch_s0,mw-push,41003,2,final,-0.05908190819081908,0.0,0.0,100
dino_push_v2_switch_s0,mw-push,41003,3,init,-0.5639003900390039,0.0,0.0,100
dino_push_v2_switch_s0,mw-push,41003,3,final,0.15001500150015,0.1,0.0,100
dino_push_v2_switch_s0,mw-push,41003,4,init,-0.5744734473447344,0.0,0.0,100
dino_push_v2_switch_s0,mw-push,41003,4,final,-0.21009300930093008,0.0,0.0,100
dino_push_v2_switch_s0,mw-push,41003,5,init,-0.2642184218421842,0.0,0.0,100
dino_push_v2_switch_s0,mw-push,41003,5,final,0.09038103810381036,0.0,0.0,100
dino_push_v2_switch_s0,mw-push,41003,6,init,0.07561956195619561,0.0,0.0,100
dino_push_v2_switch_s0,mw-push,41003,6,final,0.20336033603360334,0.0,0.0,100
dino_push_v2_switch_s0,mw-push,41004,0,init,0.018865886588658863,0.0,0.0,100
dino_push_v2_switch_s0,mw-push,41004,0,final,-0.01302130213021302,0.0,0.0,100
dino_push_v2_switch_s0,mw-push,41004,1,init,-0.5564236423642365,0.0,0.0,100
dino_push_v2_switch_s0,mw-push,41004,1,final,-0.05284128412841284,0.0,0.0,100
dino_push_v2_switch_s0,mw-push,41004,2,init,-0.3991119111911191,0.0,0.0,100
dino_push_v2_switch_s0,mw-push,41004,2,final,0.024422442244224418,0.0,0.0,100
dino_push_v2_switch_s0,mw-push,41004,3,init,0.02334233423342334,0.0,0.0,100
dino_push_v2_switch_s0,mw-push,41004,3,final,0.3076147614761476,0.0,0.0,100
dino_push_v2_switch_s0,mw-push,41004,4,init,0.07344734473447344,0.0,0.0,100
dino_push_v2_switch_s0,mw-push,41004,4,final,0.22657065706570653,0.0,0.0,100
dino_push_v2_switch_s0,mw-push,41004,5,init,0.4289348934893489,0.1,0.0,100
dino_push_v2_switch_s0,mw-push,41004,5,final,0.23679567956795675,0.0,0.0,100
dino_push_v2_switch_s0,mw-push,41004,6,init,-0.1934113411341134,0.0,0.0,100
dino_push_v2_switch_s0,mw-push,41004,6,final,0.1414341434143414,0.2,0.0,100
dino_push_v2_switch_s0,mw-push,41005,0,init,0.2238223822382238,0.1,0.0,100
dino_push_v2_switch_s0,mw-push,41005,0,final,-0.2274227422742274,0.0,0.0,100
dino_push_v2_switch_s0,mw-push,41005,1,init,-0.046228622862286226,0.0,0.0,100
dino_push_v2_switch_s0,mw-push,41005,1,final,0.053813381338133806,0.1,0.0,100
dino_push_v2_switch_s0,mw-push,41005,2,init,0.1113111311131113,0.1,0.0,100
dino_push_v2_switch_s0,mw-push,41005,2,final,0.19367536753675363,0.0,0.0,100
dino_push_v2_switch_s0,mw-push,41005,3,init,-0.033939393939393936,0.0,0.0,100
dino_push_v2_switch_s0,mw-push,41005,3,final,-0.0007920792079207919,0.0,0.0,100
dino_push_v2_switch_s0,mw-push,41005,4,init,0.12446444644464445,0.2,0.0,100
dino_push_v2_switch_s0,mw-push,41005,4,final,-0.042400240024002396,0.0,0.0,100
dino_push_v2_switch_s0,mw-push,41005,5,init,0.054437443744374425,0.0,0.0,100
dino_push_v2_switch_s0,mw-push,41005,5,final,0.09431743174317431,0.1,0.0,100
dino_push_v2_switch_s0,mw-push,41005,6,init,0.39734773477347735,0.1,0.0,100
dino_push_v2_switch_s0,mw-push,41005,6,final,0.06263426342634262,0.2,0.0,100
dino_push_v2_switch_s0,mw-push,41006,0,init,0.3402940294029403,0.5,0.0,100
dino_push_v2_switch_s0,mw-push,41006,0,final,0.19384338433843382,0.2,0.0,100
dino_push_v2_switch_s0,mw-push,41006,1,init,0.16511251125112508,0.2,0.0,100
dino_push_v2_switch_s0,mw-push,41006,1,final,-0.09556555655565556,0.0,0.0,100
dino_push_v2_switch_s0,mw-push,41006,2,init,-0.19695169516951694,0.0,5.92051893472671,100
dino_push_v2_switch_s0,mw-push,41006,2,final,-0.210993099309931,0.0,0.10711848735808771,100
dino_push_v2_switch_s0,mw-push,41006,3,init,0.4968736873687369,0.1,2.3960828781127903,100
dino_push_v2_switch_s0,mw-push,41006,3,final,0.03312331233123312,0.0,0.733810663223261,100
dino_push_v2_switch_s0,mw-push,41006,4,init,0.38300630063006297,0.0,2.1803990006446785,100
dino_push_v2_switch_s0,mw-push,41006,4,final,-0.038895889588958885,0.0,0.6597384810447693,100
dino_push_v2_switch_s0,mw-push,41006,5,init,0.5899189918991898,0.0,3.8638725876808193,100
dino_push_v2_switch_s0,mw-push,41006,5,final,-0.2106570657065706,0.0,0.3811404109001215,100
dino_push_v2_switch_s0,mw-push,41006,6,init,0.5172277227722772,0.0,0.406414270401001,100
dino_push_v2_switch_s0,mw-push,41006,6,final,0.12565256525652563,0.0,0.0,100
dino_push_v2_switch_s0,mw-push,41007,0,init,0.05945394539453944,0.2,0.0,100
dino_push_v2_switch_s0,mw-push,41007,0,final,-0.0911971197119712,0.0,0.0,100
dino_push_v2_switch_s0,mw-push,41007,1,init,-0.43637563756375625,0.0,0.0,100
dino_push_v2_switch_s0,mw-push,41007,1,final,-0.08445244524452444,0.1,0.0,100
dino_push_v2_switch_s0,mw-push,41007,2,init,-0.12846084608460845,0.0,0.0,100
dino_push_v2_switch_s0,mw-push,41007,2,final,-0.05839783978397839,0.0,0.0,100
dino_push_v2_switch_s0,mw-push,41007,3,init,-0.2721392139213921,0.0,0.0,100
dino_push_v2_switch_s0,mw-push,41007,3,final,-0.053045304530453044,0.1,0.0,100
dino_push_v2_switch_s0,mw-push,41007,4,init,-0.5406780678067806,0.0,0.0,100
dino_push_v2_switch_s0,mw-push,41007,4,final,0.19543954395439542,0.0,0.0,100
dino_push_v2_switch_s0,mw-push,41007,5,init,-0.40289228922892284,0.0,0.0,100
dino_push_v2_switch_s0,mw-push,41007,5,final,0.19325532553255323,0.0,0.0,100
dino_push_v2_switch_s0,mw-push,41007,6,init,-0.24316831683168313,0.0,0.0,100
dino_push_v2_switch_s0,mw-push,41007,6,final,0.012685268526852684,0.0,0.0,100
dino_push_v2_switch_s0,mw-push,41008,0,init,0.29066906690669064,0.3,0.0,100
dino_push_v2_switch_s0,mw-push,41008,0,final,0.07795979597959796,0.0,0.0,100
dino_push_v2_switch_s0,mw-push,41008,1,init,-0.4002280228022802,0.0,0.0,100
dino_push_v2_switch_s0,mw-push,41008,1,final,-0.20549654965496547,0.0,0.0,100
dino_push_v2_switch_s0,mw-push,41008,2,init,-0.5851665166516651,0.0,0.0,100
dino_push_v2_switch_s0,mw-push,41008,2,final,-0.2324992499249925,0.0,0.0,100
dino_push_v2_switch_s0,mw-push,41008,3,init,-0.529060906090609,0.0,0.0,100
dino_push_v2_switch_s0,mw-push,41008,3,final,-0.04542454245424542,0.0,0.0,100
dino_push_v2_switch_s0,mw-push,41008,4,init,-0.46834683468346827,0.0,0.0,100
dino_push_v2_switch_s0,mw-push,41008,4,final,-0.08156015601560154,0.0,0.0,100
dino_push_v2_switch_s0,mw-push,41008,5,init,-0.3977437743774377,0.0,0.0,100
dino_push_v2_switch_s0,mw-push,41008,5,final,0.009216921692169215,0.0,0.0,100
dino_push_v2_switch_s0,mw-push,41008,6,init,0.23087908790879086,0.0,0.0,100
dino_push_v2_switch_s0,mw-push,41008,6,final,0.1499069906990699,0.0,0.0,100
dino_push_v2_switch_s0,mw-push,41009,0,init,-0.138997899789979,0.0,0.0,100
dino_push_v2_switch_s0,mw-push,41009,0,final,-0.2536573657365736,0.0,0.0,100
dino_push_v2_switch_s0,mw-push,41009,1,init,-0.5800900090009,0.0,0.0,100
dino_push_v2_switch_s0,mw-push,41009,1,final,0.011725172517251725,0.0,0.0,100
dino_push_v2_switch_s0,mw-push,41009,2,init,-0.3758175817581758,0.0,0.0,100
dino_push_v2_switch_s0,mw-push,41009,2,final,0.05642964296429643,0.0,0.0,100
dino_push_v2_switch_s0,mw-push,41009,3,init,-0.20393639363936392,0.0,0.0,100
dino_push_v2_switch_s0,mw-push,41009,3,final,0.24822082208220822,0.0,0.0,100
dino_push_v2_switch_s0,mw-push,41009,4,init,-0.36267626762676264,0.0,0.0,100
dino_push_v2_switch_s0,mw-push,41009,4,final,-0.005376537653765376,0.0,0.0,100
dino_push_v2_switch_s0,mw-push,41009,5,init,0.06943894389438943,0.0,0.0,100
dino_push_v2_switch_s0,mw-push,41009,5,final,-0.1463186318631863,0.0,0.0,100
dino_push_v2_switch_s0,mw-push,41009,6,init,0.559111911191119,0.1,0.0,100
dino_push_v2_switch_s0,mw-push,41009,6,final,0.18508250825082506,0.1,0.0,100
dino_push_v2_switch_s0,mw-push,41010,0,init,0.22767476747674764,0.0,0.0,100
dino_push_v2_switch_s0,mw-push,41010,0,final,-0.0739033903390339,0.0,0.0,100
dino_push_v2_switch_s0,mw-push,41010,1,init,-0.3801020102010201,0.0,0.0,100
dino_push_v2_switch_s0,mw-push,41010,1,final,-0.06772277227722773,0.1,0.0,100
dino_push_v2_switch_s0,mw-push,41010,2,init,-0.3286048604860486,0.0,0.0,100
dino_push_v2_switch_s0,mw-push,41010,2,final,0.3413141314131413,0.1,0.0,100
dino_push_v2_switch_s0,mw-push,41010,3,init,-0.34052205220522047,0.0,0.0,100
dino_push_v2_switch_s0,mw-push,41010,3,final,-0.1837263726372637,0.1,0.0,100
dino_push_v2_switch_s0,mw-push,41010,4,init,-0.32006000600060003,0.0,0.0,100
dino_push_v2_switch_s0,mw-push,41010,4,final,-0.001884188418841884,0.0,0.0,100
dino_push_v2_switch_s0,mw-push,41010,5,init,-0.05964596459645964,0.0,0.0,100
dino_push_v2_switch_s0,mw-push,41010,5,final,0.31249924992499245,0.1,0.0,100
dino_push_v2_switch_s0,mw-push,41010,6,init,0.32595259525952586,0.0,0.0,100
dino_push_v2_switch_s0,mw-push,41010,6,final,0.10148214821482147,0.0,0.0,100
dino_push_v2_switch_s0,mw-push,41011,0,init,0.019141914191419137,0.0,0.0,100
dino_push_v2_switch_s0,mw-push,41011,0,final,-0.20570057005700568,0.0,0.0,100
dino_push_v2_switch_s0,mw-push,41011,1,init,-0.43744374437443734,0.0,0.0,100
dino_push_v2_switch_s0,mw-push,41011,1,final,0.12524452445244524,0.0,0.0,100
dino_push_v2_switch_s0,mw-push,41011,2,init,-0.44650465046504645,0.0,0.0,100
dino_push_v2_switch_s0,mw-push,41011,2,final,-0.16938493849384936,0.0,0.0,100
dino_push_v2_switch_s0,mw-push,41011,3,init,-0.5566756675667566,0.0,0.0,100
dino_push_v2_switch_s0,mw-push,41011,3,final,-0.17611761176117607,0.0,0.0,100
dino_push_v2_switch_s0,mw-push,41011,4,init,0.003588358835883588,0.0,0.0,100
dino_push_v2_switch_s0,mw-push,41011,4,final,-0.0461086108610861,0.0,0.0,100
dino_push_v2_switch_s0,mw-push,41011,5,init,0.32375637563756376,0.0,0.0,100
dino_push_v2_switch_s0,mw-push,41011,5,final,-0.10798679867986798,0.0,0.0,100
dino_push_v2_switch_s0,mw-push,41011,6,init,0.19783978397839783,0.0,0.0,100
dino_push_v2_switch_s0,mw-push,41011,6,final,0.20381638163816382,0.0,0.0,100
dino_push_v2_switch_s0,mw-push,41012,0,init,0.11871587158715871,0.3,0.0,100
dino_push_v2_switch_s0,mw-push,41012,0,final,-0.2901050105010501,0.0,0.0,100
dino_push_v2_switch_s0,mw-push,41012,1,init,-0.031911191119111906,0.0,0.0,100
dino_push_v2_switch_s0,mw-push,41012,1,final,-0.04914491449144914,0.0,0.0,100
dino_push_v2_switch_s0,mw-push,41012,2,init,-0.34072607260726073,0.0,0.0,100
dino_push_v2_switch_s0,mw-push,41012,2,final,-0.01356135613561356,0.1,0.0,100
dino_push_v2_switch_s0,mw-push,41012,3,init,0.12664866486648663,0.0,0.0,100
dino_push_v2_switch_s0,mw-push,41012,3,final,-0.0022682268226822677,0.1,0.0,100
dino_push_v2_switch_s0,mw-push,41012,4,init,-0.132013201320132,0.0,0.0,100
dino_push_v2_switch_s0,mw-push,41012,4,final,0.09830183018301829,0.0,0.0,100
dino_push_v2_switch_s0,mw-push,41012,5,init,-0.2501530153015301,0.0,0.0,100
dino_push_v2_switch_s0,mw-push,41012,5,final,-0.195019501950195,0.0,0.0,100
dino_push_v2_switch_s0,mw-push,41012,6,init,-0.19038703870387036,0.0,0.0,100
dino_push_v2_switch_s0,mw-push,41012,6,final,0.1725172517251725,0.1,0.0,100
dino_push_v2_switch_s0,mw-push,41013,0,init,0.10084608460846083,0.1,0.0,100
dino_push_v2_switch_s0,mw-push,41013,0,final,-0.3152595259525952,0.0,0.0,100
dino_push_v2_switch_s0,mw-push,41013,1,init,-0.3841344134413441,0.0,0.0,100
dino_push_v2_switch_s0,mw-push,41013,1,final,0.05633363336333633,0.0,0.0,100
dino_push_v2_switch_s0,mw-push,41013,2,init,-0.5672007200720071,0.0,0.0,100
dino_push_v2_switch_s0,mw-push,41013,2,final,0.14649864986498648,0.0,0.0,100
dino_push_v2_switch_s0,mw-push,41013,3,init,-0.34868286828682865,0.0,0.0,100
dino_push_v2_switch_s0,mw-push,41013,3,final,0.46035403540354025,0.1,0.0,100
dino_push_v2_switch_s0,mw-push,41013,4,init,-0.11593159315931591,0.0,0.0,100
dino_push_v2_switch_s0,mw-push,41013,4,final,-0.04853285328532853,0.0,0.0,100
dino_push_v2_switch_s0,mw-push,41013,5,init,-0.16219621962196218,0.0,0.0,100
dino_push_v2_switch_s0,mw-push,41013,5,final,0.11886024260552329,0.0,0.0,100
dino_push_v2_switch_s0,mw-push,41013,6,init,0.1612841284128413,0.0,0.0,100
dino_push_v2_switch_s0,mw-push,41013,6,final,0.11887188718871886,0.0,0.0,100
dino_push_v2_switch_s0,mw-push,41014,0,init,0.01548154815481548,0.2,0.0,100
dino_push_v2_switch_s0,mw-push,41014,0,final,-0.19511551155115509,0.0,0.0,100
dino_push_v2_switch_s0,mw-push,41014,1,init,-0.38856285628562853,0.0,0.0,100
dino_push_v2_switch_s0,mw-push,41014,1,final,0.08524452445244524,0.0,0.0,100
dino_push_v2_switch_s0,mw-push,41014,2,init,-0.5458505850585058,0.0,0.0,100
dino_push_v2_switch_s0,mw-push,41014,2,final,-0.1383858385838584,0.0,0.0,100
dino_push_v2_switch_s0,mw-push,41014,3,init,-0.2872127212721272,0.0,0.0,100
dino_push_v2_switch_s0,mw-push,41014,3,final,-0.06313831383138313,0.0,0.0,100
dino_push_v2_switch_s0,mw-push,41014,4,init,-0.4449684968496849,0.0,0.0,100
dino_push_v2_switch_s0,mw-push,41014,4,final,-0.07635163516351634,0.0,0.0,100
dino_push_v2_switch_s0,mw-push,41014,5,init,0.1491029102910291,0.1,0.0,100
dino_push_v2_switch_s0,mw-push,41014,5,final,0.34631863186318623,0.1,0.0,100
dino_push_v2_switch_s0,mw-push,41014,6,init,-0.31728772877287725,0.0,0.0,100
dino_push_v2_switch_s0,mw-push,41014,6,final,0.01164116411641164,0.0,0.0,100
dino_push_v2_switch_s0,mw-push,41015,0,init,-0.4415481548154815,0.0,0.0,100
dino_push_v2_switch_s0,mw-push,41015,0,final,-0.40426042604260426,0.0,0.0,100
dino_push_v2_switch_s0,mw-push,41015,1,init,-0.6084248424842483,0.0,0.0,100
dino_push_v2_switch_s0,mw-push,41015,1,final,-0.13519351935193516,0.0,0.0,100
dino_push_v2_switch_s0,mw-push,41015,2,init,-0.4219141914191419,0.0,0.0,100
dino_push_v2_switch_s0,mw-push,41015,2,final,0.009912991299129911,0.0,0.0,100
dino_push_v2_switch_s0,mw-push,41015,3,init,0.12486048604860484,0.0,0.0,100
dino_push_v2_switch_s0,mw-push,41015,3,final,-0.1292169216921692,0.0,0.0,100
dino_push_v2_switch_s0,mw-push,41015,4,init,-0.0008880888088808879,0.0,0.0,100
dino_push_v2_switch_s0,mw-push,41015,4,final,-0.04549654965496549,0.0,0.0,100
dino_push_v2_switch_s0,mw-push,41015,5,init,-0.1949354935493549,0.0,0.0,100
dino_push_v2_switch_s0,mw-push,41015,5,final,-0.001764176417641764,0.2,0.0,100
dino_push_v2_switch_s0,mw-push,41015,6,init,-0.2649024902490249,0.0,0.0,100
dino_push_v2_switch_s0,mw-push,41015,6,final,-0.16015601560156015,0.1,0.0,100
dino_push_v2_switch_s1,mw-push,41000,0,init,0.4136693669366936,0.6,0.0,100
dino_push_v2_switch_s1,mw-push,41000,0,final,0.13498949894989495,0.0,0.33333599567413885,100
dino_push_v2_switch_s1,mw-push,41000,1,init,0.6727872787278727,0.3,1.031753420829773,100
dino_push_v2_switch_s1,mw-push,41000,1,final,-0.22849084908490847,0.0,0.03280639648436945,100
dino_push_v2_switch_s1,mw-push,41000,2,init,0.346030603060306,0.3,1.6007691621780396,100
dino_push_v2_switch_s1,mw-push,41000,2,final,0.03913591359135914,0.0,0.45002698898314875,100
dino_push_v2_switch_s1,mw-push,41000,3,init,0.08837683768376838,0.0,0.13060867786406916,100
dino_push_v2_switch_s1,mw-push,41000,3,final,0.17509750975097507,0.1,0.0,100
dino_push_v2_switch_s1,mw-push,41000,4,init,-0.10456645664566457,0.1,0.0007867813110296051,100
dino_push_v2_switch_s1,mw-push,41000,4,final,-0.25490549054905487,0.1,0.0,100
dino_push_v2_switch_s1,mw-push,41000,5,init,0.06192619261926192,0.1,0.0,100
dino_push_v2_switch_s1,mw-push,41000,5,final,-0.056465646564656455,0.0,0.0,100
dino_push_v2_switch_s1,mw-push,41000,6,init,-0.15925592559255922,0.0,0.0,100
dino_push_v2_switch_s1,mw-push,41000,6,final,-0.20516051605160515,0.0,0.0,100
dino_push_v2_switch_s1,mw-push,41001,0,init,0.2586498649864986,0.3,0.0,100
dino_push_v2_switch_s1,mw-push,41001,0,final,0.1812181218121812,0.0,0.023037195205688477,100
dino_push_v2_switch_s1,mw-push,41001,1,init,0.42936693669366927,0.1,0.22463500499724787,100
dino_push_v2_switch_s1,mw-push,41001,1,final,0.141026102610261,0.1,0.03621876239776056,100
dino_push_v2_switch_s1,mw-push,41001,2,init,0.15985598559855985,0.0,3.5171076655387905,100
dino_push_v2_switch_s1,mw-push,41001,2,final,-0.0774077407740774,0.0,0.0,100
dino_push_v2_switch_s1,mw-push,41001,3,init,0.12309630963096307,0.0,1.8878042697906494,100
dino_push_v2_switch_s1,mw-push,41001,3,final,-0.04904890489048904,0.1,0.0,100
dino_push_v2_switch_s1,mw-push,41001,4,init,-0.005652565256525652,0.2,3.446665406227109,100
dino_push_v2_switch_s1,mw-push,41001,4,final,-0.18256225622562253,0.1,0.0,100
dino_push_v2_switch_s1,mw-push,41001,5,init,0.05687368736873687,0.0,0.9681522846221924,100
dino_push_v2_switch_s1,mw-push,41001,5,final,0.03885988598859886,0.1,0.0,100
dino_push_v2_switch_s1,mw-push,41001,6,init,0.04546054605460545,0.2,0.0,100
dino_push_v2_switch_s1,mw-push,41001,6,final,0.24045604560456044,0.2,0.0,100
dino_push_v2_switch_s1,mw-push,41002,0,init,0.4209420942094209,0.4,0.0,100
dino_push_v2_switch_s1,mw-push,41002,0,final,0.1146954695469547,0.1,0.0,100
dino_push_v2_switch_s1,mw-push,41002,1,init,0.2773357335733573,0.2,0.09658932685852051,100
dino_push_v2_switch_s1,mw-push,41002,1,final,0.17490549054905488,0.0,0.0,100
dino_push_v2_switch_s1,mw-push,41002,2,init,0.10559855985598558,0.1,0.0,100
dino_push_v2_switch_s1,mw-push,41002,2,final,-0.05825382538253824,0.0,0.0,100
dino_push_v2_switch_s1,mw-push,41002,3,init,-0.06389438943894389,0.0,0.004845857620244809,100
dino_push_v2_switch_s1,mw-push,41002,3,final,0.0786078607860786,0.1,0.0,100
dino_push_v2_switch_s1,mw-push,41002,4,init,-0.18909090909090906,0.0,0.0,100
dino_push_v2_switch_s1,mw-push,41002,4,final,0.15361536153615357,0.2,0.0,100
dino_push_v2_switch_s1,mw-push,41002,5,init,-0.047380738073807376,0.0,0.0,100
dino_push_v2_switch_s1,mw-push,41002,5,final,-0.16757275727572754,0.1,0.0,100
dino_push_v2_switch_s1,mw-push,41002,6,init,-0.10328232823282328,0.4,0.0,100
dino_push_v2_switch_s1,mw-push,41002,6,final,0.24954095409540952,0.2,0.0,100
dino_push_v2_switch_s1,mw-push,41003,0,init,0.33920192019201917,0.3,0.0,100
dino_push_v2_switch_s1,mw-push,41003,0,final,0.018745874587458744,0.5,0.17706006765365045,100
dino_push_v2_switch_s1,mw-push,41003,1,init,0.6767836783678367,0.1,2.0413979887962395,100
dino_push_v2_switch_s1,mw-push,41003,1,final,-0.07263126312631263,0.1,0.2981036901473999,100
dino_push_v2_switch_s1,mw-push,41003,2,init,0.1259165916591659,0.0,3.166130185127261,100
dino_push_v2_switch_s1,mw-push,41003,2,final,-0.02143414341434143,0.0,4.711659252643588,100
dino_push_v2_switch_s1,mw-push,41003,3,init,-0.2052925292529253,0.0,3.074935078620908,100
dino_push_v2_switch_s1,mw-push,41003,3,final,-0.05952595259525952,0.0,0.0,100
dino_push_v2_switch_s1,mw-push,41003,4,init,-0.18127812781278127,0.0,0.0,100
dino_push_v2_switch_s1,mw-push,41003,4,final,-0.028322832283228322,0.0,0.0,100
dino_push_v2_switch_s1,mw-push,41003,5,init,-0.09806180618061805,0.0,0.0,100
dino_push_v2_switch_s1,mw-push,41003,5,final,-0.15361536153615357,0.0,0.0,100
dino_push_v2_switch_s1,mw-push,41003,6,init,-0.14057005700570055,0.0,0.0,100
dino_push_v2_switch_s1,mw-push,41003,6,final,0.16962496249624961,0.1,0.0,100
dino_push_v2_switch_s1,mw-push,41004,0,init,0.22139813981398138,0.0,0.0,100
dino_push_v2_switch_s1,mw-push,41004,0,final,0.04584458445844584,0.0,0.0,100
dino_push_v2_switch_s1,mw-push,41004,1,init,-0.05513351335133513,0.0,0.0,100
dino_push_v2_switch_s1,mw-push,41004,1,final,-0.09686168616861685,0.1,0.0,100
dino_push_v2_switch_s1,mw-push,41004,2,init,-0.17152115211521152,0.0,0.0,100
dino_push_v2_switch_s1,mw-push,41004,2,final,0.335997599759976,0.1,0.0,100
dino_push_v2_switch_s1,mw-push,41004,3,init,-0.002808280828082808,0.1,0.0,100
dino_push_v2_switch_s1,mw-push,41004,3,final,0.18355835583558353,0.2,0.0,100
dino_push_v2_switch_s1,mw-push,41004,4,init,-0.49556555655565554,0.0,0.0,100
dino_push_v2_switch_s1,mw-push,41004,4,final,0.2016081608160816,0.2,0.0,100
dino_push_v2_switch_s1,mw-push,41004,5,init,-0.11374737473747373,0.0,0.0,100
dino_push_v2_switch_s1,mw-push,41004,5,final,-0.02306630663066306,0.0,0.0,100
dino_push_v2_switch_s1,mw-push,41004,6,init,-0.48411641164116404,0.0,0.0,100
dino_push_v2_switch_s1,mw-push,41004,6,final,0.020546054605460544,0.2,0.0,100
dino_push_v2_switch_s1,mw-push,41005,0,init,0.3765376537653765,0.4,0.0,100
dino_push_v2_switch_s1,mw-push,41005,0,final,-0.12622862286228623,0.1,0.0,100
dino_push_v2_switch_s1,mw-push,41005,1,init,0.396099609960996,0.4,0.0,100
dino_push_v2_switch_s1,mw-push,41005,1,final,-0.040828082808280826,0.0,0.0,100
dino_push_v2_switch_s1,mw-push,41005,2,init,0.2628982898289829,0.2,0.4311665892601013,100
dino_push_v2_switch_s1,mw-push,41005,2,final,-0.08024002400240023,0.1,0.0,100
dino_push_v2_switch_s1,mw-push,41005,3,init,0.08795679567956795,0.0,0.0,100
dino_push_v2_switch_s1,mw-push,41005,3,final,-0.04001200120012001,0.0,0.0,100
dino_push_v2_switch_s1,mw-push,41005,4,init,-0.17352535253525347,0.0,0.0,100
dino_push_v2_switch_s1,mw-push,41005,4,final,0.042640264026402634,0.1,0.0,100
dino_push_v2_switch_s1,mw-push,41005,5,init,-0.1117311731173117,0.0,0.0,100
dino_push_v2_switch_s1,mw-push,41005,5,final,-0.16427242724272423,0.0,0.0,100
dino_push_v2_switch_s1,mw-push,41005,6,init,0.07924392439243924,0.1,0.0,100
dino_push_v2_switch_s1,mw-push,41005,6,final,0.137017701770177,0.0,0.0,100
dino_push_v2_switch_s1,mw-push,41006,0,init,0.5287968796879687,0.5,0.0,100
dino_push_v2_switch_s1,mw-push,41006,0,final,-0.03158715871587158,0.0,0.0,100
dino_push_v2_switch_s1,mw-push,41006,1,init,0.29598559855985596,0.0,0.0,100
dino_push_v2_switch_s1,mw-push,41006,1,final,-0.049408940894089405,0.0,0.0,100
dino_push_v2_switch_s1,mw-push,41006,2,init,0.06268226822682268,0.0,0.0,100
dino_push_v2_switch_s1,mw-push,41006,2,final,-0.18141014101410138,0.0,0.0,100
dino_push_v2_switch_s1,mw-push,41006,3,init,-0.1309210921092109,0.0,0.0,100
dino_push_v2_switch_s1,mw-push,41006,3,final,0.06072607260726072,0.0,0.0,100
dino_push_v2_switch_s1,mw-push,41006,4,init,-0.20517251725172514,0.0,0.0,100
dino_push_v2_switch_s1,mw-push,41006,4,final,-0.12189618961896187,0.0,0.0,100
dino_push_v2_switch_s1,mw-push,41006,5,init,0.1268286828682868,0.1,0.0,100
dino_push_v2_switch_s1,mw-push,41006,5,final,0.08384038403840383,0.1,0.0,100
dino_push_v2_switch_s1,mw-push,41006,6,init,-0.045856585658565846,0.1,0.0,100
dino_push_v2_switch_s1,mw-push,41006,6,final,0.07053105310531052,0.0,0.0,100
dino_push_v2_switch_s1,mw-push,41007,0,init,0.3499789978997899,0.4,0.0,100
dino_push_v2_switch_s1,mw-push,41007,0,final,0.17968196819681964,0.0,0.0,100
dino_push_v2_switch_s1,mw-push,41007,1,init,0.11625562556255624,0.0,0.0,100
dino_push_v2_switch_s1,mw-push,41007,1,final,-0.11957995799579957,0.0,0.0,100
dino_push_v2_switch_s1,mw-push,41007,2,init,0.06485448544854484,0.0,0.0,100
dino_push_v2_switch_s1,mw-push,41007,2,final,0.028346834683468346,0.0,0.0,100
dino_push_v2_switch_s1,mw-push,41007,3,init,-0.04824482448244824,0.0,0.0,100
dino_push_v2_switch_s1,mw-push,41007,3,final,0.08157215721572156,0.0,0.0,100
dino_push_v2_switch_s1,mw-push,41007,4,init,-0.28422442244224416,0.0,0.0,100
dino_push_v2_switch_s1,mw-push,41007,4,final,-0.35019607019680626,0.0,0.0,100
dino_push_v2_switch_s1,mw-push,41007,5,init,-0.41731773177317727,0.0,0.0,100
dino_push_v2_switch_s1,mw-push,41007,5,final,-0.4042724272427242,0.0,0.0,100
dino_push_v2_switch_s1,mw-push,41007,6,init,-0.4713471347134713,0.0,0.0,100
dino_push_v2_switch_s1,mw-push,41007,6,final,-0.02166216621662166,0.2,0.0,100
dino_push_v2_switch_s1,mw-push,41008,0,init,0.5228562856285628,0.6,0.0,100
dino_push_v2_switch_s1,mw-push,41008,0,final,0.09846984698469848,0.0,0.6315797567367609,100
dino_push_v2_switch_s1,mw-push,41008,1,init,0.6804560456045604,0.3,0.0,100
dino_push_v2_switch_s1,mw-push,41008,1,final,0.014317431743174316,0.2,0.08014440536499023,100
dino_push_v2_switch_s1,mw-push,41008,2,init,0.28681668166816676,0.2,3.8518637418747,100
dino_push_v2_switch_s1,mw-push,41008,2,final,-0.2852565256525652,0.0,0.0,100
dino_push_v2_switch_s1,mw-push,41008,3,init,-0.010657065706570656,0.1,1.7525255680084229,100
dino_push_v2_switch_s1,mw-push,41008,3,final,0.010297029702970298,0.0,0.0,100
dino_push_v2_switch_s1,mw-push,41008,4,init,0.07618361836183618,0.0,0.0,100
dino_push_v2_switch_s1,mw-push,41008,4,final,-0.030195019501950193,0.0,0.0,100
dino_push_v2_switch_s1,mw-push,41008,5,init,0.1917191719171917,0.0,0.0,100
dino_push_v2_switch_s1,mw-push,41008,5,final,0.10391839183918392,0.1,0.0,100
dino_push_v2_switch_s1,mw-push,41008,6,init,0.0797959795979598,0.1,0.0,100
dino_push_v2_switch_s1,mw-push,41008,6,final,0.12788478847884788,0.0,0.0,100
dino_push_v2_switch_s1,mw-push,41009,0,init,0.21190519051905188,0.2,0.0,100
dino_push_v2_switch_s1,mw-push,41009,0,final,-0.007608760876087609,0.1,0.0,100
dino_push_v2_switch_s1,mw-push,41009,1,init,0.20565256525652562,0.2,0.0,100
dino_push_v2_switch_s1,mw-push,41009,1,final,-0.023990399039903985,0.0,0.0,100
dino_push_v2_switch_s1,mw-push,41009,2,init,-0.02868286828682868,0.0,0.0,100
dino_push_v2_switch_s1,mw-push,41009,2,final,-0.14436243624362435,0.0,0.0,100
dino_push_v2_switch_s1,mw-push,41009,3,init,-0.6046564656465645,0.0,0.0,100
dino_push_v2_switch_s1,mw-push,41009,3,final,0.18430243024302428,0.0,0.0,100
dino_push_v2_switch_s1,mw-push,41009,4,init,-0.3412421242124212,0.0,0.0,100
dino_push_v2_switch_s1,mw-push,41009,4,final,0.48607260726072604,0.2,0.0,100
dino_push_v2_switch_s1,mw-push,41009,5,init,-0.04979297929792979,0.0,0.0,100
dino_push_v2_switch_s1,mw-push,41009,5,final,0.07715571557155716,0.0,0.0,100
dino_push_v2_switch_s1,mw-push,41009,6,init,0.3006780678067807,0.1,0.0,100
dino_push_v2_switch_s1,mw-push,41009,6,final,0.030567056705670562,0.1,0.0,100
dino_push_v2_switch_s1,mw-push,41010,0,init,0.48999699969996996,0.2,0.0,100
dino_push_v2_switch_s1,mw-push,41010,0,final,-0.12482448244824482,0.0,0.0,100
dino_push_v2_switch_s1,mw-push,41010,1,init,-0.06588678633928946,0.3,0.0,100
dino_push_v2_switch_s1,mw-push,41010,1,final,-0.10993099309930993,0.0,0.0,100
dino_push_v2_switch_s1,mw-push,41010,2,init,-0.09976597659765976,0.0,0.0,100
dino_push_v2_switch_s1,mw-push,41010,2,final,-0.1492109210921092,0.0,0.0,100
dino_push_v2_switch_s1,mw-push,41010,3,init,-0.3544385071678334,0.0,0.0,100
dino_push_v2_switch_s1,mw-push,41010,3,final,-0.04025202520252025,0.1,0.0,100
dino_push_v2_switch_s1,mw-push,41010,4,init,-0.18401440144014403,0.0,0.0,100
dino_push_v2_switch_s1,mw-push,41010,4,final,0.2937413741374137,0.0,0.0,100
dino_push_v2_switch_s1,mw-push,41010,5,init,-0.2469006900690069,0.0,0.0,100
dino_push_v2_switch_s1,mw-push,41010,5,final,0.08958895889588958,0.0,0.0,100
dino_push_v2_switch_s1,mw-push,41010,6,init,0.10513051305130514,0.1,0.0,100
dino_push_v2_switch_s1,mw-push,41010,6,final,0.1547434743474347,0.1,0.0,100
dino_push_v2_switch_s1,mw-push,41011,0,init,0.3071947194719472,0.1,0.0,100
dino_push_v2_switch_s1,mw-push,41011,0,final,0.16469246924692468,0.0,0.0,100
dino_push_v2_switch_s1,mw-push,41011,1,init,0.7312331233123311,0.4,0.5772620439529419,100
dino_push_v2_switch_s1,mw-push,41011,1,final,0.05245724572457245,0.0,0.008404254913330078,100
dino_push_v2_switch_s1,mw-push,41011,2,init,0.15000300030002997,0.1,2.35242694616318,100
dino_push_v2_switch_s1,mw-push,41011,2,final,0.12721272127212718,0.1,0.12397468090057928,100
dino_push_v2_switch_s1,mw-push,41011,3,init,0.11253525352535253,0.0,4.802107810974121,100
dino_push_v2_switch_s1,mw-push,41011,3,final,-0.06863486348634863,0.0,0.0,100
dino_push_v2_switch_s1,mw-push,41011,4,init,0.11503150315031502,0.1,1.6652688384056091,100
dino_push_v2_switch_s1,mw-push,41011,4,final,-0.42339033903390333,0.0,0.0,100
dino_push_v2_switch_s1,mw-push,41011,5,init,-0.0454005400540054,0.0,0.0,100
dino_push_v2_switch_s1,mw-push,41011,5,final,-0.04303630363036304,0.0,0.0,100
dino_push_v2_switch_s1,mw-push,41011,6,init,-0.006924692469246924,0.0,0.0,100
dino_push_v2_switch_s1,mw-push,41011,6,final,0.2541134113411341,0.1,0.0,100
dino_push_v2_switch_s1,mw-push,41012,0,init,0.43458745874587457,0.5,0.0,100
dino_push_v2_switch_s1,mw-push,41012,0,final,-0.2419441944194419,0.0,0.009644031524660979,100
dino_push_v2_switch_s1,mw-push,41012,1,init,0.5871467146714671,0.3,0.5452245473861694,100
dino_push_v2_switch_s1,mw-push,41012,1,final,0.23925592559255923,0.1,0.0,100
dino_push_v2_switch_s1,mw-push,41012,2,init,0.10372637263726371,0.1,0.0,100
dino_push_v2_switch_s1,mw-push,41012,2,final,-0.1864146414641464,0.0,0.0,100
dino_push_v2_switch_s1,mw-push,41012,3,init,-0.01657365736573657,0.0,0.0,100
dino_push_v2_switch_s1,mw-push,41012,3,final,0.031071107110711066,0.0,0.0,100
dino_push_v2_switch_s1,mw-push,41012,4,init,0.09894989498949894,0.1,0.0,100
dino_push_v2_switch_s1,mw-push,41012,4,final,0.20446444644464443,0.0,0.0,100
dino_push_v2_switch_s1,mw-push,41012,5,init,0.13196519651965197,0.0,0.0,100
dino_push_v2_switch_s1,mw-push,41012,5,final,0.013249324932493247,0.0,0.0,100
dino_push_v2_switch_s1,mw-push,41012,6,init,0.23033903390339033,0.0,0.0,100
dino_push_v2_switch_s1,mw-push,41012,6,final,0.12038403840384038,0.0,0.0,100
dino_push_v2_switch_s1,mw-push,41013,0,init,0.28681668166816676,0.3,0.0,100
dino_push_v2_switch_s1,mw-push,41013,0,final,-0.04226822682268226,0.0,0.0,100
dino_push_v2_switch_s1,mw-push,41013,1,init,0.14406240624062402,0.1,0.0,100
dino_push_v2_switch_s1,mw-push,41013,1,final,0.03749174917491749,0.3,0.0,100
dino_push_v2_switch_s1,mw-push,41013,2,init,-0.17308130813081307,0.0,0.08453428745268943,100
dino_push_v2_switch_s1,mw-push,41013,2,final,0.30953588219725936,0.1,0.0,100
dino_push_v2_switch_s1,mw-push,41013,3,init,-0.2621182118211821,0.0,0.0,100
dino_push_v2_switch_s1,mw-push,41013,3,final,-0.18615061506150613,0.0,0.0,100
dino_push_v2_switch_s1,mw-push,41013,4,init,-0.5151155115511551,0.0,0.0,100
dino_push_v2_switch_s1,mw-push,41013,4,final,0.2607740774077408,0.1,0.0,100
dino_push_v2_switch_s1,mw-push,41013,5,init,-0.15349534953495347,0.0,0.0,100
dino_push_v2_switch_s1,mw-push,41013,5,final,-0.3294569456945694,0.1,0.0,100
dino_push_v2_switch_s1,mw-push,41013,6,init,-0.1803300330033003,0.0,0.0,100
dino_push_v2_switch_s1,mw-push,41013,6,final,-0.16408040804080404,0.0,0.0,100
dino_push_v2_switch_s1,mw-push,41014,0,init,0.36010801080108007,0.5,0.0,100
dino_push_v2_switch_s1,mw-push,41014,0,final,0.04627662766276627,0.1,0.03607273101807196,100
dino_push_v2_switch_s1,mw-push,41014,1,init,0.34504650465046505,0.2,2.0751580595970207,100
dino_push_v2_switch_s1,mw-push,41014,1,final,0.012661266126612659,0.2,0.0,100
dino_push_v2_switch_s1,mw-push,41014,2,init,0.1160996099609961,0.1,0.831484794616702,100
dino_push_v2_switch_s1,mw-push,41014,2,final,-0.1276087608760876,0.0,0.0,100
dino_push_v2_switch_s1,mw-push,41014,3,init,0.027050705070507046,0.0,1.8790334463119507,100
dino_push_v2_switch_s1,mw-push,41014,3,final,0.21026102610261027,0.0,0.0,100
dino_push_v2_switch_s1,mw-push,41014,4,init,-0.12667266726672666,0.1,0.6094589829444913,100
dino_push_v2_switch_s1,mw-push,41014,4,final,0.04417641764176418,0.1,0.0,100
dino_push_v2_switch_s1,mw-push,41014,5,init,-0.09916591659165916,0.0,0.0,100
dino_push_v2_switch_s1,mw-push,41014,5,final,0.027254725472547252,0.0,0.0,100
dino_push_v2_switch_s1,mw-push,41014,6,init,-0.3646204620462046,0.0,0.0,100
dino_push_v2_switch_s1,mw-push,41014,6,final,-0.1354935493549355,0.0,0.0,100
dino_push_v2_switch_s1,mw-push,41015,0,init,-0.02063006300630063,0.0,0.0,100
dino_push_v2_switch_s1,mw-push,41015,0,final,-0.2084368436843684,0.0,0.0,100
dino_push_v2_switch_s1,mw-push,41015,1,init,-0.6093009300930093,0.0,0.0,100
dino_push_v2_switch_s1,mw-push,41015,1,final,-0.017917791779177916,0.0,0.0,100
dino_push_v2_switch_s1,mw-push,41015,2,init,-0.407104710471047,0.0,0.0,100
dino_push_v2_switch_s1,mw-push,41015,2,final,-0.16660066006600657,0.0,0.0,100
dino_push_v2_switch_s1,mw-push,41015,3,init,0.12980498049804978,0.0,0.0,100
dino_push_v2_switch_s1,mw-push,41015,3,final,-0.23709570957095707,0.0,0.0,100
dino_push_v2_switch_s1,mw-push,41015,4,init,-0.03563156315631563,0.0,0.0,100
dino_push_v2_switch_s1,mw-push,41015,4,final,-0.17230123012301227,0.0,0.0,100
dino_push_v2_switch_s1,mw-push,41015,5,init,-0.14718271827182716,0.0,0.0,100
dino_push_v2_switch_s1,mw-push,41015,5,final,-0.03273927392739273,0.0,0.0,100
dino_push_v2_switch_s1,mw-push,41015,6,init,-0.18263426342634262,0.0,0.0,100
dino_push_v2_switch_s1,mw-push,41015,6,final,-0.013429342934293428,0.0,0.0,100
dino_push_v2_switch_s2,mw-push,41000,0,init,0.5534953495349534,0.9,0.0,100
dino_push_v2_switch_s2,mw-push,41000,0,final,-0.44544854485448543,0.0,0.0,100
dino_push_v2_switch_s2,mw-push,41000,1,init,0.5356855685568557,0.1,0.5482345819473211,100
dino_push_v2_switch_s2,mw-push,41000,1,final,0.007956795679567957,0.0,0.0,100
dino_push_v2_switch_s2,mw-push,41000,2,init,0.07465946594659464,0.0,1.4755696058273315,100
dino_push_v2_switch_s2,mw-push,41000,2,final,0.14689468946894688,0.0,0.0,100
dino_push_v2_switch_s2,mw-push,41000,3,init,0.1374137413741374,0.0,1.7438381910324097,100
dino_push_v2_switch_s2,mw-push,41000,3,final,0.2547854785478547,0.0,0.0,100
dino_push_v2_switch_s2,mw-push,41000,4,init,-0.2002400240024002,0.0,1.6002863645553589,100
dino_push_v2_switch_s2,mw-push,41000,4,final,0.006012601260126013,0.0,0.0,100
dino_push_v2_switch_s2,mw-push,41000,5,init,-0.17813381338133813,0.0,0.9605765342712402,100
dino_push_v2_switch_s2,mw-push,41000,5,final,0.19917191719171917,0.0,0.0,100
dino_push_v2_switch_s2,mw-push,41000,6,init,-0.08393639363936392,0.0,0.0,100
dino_push_v2_switch_s2,mw-push,41000,6,final,-0.03498349834983498,0.1,0.0,100
dino_push_v2_switch_s2,mw-push,41001,0,init,0.4285268526852685,0.6,0.0,100
dino_push_v2_switch_s2,mw-push,41001,0,final,0.13315331533153316,0.0,0.018718838691711426,100
dino_push_v2_switch_s2,mw-push,41001,1,init,0.4939333933393339,0.0,1.1943995952606201,100
dino_push_v2_switch_s2,mw-push,41001,1,final,-0.24613261326132607,0.0,0.0,100
dino_push_v2_switch_s2,mw-push,41001,2,init,0.3114791479147915,0.0,6.889808177948001,100
dino_push_v2_switch_s2,mw-push,41001,2,final,0.2427362736273627,0.1,1.1500298976898193,100
dino_push_v2_switch_s2,mw-push,41001,3,init,0.1637323732373237,0.0,2.10936665534974,100
dino_push_v2_switch_s2,mw-push,41001,3,final,-0.09708970897089708,0.0,0.05546212196350098,100
dino_push_v2_switch_s2,mw-push,41001,4,init,-0.07854785478547853,0.0,4.752872884273529,100
dino_push_v2_switch_s2,mw-push,41001,4,final,0.31044704470447043,0.0,0.0,100
dino_push_v2_switch_s2,mw-push,41001,5,init,0.37291329132913287,0.0,3.7831157445907593,100
dino_push_v2_switch_s2,mw-push,41001,5,final,0.061674167416741664,0.0,0.0,100
dino_push_v2_switch_s2,mw-push,41001,6,init,0.21954995499549954,0.0,0.201338529586792,100
dino_push_v2_switch_s2,mw-push,41001,6,final,0.17544554455445543,0.1,0.0,100
dino_push_v2_switch_s2,mw-push,41002,0,init,0.4876807680768076,0.7,0.0,100
dino_push_v2_switch_s2,mw-push,41002,0,final,-0.0010441044104410441,0.1,0.05517601966857355,100
dino_push_v2_switch_s2,mw-push,41002,1,init,0.763984398439844,0.5,0.4572004079818781,100
dino_push_v2_switch_s2,mw-push,41002,1,final,0.055121512151215114,0.0,1.5145659446716309,100
dino_push_v2_switch_s2,mw-push,41002,2,init,0.39603960396039606,0.0,3.0979394912719673,100
dino_push_v2_switch_s2,mw-push,41002,2,final,-0.04387638763876387,0.1,0.9026914834976196,100
dino_push_v2_switch_s2,mw-push,41002,3,init,0.14963096309630963,0.0,5.074386298656466,100
dino_push_v2_switch_s2,mw-push,41002,3,final,0.18210621062106208,0.0,2.215567231178289,100
dino_push_v2_switch_s2,mw-push,41002,4,init,0.11986798679867985,0.2,5.0502881407737785,100
dino_push_v2_switch_s2,mw-push,41002,4,final,0.1947314731473147,0.1,3.017053008079529,100
dino_push_v2_switch_s2,mw-push,41002,5,init,-0.03419141914191419,0.1,5.787163972854612,100
dino_push_v2_switch_s2,mw-push,41002,5,final,-0.15311131113111312,0.1,3.904998302459722,100
dino_push_v2_switch_s2,mw-push,41002,6,init,0.3475187518751875,0.0,2.183306217193598,100
dino_push_v2_switch_s2,mw-push,41002,6,final,0.08444044404440441,0.2,1.2413561344146729,100
dino_push_v2_switch_s2,mw-push,41003,0,init,0.418061806180618,0.6,0.0,100
dino_push_v2_switch_s2,mw-push,41003,0,final,0.10331833183318331,0.0,0.029921531677251645,100
dino_push_v2_switch_s2,mw-push,41003,1,init,0.76016801680168,0.5,0.0,100
dino_push_v2_switch_s2,mw-push,41003,1,final,0.01902190219021902,0.0,0.8568346500396701,100
dino_push_v2_switch_s2,mw-push,41003,2,init,0.2981218121812181,0.1,3.7266477942466683,100
dino_push_v2_switch_s2,mw-push,41003,2,final,-0.06202220222022202,0.0,0.8807852864265497,100
dino_push_v2_switch_s2,mw-push,41003,3,init,0.5167836783678367,0.4,2.839124202728269,100
dino_push_v2_switch_s2,mw-push,41003,3,final,-0.12255625562556254,0.0,1.3548508286476109,100
dino_push_v2_switch_s2,mw-push,41003,4,init,0.09194119411941194,0.1,1.8326520919799805,100
dino_push_v2_switch_s2,mw-push,41003,4,final,0.05532553255325532,0.0,1.1326104402542199,100
dino_push_v2_switch_s2,mw-push,41003,5,init,0.20826882688268825,0.1,2.5059148669242886,100
dino_push_v2_switch_s2,mw-push,41003,5,final,0.11162316231623162,0.1,0.819692015647891,100
dino_push_v2_switch_s2,mw-push,41003,6,init,0.055421542154215415,0.0,2.1032899618148804,100
dino_push_v2_switch_s2,mw-push,41003,6,final,0.04183618361836183,0.1,0.48232823610306064,100
dino_push_v2_switch_s2,mw-push,41004,0,init,0.41008100810081,0.6,0.0,100
dino_push_v2_switch_s2,mw-push,41004,0,final,-0.32020402040204016,0.0,0.0,100
dino_push_v2_switch_s2,mw-push,41004,1,init,0.313015301530153,0.2,0.0,100
dino_push_v2_switch_s2,mw-push,41004,1,final,-0.045772577257725766,0.0,0.0,100
dino_push_v2_switch_s2,mw-push,41004,2,init,0.2199459945994599,0.1,0.8009374141693171,100
dino_push_v2_switch_s2,mw-push,41004,2,final,0.212013201320132,0.2,0.0,100
dino_push_v2_switch_s2,mw-push,41004,3,init,0.2944134413441344,0.3,0.0,100
dino_push_v2_switch_s2,mw-push,41004,3,final,0.2949774977497749,0.1,0.0,100
dino_push_v2_switch_s2,mw-push,41004,4,init,0.2512211221122112,0.2,0.4771381616592407,100
dino_push_v2_switch_s2,mw-push,41004,4,final,0.3372577257725772,0.3,0.0,100
dino_push_v2_switch_s2,mw-push,41004,5,init,-0.09955025367657669,0.0,1.2309908866882269,100
dino_push_v2_switch_s2,mw-push,41004,5,final,-0.16284428442844281,0.1,0.0,100
dino_push_v2_switch_s2,mw-push,41004,6,init,0.11872787278727873,0.2,0.0,100
dino_push_v2_switch_s2,mw-push,41004,6,final,0.07863186318631862,0.1,0.0,100
dino_push_v2_switch_s2,mw-push,41005,0,init,0.43132313231323127,0.5,0.0,100
dino_push_v2_switch_s2,mw-push,41005,0,final,0.1371017101710171,0.0,0.0,100
dino_push_v2_switch_s2,mw-push,41005,1,init,0.5202520252025202,0.3,0.051118433475488834,100
dino_push_v2_switch_s2,mw-push,41005,1,final,-0.07745574557455744,0.1,0.0,100
dino_push_v2_switch_s2,mw-push,41005,2,init,0.29008100810081006,0.0,0.0,100
dino_push_v2_switch_s2,mw-push,41005,2,final,-0.2569816981698169,0.2,0.0,100
dino_push_v2_switch_s2,mw-push,41005,3,init,0.057389738973897375,0.0,0.4760682582855197,100
dino_push_v2_switch_s2,mw-push,41005,3,final,-0.013345334533453344,0.1,0.0,100
dino_push_v2_switch_s2,mw-push,41005,4,init,-0.08532853285328533,0.0,1.1792704463005093,100
dino_push_v2_switch_s2,mw-push,41005,4,final,0.21108910891089105,0.2,0.0,100
dino_push_v2_switch_s2,mw-push,41005,5,init,0.02071407140714071,0.2,0.0,100
dino_push_v2_switch_s2,mw-push,41005,5,final,0.2115091509150915,0.1,0.0,100
dino_push_v2_switch_s2,mw-push,41005,6,init,0.43161116111611153,0.2,0.0,100
dino_push_v2_switch_s2,mw-push,41005,6,final,0.20386438643864385,0.0,0.0,100
dino_push_v2_switch_s2,mw-push,41006,0,init,0.45005700570057006,0.5,0.0,100
dino_push_v2_switch_s2,mw-push,41006,0,final,0.23495949594959492,0.0,0.0,100
dino_push_v2_switch_s2,mw-push,41006,1,init,0.62997899789979,0.3,0.03267228603363037,100
dino_push_v2_switch_s2,mw-push,41006,1,final,-0.16386438643864382,0.1,2.3300021886825615,100
dino_push_v2_switch_s2,mw-push,41006,2,init,-0.27455145514551454,0.1,5.176426470279688,100
dino_push_v2_switch_s2,mw-push,41006,2,final,-0.13618961896189616,0.0,1.5971139073371887,100
dino_push_v2_switch_s2,mw-push,41006,3,init,0.21226522652265226,0.0,2.578103542327881,100
dino_push_v2_switch_s2,mw-push,41006,3,final,0.12865286528652864,0.0,0.21613985300064087,100
dino_push_v2_switch_s2,mw-push,41006,4,init,0.21219321932193216,0.1,0.6348773837089594,100
dino_push_v2_switch_s2,mw-push,41006,4,final,-0.038115811581158114,0.0,0.42621940374374945,100
dino_push_v2_switch_s2,mw-push,41006,5,init,0.22145814581458143,0.0,2.9364988207817104,100
dino_push_v2_switch_s2,mw-push,41006,5,final,-0.15338733873387336,0.0,0.26492178440093994,100
dino_push_v2_switch_s2,mw-push,41006,6,init,-0.2897809780978097,0.0,0.44324100017547885,100
dino_push_v2_switch_s2,mw-push,41006,6,final,-0.23505550555055504,0.0,0.0,100
dino_push_v2_switch_s2,mw-push,41007,0,init,0.45158115811581157,0.5,0.0,100
dino_push_v2_switch_s2,mw-push,41007,0,final,-0.013309330933093307,0.0,0.014865398406987973,100
dino_push_v2_switch_s2,mw-push,41007,1,init,0.4137653765376538,0.0,1.0818824172019903,100
dino_push_v2_switch_s2,mw-push,41007,1,final,0.0063126312631263115,0.2,0.0,100
dino_push_v2_switch_s2,mw-push,41007,2,init,-0.03261926192619262,0.0,0.029897689819338713,100
dino_push_v2_switch_s2,mw-push,41007,2,final,-0.006552655265526551,0.1,0.0,100
dino_push_v2_switch_s2,mw-push,41007,3,init,0.29544554455445543,0.0,0.0,100
dino_push_v2_switch_s2,mw-push,41007,3,final,0.08632463246324631,0.1,0.0,100
dino_push_v2_switch_s2,mw-push,41007,4,init,0.13249324932493248,0.0,0.1786589622497614,100
dino_push_v2_switch_s2,mw-push,41007,4,final,0.061398139813981394,0.2,0.0,100
dino_push_v2_switch_s2,mw-push,41007,5,init,-0.0014641464146414641,0.0,0.8208975195884705,100
dino_push_v2_switch_s2,mw-push,41007,5,final,-0.036159615961596156,0.0,0.0,100
dino_push_v2_switch_s2,mw-push,41007,6,init,0.10708670867086707,0.2,0.0,100
dino_push_v2_switch_s2,mw-push,41007,6,final,-0.0457005700570057,0.0,0.0,100
dino_push_v2_switch_s2,mw-push,41008,0,init,0.6061686168616861,0.9,0.0,100
dino_push_v2_switch_s2,mw-push,41008,0,final,-0.2769276927692769,0.0,0.0,100
dino_push_v2_switch_s2,mw-push,41008,1,init,0.5263366336633662,0.0,1.9272506237030085,100
dino_push_v2_switch_s2,mw-push,41008,1,final,0.11024302430243023,0.1,0.0,100
dino_push_v2_switch_s2,mw-push,41008,2,init,0.14886288628862884,0.0,0.0,100
dino_push_v2_switch_s2,mw-push,41008,2,final,-0.12609660966096609,0.0,0.0,100
dino_push_v2_switch_s2,mw-push,41008,3,init,-0.25729372937293726,0.0,0.011250376701360532,100
dino_push_v2_switch_s2,mw-push,41008,3,final,-0.015445544554455444,0.0,0.0,100
dino_push_v2_switch_s2,mw-push,41008,4,init,0.09135313531353134,0.0,0.5667746067047175,100
dino_push_v2_switch_s2,mw-push,41008,4,final,0.09256525652565256,0.1,0.0,100
dino_push_v2_switch_s2,mw-push,41008,5,init,-0.2648184818481848,0.0,0.2607196569442749,100
dino_push_v2_switch_s2,mw-push,41008,5,final,0.03128712871287129,0.0,0.0,100
dino_push_v2_switch_s2,mw-push,41008,6,init,-0.18731473147314728,0.0,0.0,100
dino_push_v2_switch_s2,mw-push,41008,6,final,0.24566456645664567,0.1,0.0,100
dino_push_v2_switch_s2,mw-push,41009,0,init,0.5223282328232822,0.5,0.0,100
dino_push_v2_switch_s2,mw-push,41009,0,final,0.09718571857185718,0.2,0.0254899263381958,100
dino_push_v2_switch_s2,mw-push,41009,1,init,0.4712631263126312,0.3,3.487011790275579,100
dino_push_v2_switch_s2,mw-push,41009,1,final,0.1398019801980198,0.3,0.20398199558258057,100
dino_push_v2_switch_s2,mw-push,41009,2,init,0.17333333333333334,0.0,4.427559673786163,100
dino_push_v2_switch_s2,mw-push,41009,2,final,0.21512151215121508,0.0,0.0,100
dino_push_v2_switch_s2,mw-push,41009,3,init,0.2336153615361536,0.2,4.828047752380371,100
dino_push_v2_switch_s2,mw-push,41009,3,final,-0.17318931893189318,0.0,1.7161428928375244,100
dino_push_v2_switch_s2,mw-push,41009,4,init,0.2346234623462346,0.1,3.7629574537277275,100
dino_push_v2_switch_s2,mw-push,41009,4,final,0.128988898889889,0.1,0.2149194478988703,100
dino_push_v2_switch_s2,mw-push,41009,5,init,0.3672847284728472,0.0,5.016860365867623,100
dino_push_v2_switch_s2,mw-push,41009,5,final,0.1636963696369637,0.0,1.7709493637085016,100
dino_push_v2_switch_s2,mw-push,41009,6,init,0.4621302130213021,0.0,0.472027063369751,100
dino_push_v2_switch_s2,mw-push,41009,6,final,0.05152115211521152,0.1,0.0,100
dino_push_v2_switch_s2,mw-push,41010,0,init,0.574077407740774,0.3,0.0,100
dino_push_v2_switch_s2,mw-push,41010,0,final,0.023018301830183014,0.1,0.0,100
dino_push_v2_switch_s2,mw-push,41010,1,init,0.24664866486648662,0.1,0.0,100
dino_push_v2_switch_s2,mw-push,41010,1,final,-0.10107410741074105,0.1,0.0,100
dino_push_v2_switch_s2,mw-push,41010,2,init,0.3938313831383138,0.1,0.0,100
dino_push_v2_switch_s2,mw-push,41010,2,final,0.08889288928892888,0.1,0.0,100
dino_push_v2_switch_s2,mw-push,41010,3,init,0.3908310831083108,0.5,0.0,100
dino_push_v2_switch_s2,mw-push,41010,3,final,0.06096609660966095,0.0,0.0,100
dino_push_v2_switch_s2,mw-push,41010,4,init,0.28277227722772275,0.2,0.0,100
dino_push_v2_switch_s2,mw-push,41010,4,final,0.29044104410441035,0.1,0.0,100
dino_push_v2_switch_s2,mw-push,41010,5,init,0.16289228922892285,0.0,0.0,100
dino_push_v2_switch_s2,mw-push,41010,5,final,0.25819381938193814,0.1,0.0,100
dino_push_v2_switch_s2,mw-push,41010,6,init,0.3706090609060905,0.2,0.0,100
dino_push_v2_switch_s2,mw-push,41010,6,final,0.051515306076757736,0.0,0.0,100
dino_push_v2_switch_s2,mw-push,41011,0,init,0.37821782178217817,0.4,0.0,100
dino_push_v2_switch_s2,mw-push,41011,0,final,0.1396819681968197,0.0,0.6664097309112604,100
dino_push_v2_switch_s2,mw-push,41011,1,init,0.5619801980198019,0.2,3.3628895878791893,100
dino_push_v2_switch_s2,mw-push,41011,1,final,-0.1254125412541254,0.0,0.2736240625381525,100
dino_push_v2_switch_s2,mw-push,41011,2,init,0.3124752475247524,0.1,1.4316022396087702,100
dino_push_v2_switch_s2,mw-push,41011,2,final,0.07337533753375337,0.1,0.0,100
dino_push_v2_switch_s2,mw-push,41011,3,init,0.03882388238823882,0.3,2.761372923851013,100
dino_push_v2_switch_s2,mw-push,41011,3,final,-0.042172217221722166,0.0,0.0,100
dino_push_v2_switch_s2,mw-push,41011,4,init,0.003372337233723372,0.0,3.7355288863182015,100
dino_push_v2_switch_s2,mw-push,41011,4,final,0.1895949594959496,0.0,0.333365797996521,100
dino_push_v2_switch_s2,mw-push,41011,5,init,-0.1313171317131713,0.2,0.8901402354240417,100
dino_push_v2_switch_s2,mw-push,41011,5,final,-0.034251425142514245,0.0,0.0,100
dino_push_v2_switch_s2,mw-push,41011,6,init,-0.13724572457245723,0.0,0.0,100
dino_push_v2_switch_s2,mw-push,41011,6,final,0.21291329132913286,0.0,0.0,100
dino_push_v2_switch_s2,mw-push,41012,0,init,0.5114911491149114,0.4,0.0,100
dino_push_v2_switch_s2,mw-push,41012,0,final,-0.1811341134113411,0.0,0.0,100
dino_push_v2_switch_s2,mw-push,41012,1,init,0.38213021302130207,0.1,0.0,100
dino_push_v2_switch_s2,mw-push,41012,1,final,-0.2533933393339334,0.0,0.0,100
dino_push_v2_switch_s2,mw-push,41012,2,init,-0.2389558955895589,0.0,0.0,100
dino_push_v2_switch_s2,mw-push,41012,2,final,0.05668166816681668,0.0,0.0,100
dino_push_v2_switch_s2,mw-push,41012,3,init,-0.13512151215121512,0.0,0.0,100
dino_push_v2_switch_s2,mw-push,41012,3,final,0.11315931593159315,0.0,0.0,100
dino_push_v2_switch_s2,mw-push,41012,4,init,-0.20588058805880585,0.1,0.0,100
dino_push_v2_switch_s2,mw-push,41012,4,final,0.20764476447644764,0.0,0.0,100
dino_push_v2_switch_s2,mw-push,41012,5,init,-0.3104110411041104,0.1,0.0,100
dino_push_v2_switch_s2,mw-push,41012,5,final,0.12248424842484246,0.0,0.0,100
dino_push_v2_switch_s2,mw-push,41012,6,init,0.27870470658603264,0.0,0.0,100
dino_push_v2_switch_s2,mw-push,41012,6,final,0.09410141014101409,0.1,0.0,100
dino_push_v2_switch_s2,mw-push,41013,0,init,0.38119411941194115,0.4,0.0,100
dino_push_v2_switch_s2,mw-push,41013,0,final,-0.050177017701770174,0.0,0.0,100
dino_push_v2_switch_s2,mw-push,41013,1,init,0.32961296129612955,0.1,0.0,100
dino_push_v2_switch_s2,mw-push,41013,1,final,0.21566156615661564,0.0,0.0,100
dino_push_v2_switch_s2,mw-push,41013,2,init,0.12676867686768675,0.0,0.0,100
dino_push_v2_switch_s2,mw-push,41013,2,final,0.012505250525052504,0.1,0.0,100
dino_push_v2_switch_s2,mw-push,41013,3,init,0.09777377737773776,0.1,0.0,100
dino_push_v2_switch_s2,mw-push,41013,3,final,0.22273027302730272,0.0,0.0,100
dino_push_v2_switch_s2,mw-push,41013,4,init,0.02917491749174917,0.2,1.3356447219848606,100
dino_push_v2_switch_s2,mw-push,41013,4,final,-0.17866186618661864,0.0,0.0,100
dino_push_v2_switch_s2,mw-push,41013,5,init,0.26286228622862284,0.1,0.0,100
dino_push_v2_switch_s2,mw-push,41013,5,final,0.2573417341734173,0.1,0.0,100
dino_push_v2_switch_s2,mw-push,41013,6,init,0.06846684668466846,0.1,0.0,100
dino_push_v2_switch_s2,mw-push,41013,6,final,0.00282028202820282,0.0,0.0,100
dino_push_v2_switch_s2,mw-push,41014,0,init,0.4894329432943294,0.7,0.0,100
dino_push_v2_switch_s2,mw-push,41014,0,final,-0.05137713771377138,0.0,0.6182432174682617,100
dino_push_v2_switch_s2,mw-push,41014,1,init,0.6737593759375936,0.0,0.59170871973038,100
dino_push_v2_switch_s2,mw-push,41014,1,final,-0.040180018001800176,0.0,2.212241291999817,100
dino_push_v2_switch_s2,mw-push,41014,2,init,0.37627362736273623,0.0,8.12744945287705,100
dino_push_v2_switch_s2,mw-push,41014,2,final,0.3315571557155715,0.1,0.04093497991562167,100
dino_push_v2_switch_s2,mw-push,41014,3,init,0.2354402503468453,0.0,6.02113008499146,100
dino_push_v2_switch_s2,mw-push,41014,3,final,0.18141014101410138,0.0,0.2154052257537925,100
dino_push_v2_switch_s2,mw-push,41014,4,init,0.26778277827782776,0.0,4.635582864284521,100
dino_push_v2_switch_s2,mw-push,41014,4,final,0.013345334533453344,0.0,0.602321326732641,100
dino_push_v2_switch_s2,mw-push,41014,5,init,0.03848784878487849,0.0,5.66830784082413,100
dino_push_v2_switch_s2,mw-push,41014,5,final,-0.06634263426342633,0.2,0.0,100
dino_push_v2_switch_s2,mw-push,41014,6,init,-0.3195199519951995,0.0,0.966913998126992,100
dino_push_v2_switch_s2,mw-push,41014,6,final,0.33327332733273324,0.2,0.0,100
dino_push_v2_switch_s2,mw-push,41015,0,init,0.060366036603660356,0.0,0.0,100
dino_push_v2_switch_s2,mw-push,41015,0,final,-0.31343534353435343,0.0,0.0,100
dino_push_v2_switch_s2,mw-push,41015,1,init,-0.6366276627662766,0.0,0.0,100
dino_push_v2_switch_s2,mw-push,41015,1,final,-0.12288028802880287,0.0,0.0,100
dino_push_v2_switch_s2,mw-push,41015,2,init,-0.44235223522352235,0.0,0.0,100
dino_push_v2_switch_s2,mw-push,41015,2,final,-0.08859285928592858,0.0,0.0,100
dino_push_v2_switch_s2,mw-push,41015,3,init,-0.009576957695769576,0.0,0.0,100
dino_push_v2_switch_s2,mw-push,41015,3,final,-0.1683168316831683,0.0,0.0,100
dino_push_v2_switch_s2,mw-push,41015,4,init,-0.058673867386738666,0.0,0.0,100
dino_push_v2_switch_s2,mw-push,41015,4,final,-0.13194119411941194,0.0,0.0,100
dino_push_v2_switch_s2,mw-push,41015,5,init,-0.176045604560456,0.0,0.0,100
dino_push_v2_switch_s2,mw-push,41015,5,final,0.062478247824782465,0.0,0.0,100
dino_push_v2_switch_s2,mw-push,41015,6,init,-0.15811581158115806,0.0,0.0,100
dino_push_v2_switch_s2,mw-push,41015,6,final,-0.021890189018901888,0.1,0.0,100
