tag,task,seed,replan,phase,rho,recall,r_sel_cm,n
dino_push_l2,mw-push,41000,0,init,0.6877407740774076,0.6,0.0,100
dino_push_l2,mw-push,41000,0,final,-0.020906090609060905,0.0,0.0,100
dino_push_l2,mw-push,41000,1,init,0.2544134413441344,0.0,0.046956539154052734,100
dino_push_l2,mw-push,41000,1,final,-0.5403660366036603,0.0,0.0,100
dino_push_l2,mw-push,41000,2,init,-0.37104110411041097,0.0,0.0,100
dino_push_l2,mw-push,41000,2,final,-0.10474647464746473,0.0,0.0,100
dino_push_l2,mw-push,41000,3,init,0.10847884788478847,0.0,0.0,100
dino_push_l2,mw-push,41000,3,final,-0.5803540354035402,0.0,0.0,100
dino_push_l2,mw-push,41000,4,init,0.33306930693069303,0.2,0.0,100
dino_push_l2,mw-push,41000,4,final,0.07804380438043804,0.0,0.0,100
dino_push_l2,mw-push,41000,5,init,-0.009036903690369035,0.2,0.0,100
dino_push_l2,mw-push,41000,5,final,0.23227122712271225,0.0,0.0,100
dino_push_l2,mw-push,41000,6,init,0.03162316231623162,0.0,0.0,100
dino_push_l2,mw-push,41000,6,final,-0.04594059405940594,0.0,0.0,100
dino_push_l2,mw-push,41001,0,init,0.7753735373537353,0.4,0.0,100
dino_push_l2,mw-push,41001,0,final,0.21954995499549954,0.0,0.0,100
dino_push_l2,mw-push,41001,1,init,0.23435943594359435,0.1,0.00152587890625,100
dino_push_l2,mw-push,41001,1,final,-0.5387818781878188,0.0,0.0,100
dino_push_l2,mw-push,41001,2,init,-0.1311251125112511,0.0,0.0,100
dino_push_l2,mw-push,41001,2,final,-0.628226822682268,0.0,0.0,100
dino_push_l2,mw-push,41001,3,init,-0.24957695769576957,0.0,0.0,100
dino_push_l2,mw-push,41001,3,final,-0.1571197119711971,0.0,0.0,100
dino_push_l2,mw-push,41001,4,init,0.5373657365736573,0.1,0.0,100
dino_push_l2,mw-push,41001,4,final,-0.39139513951395133,0.0,0.0,100
dino_push_l2,mw-push,41001,5,init,0.5301170117011701,0.2,0.0,100
dino_push_l2,mw-push,41001,5,final,-0.3168076807680768,0.0,0.0,100
dino_push_l2,mw-push,41001,6,init,0.2642424242424242,0.2,0.0,100
dino_push_l2,mw-push,41001,6,final,0.10607860786078606,0.1,0.0,100
dino_push_l2,mw-push,41002,0,init,0.6837083708370836,0.2,0.0,100
dino_push_l2,mw-push,41002,0,final,0.12768076807680767,0.0,0.0,100
dino_push_l2,mw-push,41002,1,init,0.13028502850285026,0.0,0.0,100
dino_push_l2,mw-push,41002,1,final,0.10684668466846685,0.0,0.0,100
dino_push_l2,mw-push,41002,2,init,-0.2531293129312931,0.0,0.0,100
dino_push_l2,mw-push,41002,2,final,-0.6834683468346834,0.0,0.0,100
dino_push_l2,mw-push,41002,3,init,-0.43813981398139806,0.0,0.0,100
dino_push_l2,mw-push,41002,3,final,0.30532253225322525,0.1,0.0,100
dino_push_l2,mw-push,41002,4,init,0.38247824782478246,0.0,0.0,100
dino_push_l2,mw-push,41002,4,final,-0.24871287128712868,0.0,0.0,100
dino_push_l2,mw-push,41002,5,init,0.806012601260126,0.5,0.0,100
dino_push_l2,mw-push,41002,5,final,0.31339427961221045,0.1,0.0,100
dino_push_l2,mw-push,41002,6,init,0.6088928892889288,0.3,0.0,100
dino_push_l2,mw-push,41002,6,final,0.005388538853885388,0.0,0.0,100
dino_push_l2,mw-push,41003,0,init,0.8000600060006,0.1,0.0,100
dino_push_l2,mw-push,41003,0,final,-0.40919414699898243,0.0,0.0,100
dino_push_l2,mw-push,41003,1,init,0.03066306630663066,0.0,1.2303739786148098,100
dino_push_l2,mw-push,41003,1,final,-0.5068226822682268,0.0,0.0,100
dino_push_l2,mw-push,41003,2,init,-0.32523252325232527,0.0,0.0,100
dino_push_l2,mw-push,41003,2,final,-0.27548754875487547,0.0,0.0,100
dino_push_l2,mw-push,41003,3,init,0.8341434143414341,0.4,0.0,100
dino_push_l2,mw-push,41003,3,final,0.14717071707170717,0.0,0.0,100
dino_push_l2,mw-push,41003,4,init,0.7212241224122412,0.5,0.0,100
dino_push_l2,mw-push,41003,4,final,-0.11383138313831383,0.0,0.0,100
dino_push_l2,mw-push,41003,5,init,0.38127812781278125,0.1,0.0,100
dino_push_l2,mw-push,41003,5,final,0.09072907290729072,0.0,0.0,100
dino_push_l2,mw-push,41003,6,init,0.1607440744074407,0.2,0.0,100
dino_push_l2,mw-push,41003,6,final,0.0869126912691269,0.0,0.0,100
dino_push_l2,mw-push,41004,0,init,0.4427602760276027,0.1,0.0,100
dino_push_l2,mw-push,41004,0,final,0.1821182118211821,0.2,0.0,100
dino_push_l2,mw-push,41004,1,init,-0.07573957395739574,0.0,0.0,100
dino_push_l2,mw-push,41004,1,final,-0.22586258625862582,0.0,0.0,100
dino_push_l2,mw-push,41004,2,init,-0.29662166216621655,0.0,0.0,100
dino_push_l2,mw-push,41004,2,final,-0.0942094209420942,0.0,0.0,100
dino_push_l2,mw-push,41004,3,init,-0.07068706870687069,0.0,0.0,100
dino_push_l2,mw-push,41004,3,final,-0.3111440478383276,0.0,0.0,100
dino_push_l2,mw-push,41004,4,init,0.665070507050705,0.1,0.0,100
dino_push_l2,mw-push,41004,4,final,-0.11907590759075906,0.0,0.0,100
dino_push_l2,mw-push,41004,5,init,0.7940834083408341,0.5,0.0,100
dino_push_l2,mw-push,41004,5,final,-0.042256225622562246,0.0,0.0,100
dino_push_l2,mw-push,41004,6,init,-0.012985298529852984,0.0,0.0,100
dino_push_l2,mw-push,41004,6,final,-0.0251065106510651,0.0,0.0,100
dino_push_l2,mw-push,41005,0,init,0.8313591359135912,0.5,0.0,100
dino_push_l2,mw-push,41005,0,final,-0.2104170417041704,0.0,0.0,100
dino_push_l2,mw-push,41005,1,init,0.2581578157815781,0.2,0.0,100
dino_push_l2,mw-push,41005,1,final,-0.4478007800780078,0.1,0.0,100
dino_push_l2,mw-push,41005,2,init,-0.3061746174617462,0.0,0.0,100
dino_push_l2,mw-push,41005,2,final,-0.29326132613261324,0.1,0.0,100
dino_push_l2,mw-push,41005,3,init,0.44698469846984695,0.0,0.0,100
dino_push_l2,mw-push,41005,3,final,-0.020162016201620163,0.0,0.0,100
dino_push_l2,mw-push,41005,4,init,0.943054305430543,0.8,0.0,100
dino_push_l2,mw-push,41005,4,final,-0.073999399939994,0.0,0.0,100
dino_push_l2,mw-push,41005,5,init,0.8083528352835282,0.4,0.0,100
dino_push_l2,mw-push,41005,5,final,-0.3165316531653165,0.0,0.0,100
dino_push_l2,mw-push,41005,6,init,0.4036723672367237,0.0,0.0,100
dino_push_l2,mw-push,41005,6,final,-0.26657065706570654,0.0,0.0,100
dino_push_l2,mw-push,41006,0,init,0.908082808280828,0.9,0.0,100
dino_push_l2,mw-push,41006,0,final,0.6233903390339034,0.4,0.0025391578674316406,100
dino_push_l2,mw-push,41006,1,init,0.7827422742274226,0.6,0.12390613555907926,100
dino_push_l2,mw-push,41006,1,final,0.2705310531053105,0.2,2.823586761951438,100
dino_push_l2,mw-push,41006,2,init,-0.004608460846084608,0.2,1.4844253659248297,100
dino_push_l2,mw-push,41006,2,final,-0.4934893489348935,0.0,0.27224272489548007,100
dino_push_l2,mw-push,41006,3,init,-0.11504350435043503,0.0,0.0,100
dino_push_l2,mw-push,41006,3,final,0.06474647464746475,0.0,0.0,100
dino_push_l2,mw-push,41006,4,init,-0.0445004500450045,0.0,0.0,100
dino_push_l2,mw-push,41006,4,final,0.2083408340834083,0.0,0.0,100
dino_push_l2,mw-push,41006,5,init,0.02478247824782478,0.0,0.0,100
dino_push_l2,mw-push,41006,5,final,0.18559855985598558,0.0,0.0,100
dino_push_l2,mw-push,41006,6,init,0.11165916591659165,0.0,0.0,100
dino_push_l2,mw-push,41006,6,final,0.0541134113411341,0.0,0.0,100
dino_push_l2,mw-push,41007,0,init,0.551750830338008,0.3,0.0,100
dino_push_l2,mw-push,41007,0,final,-0.3997479747974797,0.0,0.0,100
dino_push_l2,mw-push,41007,1,init,0.08939693969396939,0.0,0.0,100
dino_push_l2,mw-push,41007,1,final,-0.2301350135013501,0.0,0.0,100
dino_push_l2,mw-push,41007,2,init,-0.38970297029702966,0.0,0.0,100
dino_push_l2,mw-push,41007,2,final,-0.06222622262226221,0.0,0.0,100
dino_push_l2,mw-push,41007,3,init,-0.002496249624962496,0.1,0.0,100
dino_push_l2,mw-push,41007,3,final,0.1139153915391539,0.0,0.0,100
dino_push_l2,mw-push,41007,4,init,0.8511371137113709,0.4,0.0,100
dino_push_l2,mw-push,41007,4,final,0.26663066306630656,0.0,0.0,100
dino_push_l2,mw-push,41007,5,init,0.9392859285928591,0.6,0.0,100
dino_push_l2,mw-push,41007,5,final,0.4331473147314731,0.1,0.0,100
dino_push_l2,mw-push,41007,6,init,0.5623402340234024,0.0,0.0,100
dino_push_l2,mw-push,41007,6,final,0.05896189618961895,0.1,0.0,100
dino_push_l2,mw-push,41008,0,init,0.7677047704770477,0.6,0.0,100
dino_push_l2,mw-push,41008,0,final,0.034515451545154514,0.0,0.0,100
dino_push_l2,mw-push,41008,1,init,0.3761296129612961,0.1,0.45836567878723145,100
dino_push_l2,mw-push,41008,1,final,-0.2498529852985298,0.0,0.0,100
dino_push_l2,mw-push,41008,2,init,-0.16010801080108011,0.0,0.2021878957748413,100
dino_push_l2,mw-push,41008,2,final,-0.36895289528952896,0.0,0.0,100
dino_push_l2,mw-push,41008,3,init,-0.4697269726972697,0.0,0.0,100
dino_push_l2,mw-push,41008,3,final,-0.4945934593459345,0.0,0.0,100
dino_push_l2,mw-push,41008,4,init,0.14673867386738673,0.0,0.0,100
dino_push_l2,mw-push,41008,4,final,-0.33034503450345026,0.0,0.0,100
dino_push_l2,mw-push,41008,5,init,-0.2576177617761776,0.0,0.0,100
dino_push_l2,mw-push,41008,5,final,-0.03791179117911791,0.0,0.0,100
dino_push_l2,mw-push,41008,6,init,-0.29178517851785174,0.0,0.0,100
dino_push_l2,mw-push,41008,6,final,0.12397239723972396,0.0,0.0,100
dino_push_l2,mw-push,41009,0,init,0.42373837383738366,0.3,0.0,100
dino_push_l2,mw-push,41009,0,final,-0.014653465346534651,0.0,0.0,100
dino_push_l2,mw-push,41009,1,init,0.25000900090009,0.0,0.0,100
dino_push_l2,mw-push,41009,1,final,-0.24678067806780676,0.0,0.0,100
dino_push_l2,mw-push,41009,2,init,-0.25827782778277825,0.0,0.0,100
dino_push_l2,mw-push,41009,2,final,0.10648664866486647,0.0,0.0,100
dino_push_l2,mw-push,41009,3,init,-0.6132253225322531,0.0,0.0,100
dino_push_l2,mw-push,41009,3,final,0.358007800780078,0.0,0.0,100
dino_push_l2,mw-push,41009,4,init,0.6175097509750975,0.2,0.0,100
dino_push_l2,mw-push,41009,4,final,0.03350735073507351,0.0,0.0,100
dino_push_l2,mw-push,41009,5,init,0.8193699369936993,0.6,0.0,100
dino_push_l2,mw-push,41009,5,final,0.04794479447944794,0.1,0.0,100
dino_push_l2,mw-push,41009,6,init,0.6837323732373236,0.2,0.0,100
dino_push_l2,mw-push,41009,6,final,0.020942094209420937,0.0,0.0,100
dino_push_l2,mw-push,41010,0,init,0.5691569156915691,0.1,0.0,100
dino_push_l2,mw-push,41010,0,final,-0.35890789078907887,0.0,0.0,100
dino_push_l2,mw-push,41010,1,init,0.13606960696069606,0.2,0.0,100
dino_push_l2,mw-push,41010,1,final,-0.5518511851185118,0.0,0.0,100
dino_push_l2,mw-push,41010,2,init,-0.31495949594959494,0.0,0.0,100
dino_push_l2,mw-push,41010,2,final,0.3258805880588058,0.0,0.0,100
dino_push_l2,mw-push,41010,3,init,0.05020102010201019,0.0,0.0,100
dino_push_l2,mw-push,41010,3,final,0.2294269426942694,0.0,0.0,100
dino_push_l2,mw-push,41010,4,init,0.8277227722772277,0.4,0.0,100
dino_push_l2,mw-push,41010,4,final,0.06813081308130813,0.0,0.0,100
dino_push_l2,mw-push,41010,5,init,0.8228742874287428,0.5,0.0,100
dino_push_l2,mw-push,41010,5,final,-0.10255025502550254,0.0,0.0,100
dino_push_l2,mw-push,41010,6,init,0.5104950495049504,0.0,0.0,100
dino_push_l2,mw-push,41010,6,final,0.23053774538881253,0.0,0.0,100
dino_push_l2,mw-push,41011,0,init,0.7926432643264325,0.3,0.0,100
dino_push_l2,mw-push,41011,0,final,0.10156615661566157,0.0,0.0,100
dino_push_l2,mw-push,41011,1,init,0.39852385238523846,0.0,1.1527091264724676,100
dino_push_l2,mw-push,41011,1,final,-0.1686408640864086,0.0,1.541648805141449,100
dino_push_l2,mw-push,41011,2,init,-0.19434743474347435,0.0,0.0,100
dino_push_l2,mw-push,41011,2,final,0.051101110111011094,0.1,0.0,100
dino_push_l2,mw-push,41011,3,init,-0.5460186018601859,0.0,0.0,100
dino_push_l2,mw-push,41011,3,final,-0.5885628562856285,0.0,0.0,100
dino_push_l2,mw-push,41011,4,init,0.42373837383738366,0.0,0.0,100
dino_push_l2,mw-push,41011,4,final,-0.4148694869486948,0.0,0.0,100
dino_push_l2,mw-push,41011,5,init,0.41545754575457544,0.1,0.0,100
dino_push_l2,mw-push,41011,5,final,-0.0038043804380438044,0.1,0.0,100
dino_push_l2,mw-push,41011,6,init,-0.09033303330333033,0.0,0.0,100
dino_push_l2,mw-push,41011,6,final,0.2704470447044704,0.4,0.0,100
dino_push_l2,mw-push,41012,0,init,0.8477887788778877,0.8,0.0,100
dino_push_l2,mw-push,41012,0,final,0.20001200120012,0.2,0.09460598230362216,100
dino_push_l2,mw-push,41012,1,init,0.42432643264326425,0.2,1.9270777702331487,100
dino_push_l2,mw-push,41012,1,final,-0.3877227722772277,0.0,1.2633472681045506,100
dino_push_l2,mw-push,41012,2,init,-0.05874587458745874,0.1,5.20840585231781,100
dino_push_l2,mw-push,41012,2,final,-0.1646084608460846,0.0,0.0,100
dino_push_l2,mw-push,41012,3,init,0.21909390939093906,0.0,0.0,100
dino_push_l2,mw-push,41012,3,final,0.07687968796879688,0.1,0.0,100
dino_push_l2,mw-push,41012,4,init,0.5212001200120012,0.2,0.0,100
dino_push_l2,mw-push,41012,4,final,0.1137113711371137,0.0,0.0,100
dino_push_l2,mw-push,41012,5,init,0.4861806180618062,0.4,0.0,100
dino_push_l2,mw-push,41012,5,final,-0.002892289228922892,0.0,0.0,100
dino_push_l2,mw-push,41012,6,init,0.1776057605760576,0.2,0.0,100
dino_push_l2,mw-push,41012,6,final,0.000672067206720672,0.0,0.0,100
dino_push_l2,mw-push,41013,0,init,0.7258325832583258,0.3,0.0,100
dino_push_l2,mw-push,41013,0,final,-0.28780078007800775,0.0,0.0,100
dino_push_l2,mw-push,41013,1,init,0.031827182718271826,0.0,0.0,100
dino_push_l2,mw-push,41013,1,final,-0.6129252925292529,0.0,0.0,100
dino_push_l2,mw-push,41013,2,init,-0.39648364836483646,0.0,0.0,100
dino_push_l2,mw-push,41013,2,final,0.024554455445544552,0.0,0.0,100
dino_push_l2,mw-push,41013,3,init,0.3882508250825082,0.0,0.0,100
dino_push_l2,mw-push,41013,3,final,-0.019957995799579954,0.0,0.0,100
dino_push_l2,mw-push,41013,4,init,0.8118571857185718,0.3,0.0,100
dino_push_l2,mw-push,41013,4,final,0.04058805880588059,0.0,0.0,100
dino_push_l2,mw-push,41013,5,init,0.5808100810081007,0.1,0.0,100
dino_push_l2,mw-push,41013,5,final,-0.015085508550855083,0.0,0.0,100
dino_push_l2,mw-push,41013,6,init,-0.4299309930993099,0.0,0.0,100
dino_push_l2,mw-push,41013,6,final,-0.10235823582358233,0.0,0.0,100
dino_push_l2,mw-push,41014,0,init,0.6965016501650164,0.2,0.0,100
dino_push_l2,mw-push,41014,0,final,0.046240624062406234,0.0,0.0,100
dino_push_l2,mw-push,41014,1,init,0.12247224722472244,0.0,0.535380840301522,100
dino_push_l2,mw-push,41014,1,final,-0.17134113411341131,0.0,0.0,100
dino_push_l2,mw-push,41014,2,init,-0.19443144314431443,0.0,0.0,100
dino_push_l2,mw-push,41014,2,final,-0.5027062706270626,0.0,0.0,100
dino_push_l2,mw-push,41014,3,init,-0.04811281128112811,0.0,0.0,100
dino_push_l2,mw-push,41014,3,final,0.23974797479747972,0.0,0.0,100
dino_push_l2,mw-push,41014,4,init,0.6929852985298529,0.0,0.0,100
dino_push_l2,mw-push,41014,4,final,0.3882388238823882,0.0,0.0,100
dino_push_l2,mw-push,41014,5,init,0.7555955595559555,0.6,0.0,100
dino_push_l2,mw-push,41014,5,final,0.12399639963996398,0.0,0.0,100
dino_push_l2,mw-push,41014,6,init,0.5006660666066607,0.3,0.0,100
dino_push_l2,mw-push,41014,6,final,-0.12976897689768974,0.0,0.0,100
dino_push_l2,mw-push,41015,0,init,-0.3404380438043804,0.0,0.0,100
dino_push_l2,mw-push,41015,0,final,-0.8111371137113711,0.0,0.0,100
dino_push_l2,mw-push,41015,1,init,-0.7853345334533454,0.0,0.0,100
dino_push_l2,mw-push,41015,1,final,-0.1848064806480648,0.0,0.0,100
dino_push_l2,mw-push,41015,2,init,-0.563036303630363,0.0,0.0,100
dino_push_l2,mw-push,41015,2,final,-0.28050405040504045,0.0,0.0,100
dino_push_l2,mw-push,41015,3,init,-0.005256525652565256,0.0,0.0,100
dino_push_l2,mw-push,41015,3,final,0.08946894689468947,0.0,0.0,100
dino_push_l2,mw-push,41015,4,init,0.07197119711971196,0.0,0.0,100
dino_push_l2,mw-push,41015,4,final,-0.17525352535253522,0.0,0.0,100
dino_push_l2,mw-push,41015,5,init,0.0471047104710471,0.1,0.0,100
dino_push_l2,mw-push,41015,5,final,-0.11743174317431743,0.0,0.0,100
dino_push_l2,mw-push,41015,6,init,-0.023402340234023402,0.0,0.0,100
dino_push_l2,mw-push,41015,6,final,-0.015409540954095408,0.0,0.0,100
dino_push_straight_none,mw-push,41000,0,init,0.1602280228022802,0.2,0.0,100
dino_push_straight_none,mw-push,41000,0,final,-0.41410141014101404,0.0,0.0,100
dino_push_straight_none,mw-push,41000,1,init,-0.4065766576657665,0.0,0.0,100
dino_push_straight_none,mw-push,41000,1,final,-0.1148034803480348,0.0,0.0,100
dino_push_straight_none,mw-push,41000,2,init,-0.3232283228322832,0.0,0.0,100
dino_push_straight_none,mw-push,41000,2,final,-0.0683108310831083,0.0,0.0,100
dino_push_straight_none,mw-push,41000,3,init,-0.20259225922592258,0.0,0.0,100
dino_push_straight_none,mw-push,41000,3,final,0.22627062706270623,0.0,0.0,100
dino_push_straight_none,mw-push,41000,4,init,0.332025202520252,0.0,0.0,100
dino_push_straight_none,mw-push,41000,4,final,-0.3449144914491449,0.0,0.0,100
dino_push_straight_none,mw-push,41000,5,init,0.016489648964896488,0.0,0.0,100
dino_push_straight_none,mw-push,41000,5,final,-0.026894689468946888,0.0,0.0,100
dino_push_straight_none,mw-push,41000,6,init,0.08046804680468046,0.0,0.0,100
dino_push_straight_none,mw-push,41000,6,final,0.2812001200120012,0.1,0.0,100
dino_push_straight_none,mw-push,41001,0,init,0.027230723072307228,0.1,0.0,100
dino_push_straight_none,mw-push,41001,0,final,-0.36477647764776466,0.0,0.0,100
dino_push_straight_none,mw-push,41001,1,init,-0.5411821182118212,0.0,0.0,100
dino_push_straight_none,mw-push,41001,1,final,-0.010081008100810081,0.0,0.0,100
dino_push_straight_none,mw-push,41001,2,init,-0.19127512751275122,0.0,0.0,100
dino_push_straight_none,mw-push,41001,2,final,-0.036279627962796275,0.0,0.0,100
dino_push_straight_none,mw-push,41001,3,init,-0.0634983498349835,0.0,0.0,100
dino_push_straight_none,mw-push,41001,3,final,-0.11775577557755774,0.0,0.0,100
dino_push_straight_none,mw-push,41001,4,init,0.0836003600360036,0.0,0.0,100
dino_push_straight_none,mw-push,41001,4,final,0.18505850585058506,0.0,0.0,100
dino_push_straight_none,mw-push,41001,5,init,-0.014329432943294328,0.0,0.0,100
dino_push_straight_none,mw-push,41001,5,final,-0.06685868586858686,0.0,0.0,100
dino_push_straight_none,mw-push,41001,6,init,0.11689168916891689,0.0,0.0,100
dino_push_straight_none,mw-push,41001,6,final,0.06388238823882388,0.1,0.0,100
dino_push_straight_none,mw-push,41002,0,init,0.2998139813981398,0.2,0.0,100
dino_push_straight_none,mw-push,41002,0,final,-0.45000900090009,0.0,0.0,100
dino_push_straight_none,mw-push,41002,1,init,-0.5895949594959495,0.0,0.0,100
dino_push_straight_none,mw-push,41002,1,final,0.16242424242424242,0.0,0.0,100
dino_push_straight_none,mw-push,41002,2,init,-0.13140114011401138,0.0,0.0,100
dino_push_straight_none,mw-push,41002,2,final,-0.1274287428742874,0.0,0.0,100
dino_push_straight_none,mw-push,41002,3,init,-0.24861686168616856,0.0,0.0,100
dino_push_straight_none,mw-push,41002,3,final,0.14966696669666965,0.0,0.0,100
dino_push_straight_none,mw-push,41002,4,init,0.03947194719471947,0.0,0.0,100
dino_push_straight_none,mw-push,41002,4,final,-0.12547254725472545,0.0,0.0,100
dino_push_straight_none,mw-push,41002,5,init,0.19620762076207618,0.0,0.0,100
dino_push_straight_none,mw-push,41002,5,final,0.19338733873387337,0.0,0.0,100
dino_push_straight_none,mw-push,41002,6,init,0.009228922892289227,0.0,0.0,100
dino_push_straight_none,mw-push,41002,6,final,0.03201920192019202,0.0,0.0,100
dino_push_straight_none,mw-push,41003,0,init,0.15225922592259225,0.1,0.0,100
dino_push_straight_none,mw-push,41003,0,final,-0.38619861986198617,0.0,0.0,100
dino_push_straight_none,mw-push,41003,1,init,-0.2749714971497149,0.0,0.0,100
dino_push_straight_none,mw-push,41003,1,final,0.10324663440380824,0.0,0.0,100
dino_push_straight_none,mw-push,41003,2,init,-0.3754335433543354,0.0,0.0,100
dino_push_straight_none,mw-push,41003,2,final,0.22143414341434142,0.0,0.0,100
dino_push_straight_none,mw-push,41003,3,init,0.17552955295529551,0.0,0.0,100
dino_push_straight_none,mw-push,41003,3,final,0.10217821782178219,0.0,0.0,100
dino_push_straight_none,mw-push,41003,4,init,-0.06835883588358835,0.0,0.0,100
dino_push_straight_none,mw-push,41003,4,final,0.02299436842005075,0.2,0.0,100
dino_push_straight_none,mw-push,41003,5,init,-0.056909690969096906,0.0,0.0,100
dino_push_straight_none,mw-push,41003,5,final,0.14797479747974795,0.0,0.0,100
dino_push_straight_none,mw-push,41003,6,init,-0.04915691569156915,0.0,0.0,100
dino_push_straight_none,mw-push,41003,6,final,0.5224722472247224,0.1,0.0,100
dino_push_straight_none,mw-push,41004,0,init,0.07428742874287429,0.0,0.0,100
dino_push_straight_none,mw-push,41004,0,final,-0.25144914491449144,0.0,0.0,100
dino_push_straight_none,mw-push,41004,1,init,-0.6724632463246324,0.0,0.0,100
dino_push_straight_none,mw-push,41004,1,final,0.15854785478547856,0.0,0.0,100
dino_push_straight_none,mw-push,41004,2,init,-0.3073147314731473,0.0,0.0,100
dino_push_straight_none,mw-push,41004,2,final,-0.08076807680768075,0.0,0.0,100
dino_push_straight_none,mw-push,41004,3,init,-0.07524752475247523,0.0,0.0,100
dino_push_straight_none,mw-push,41004,3,final,0.22075007500750074,0.1,0.0,100
dino_push_straight_none,mw-push,41004,4,init,-0.40145214521452144,0.0,0.0,100
dino_push_straight_none,mw-push,41004,4,final,0.24997299729972994,0.0,0.0,100
dino_push_straight_none,mw-push,41004,5,init,0.4337473747374737,0.1,0.0,100
dino_push_straight_none,mw-push,41004,5,final,0.10982298229822982,0.1,0.0,100
dino_push_straight_none,mw-push,41004,6,init,0.22351035103510347,0.1,0.0,100
dino_push_straight_none,mw-push,41004,6,final,-0.1414821482148215,0.1,0.0,100
dino_push_straight_none,mw-push,41005,0,init,0.21863786378637862,0.3,0.0,100
dino_push_straight_none,mw-push,41005,0,final,-0.36158415841584157,0.0,0.0,100
dino_push_straight_none,mw-push,41005,1,init,-0.2312031203120312,0.0,0.0,100
dino_push_straight_none,mw-push,41005,1,final,-0.05911791179117911,0.0,0.0,100
dino_push_straight_none,mw-push,41005,2,init,-0.25868586858685866,0.0,0.0,100
dino_push_straight_none,mw-push,41005,2,final,0.24668466846684667,0.0,0.0,100
dino_push_straight_none,mw-push,41005,3,init,-0.12718871887188718,0.0,0.0,100
dino_push_straight_none,mw-push,41005,3,final,0.11043504350435043,0.0,0.0,100
dino_push_straight_none,mw-push,41005,4,init,-0.08787278727872787,0.0,0.0,100
dino_push_straight_none,mw-push,41005,4,final,-0.09747374737473745,0.0,0.0,100
dino_push_straight_none,mw-push,41005,5,init,-0.09524152415241523,0.0,0.0,100
dino_push_straight_none,mw-push,41005,5,final,-0.10505850585058504,0.1,0.0,100
dino_push_straight_none,mw-push,41005,6,init,0.3555475547554755,0.0,0.0,100
dino_push_straight_none,mw-push,41005,6,final,0.002892289228922892,0.1,0.0,100
dino_push_straight_none,mw-push,41006,0,init,0.3397539753975397,0.5,0.0,100
dino_push_straight_none,mw-push,41006,0,final,0.11445544554455445,0.0,0.0,100
dino_push_straight_none,mw-push,41006,1,init,0.579141914191419,0.3,0.0,100
dino_push_straight_none,mw-push,41006,1,final,0.16060006000600055,0.1,0.0,100
dino_push_straight_none,mw-push,41006,2,init,0.42274227422742267,0.3,0.0,100
dino_push_straight_none,mw-push,41006,2,final,-0.04495649564956495,0.0,0.21478533744812012,100
dino_push_straight_none,mw-push,41006,3,init,0.16808880888088806,0.4,1.481181383132929,100
dino_push_straight_none,mw-push,41006,3,final,-0.012001200120012,0.0,2.0427837967872593,100
dino_push_straight_none,mw-push,41006,4,init,0.5295529552955295,0.4,0.5438566207885687,100
dino_push_straight_none,mw-push,41006,4,final,0.18185418541854184,0.3,0.3582805395126287,100
dino_push_straight_none,mw-push,41006,5,init,0.46423042304230416,0.4,1.1318355798721313,100
dino_push_straight_none,mw-push,41006,5,final,0.14149414941494148,0.0,0.01147836446762085,100
dino_push_straight_none,mw-push,41006,6,init,0.17735373537353732,0.0,0.01952052116394043,100
dino_push_straight_none,mw-push,41006,6,final,0.01908190819081908,0.1,0.0,100
dino_push_straight_none,mw-push,41007,0,init,0.09629762976297629,0.2,0.0,100
dino_push_straight_none,mw-push,41007,0,final,-0.638007800780078,0.0,0.0,100
dino_push_straight_none,mw-push,41007,1,init,-0.5008340834083408,0.0,0.0,100
dino_push_straight_none,mw-push,41007,1,final,0.02748274827482748,0.0,0.0,100
dino_push_straight_none,mw-push,41007,2,init,-0.4485568556855685,0.0,0.0,100
dino_push_straight_none,mw-push,41007,2,final,0.16385238523852386,0.0,0.0,100
dino_push_straight_none,mw-push,41007,3,init,-0.04847284728472846,0.0,0.0,100
dino_push_straight_none,mw-push,41007,3,final,-0.044428442844284426,0.0,0.0,100
dino_push_straight_none,mw-push,41007,4,init,-0.17369336933693366,0.0,0.0,100
dino_push_straight_none,mw-push,41007,4,final,0.036579657965796576,0.0,0.0,100
dino_push_straight_none,mw-push,41007,5,init,-0.28231623162316233,0.0,0.0,100
dino_push_straight_none,mw-push,41007,5,final,0.022358235823582356,0.0,0.0,100
dino_push_straight_none,mw-push,41007,6,init,-0.1460906090609061,0.0,0.0,100
dino_push_straight_none,mw-push,41007,6,final,-0.09365736573657364,0.0,0.0,100
dino_push_straight_none,mw-push,41008,0,init,0.3822262226222622,0.4,0.0,100
dino_push_straight_none,mw-push,41008,0,final,-0.4220222022202219,0.0,0.0,100
dino_push_straight_none,mw-push,41008,1,init,-0.2346234623462346,0.0,0.0,100
dino_push_straight_none,mw-push,41008,1,final,-0.07823582358235823,0.0,0.0,100
dino_push_straight_none,mw-push,41008,2,init,-0.3444224422442244,0.0,0.0,100
dino_push_straight_none,mw-push,41008,2,final,0.19755175517551754,0.0,0.0,100
dino_push_straight_none,mw-push,41008,3,init,0.1299249924992499,0.0,0.0,100
dino_push_straight_none,mw-push,41008,3,final,0.07223522352235223,0.0,0.0,100
dino_push_straight_none,mw-push,41008,4,init,-0.1173957395739574,0.0,0.0,100
dino_push_straight_none,mw-push,41008,4,final,0.20829282928292828,0.0,0.0,100
dino_push_straight_none,mw-push,41008,5,init,0.006108610861086108,0.0,0.0,100
dino_push_straight_none,mw-push,41008,5,final,-0.04978097809780978,0.0,0.0,100
dino_push_straight_none,mw-push,41008,6,init,0.37454545454545446,0.3,0.0,100
dino_push_straight_none,mw-push,41008,6,final,0.34024602460246023,0.1,0.0,100
dino_push_straight_none,mw-push,41009,0,init,-0.03155115511551155,0.0,0.0,100
dino_push_straight_none,mw-push,41009,0,final,-0.05582958295829583,0.0,0.0,100
dino_push_straight_none,mw-push,41009,1,init,-0.648100810081008,0.0,0.0,100
dino_push_straight_none,mw-push,41009,1,final,0.3304290429042904,0.0,0.0,100
dino_push_straight_none,mw-push,41009,2,init,-0.3269366936693669,0.0,0.0,100
dino_push_straight_none,mw-push,41009,2,final,-0.04652865286528653,0.0,0.0,100
dino_push_straight_none,mw-push,41009,3,init,-0.3609120912091209,0.0,0.0,100
dino_push_straight_none,mw-push,41009,3,final,0.032175217521752175,0.0,0.0,100
dino_push_straight_none,mw-push,41009,4,init,0.16787278727872784,0.1,0.0,100
dino_push_straight_none,mw-push,41009,4,final,0.30574257425742574,0.1,0.0,100
dino_push_straight_none,mw-push,41009,5,init,-0.01249324932493249,0.0,0.0,100
dino_push_straight_none,mw-push,41009,5,final,-0.11540354035403538,0.0,0.0,100
dino_push_straight_none,mw-push,41009,6,init,-0.3317731773177317,0.0,0.0,100
dino_push_straight_none,mw-push,41009,6,final,-0.15405940594059406,0.0,0.0,100
dino_push_straight_none,mw-push,41010,0,init,0.29728172817281723,0.1,0.0,100
dino_push_straight_none,mw-push,41010,0,final,-0.6776597659765975,0.0,0.0,100
dino_push_straight_none,mw-push,41010,1,init,-0.39192319231923184,0.0,0.0,100
dino_push_straight_none,mw-push,41010,1,final,-0.16363636363636364,0.0,0.0,100
dino_push_straight_none,mw-push,41010,2,init,-0.5325172517251725,0.0,0.0,100
dino_push_straight_none,mw-push,41010,2,final,0.2986207579394117,0.0,0.0,100
dino_push_straight_none,mw-push,41010,3,init,-0.2894449444944494,0.0,0.0,100
dino_push_straight_none,mw-push,41010,3,final,0.27338815898160546,0.0,0.0,100
dino_push_straight_none,mw-push,41010,4,init,0.09033303330333033,0.0,0.0,100
dino_push_straight_none,mw-push,41010,4,final,0.06495049504950495,0.0,0.0,100
dino_push_straight_none,mw-push,41010,5,init,0.2293069306930693,0.0,0.0,100
dino_push_straight_none,mw-push,41010,5,final,0.1797539753975397,0.0,0.0,100
dino_push_straight_none,mw-push,41010,6,init,-0.3951875187518752,0.0,0.0,100
dino_push_straight_none,mw-push,41010,6,final,-0.05827782778277827,0.0,0.0,100
dino_push_straight_none,mw-push,41011,0,init,0.10448244824482449,0.0,0.0,100
dino_push_straight_none,mw-push,41011,0,final,-0.06762676267626762,0.0,0.0,100
dino_push_straight_none,mw-push,41011,1,init,-0.3495349534953495,0.0,0.0,100
dino_push_straight_none,mw-push,41011,1,final,0.07831983198319832,0.1,0.0,100
dino_push_straight_none,mw-push,41011,2,init,-0.2980858085808581,0.0,0.0,100
dino_push_straight_none,mw-push,41011,2,final,0.01690969096909691,0.0,0.0,100
dino_push_straight_none,mw-push,41011,3,init,-0.10615061506150614,0.0,0.0,100
dino_push_straight_none,mw-push,41011,3,final,-0.04494449444944494,0.1,0.0,100
dino_push_straight_none,mw-push,41011,4,init,0.19968796879687967,0.0,0.0,100
dino_push_straight_none,mw-push,41011,4,final,0.025742574257425738,0.1,0.0,100
dino_push_straight_none,mw-push,41011,5,init,0.03366336633663366,0.0,0.0,100
dino_push_straight_none,mw-push,41011,5,final,0.03926792679267926,0.0,0.0,100
dino_push_straight_none,mw-push,41011,6,init,0.10996699669966994,0.0,0.0,100
dino_push_straight_none,mw-push,41011,6,final,0.09252925292529253,0.0,0.0,100
dino_push_straight_none,mw-push,41012,0,init,0.21845784578457844,0.3,0.0,100
dino_push_straight_none,mw-push,41012,0,final,-0.4662946294629462,0.0,0.0,100
dino_push_straight_none,mw-push,41012,1,init,-0.2308550855085508,0.0,0.0,100
dino_push_straight_none,mw-push,41012,1,final,0.0064326432643264314,0.0,0.0,100
dino_push_straight_none,mw-push,41012,2,init,-0.3159075907590759,0.0,0.0,100
dino_push_straight_none,mw-push,41012,2,final,-0.12356435643564355,0.0,0.0,100
dino_push_straight_none,mw-push,41012,3,init,-0.10689468946894688,0.0,0.0,100
dino_push_straight_none,mw-push,41012,3,final,0.3249204920492049,0.0,0.0,100
dino_push_straight_none,mw-push,41012,4,init,0.054581458145814575,0.0,0.0,100
dino_push_straight_none,mw-push,41012,4,final,0.26346234623462345,0.0,0.0,100
dino_push_straight_none,mw-push,41012,5,init,0.0686108610861086,0.0,0.0,100
dino_push_straight_none,mw-push,41012,5,final,-0.20436843684368436,0.0,0.0,100
dino_push_straight_none,mw-push,41012,6,init,0.24277227722772274,0.0,0.0,100
dino_push_straight_none,mw-push,41012,6,final,0.18883888388838885,0.0,0.0,100
dino_push_straight_none,mw-push,41013,0,init,0.18604260426042601,0.2,0.0,100
dino_push_straight_none,mw-push,41013,0,final,-0.4181218121812181,0.0,0.0,100
dino_push_straight_none,mw-push,41013,1,init,-0.3971437143714371,0.0,0.0,100
dino_push_straight_none,mw-push,41013,1,final,-0.12302430243024301,0.0,0.0,100
dino_push_straight_none,mw-push,41013,2,init,-0.37665766576657655,0.0,0.0,100
dino_push_straight_none,mw-push,41013,2,final,-0.25077707770777075,0.0,0.0,100
dino_push_straight_none,mw-push,41013,3,init,-0.18738673867386738,0.0,0.0,100
dino_push_straight_none,mw-push,41013,3,final,0.32931391933517357,0.2,0.0,100
dino_push_straight_none,mw-push,41013,4,init,-0.17226522652265222,0.0,0.0,100
dino_push_straight_none,mw-push,41013,4,final,-0.00096009600960096,0.0,0.0,100
dino_push_straight_none,mw-push,41013,5,init,-0.3379177917791779,0.0,0.0,100
dino_push_straight_none,mw-push,41013,5,final,-0.1131113111311131,0.0,0.0,100
dino_push_straight_none,mw-push,41013,6,init,0.23859585958595858,0.0,0.0,100
dino_push_straight_none,mw-push,41013,6,final,-0.0005520552055205519,0.2,0.0,100
dino_push_straight_none,mw-push,41014,0,init,0.19219921992199218,0.3,0.0,100
dino_push_straight_none,mw-push,41014,0,final,-0.7552955295529552,0.0,0.0,100
dino_push_straight_none,mw-push,41014,1,init,-0.5722292229222921,0.0,0.0,100
dino_push_straight_none,mw-push,41014,1,final,0.39527152715271524,0.1,0.0,100
dino_push_straight_none,mw-push,41014,2,init,-0.6425682568256825,0.0,0.0,100
dino_push_straight_none,mw-push,41014,2,final,-0.014593459345934593,0.0,0.0,100
dino_push_straight_none,mw-push,41014,3,init,0.06636663666366636,0.0,0.0,100
dino_push_straight_none,mw-push,41014,3,final,-0.12856885688568856,0.0,0.0,100
dino_push_straight_none,mw-push,41014,4,init,0.12022802280228022,0.0,0.0,100
dino_push_straight_none,mw-push,41014,4,final,-0.01902190219021902,0.0,0.0,100
dino_push_straight_none,mw-push,41014,5,init,-0.2918451845184518,0.0,0.0,100
dino_push_straight_none,mw-push,41014,5,final,0.07415541554155414,0.0,0.0,100
dino_push_straight_none,mw-push,41014,6,init,-0.20928892889288925,0.0,0.0,100
dino_push_straight_none,mw-push,41014,6,final,0.15527152715271528,0.0,0.0,100
dino_push_straight_none,mw-push,41015,0,init,-0.3268046804680467,0.0,0.0,100
dino_push_straight_none,mw-push,41015,0,final,-0.4028802880288029,0.0,0.0,100
dino_push_straight_none,mw-push,41015,1,init,-0.6670387038703869,0.0,0.0,100
dino_push_straight_none,mw-push,41015,1,final,-0.050177017701770174,0.0,0.0,100
dino_push_straight_none,mw-push,41015,2,init,-0.4499249924992499,0.0,0.0,100
dino_push_straight_none,mw-push,41015,2,final,-0.15330333033303328,0.0,0.0,100
dino_push_straight_none,mw-push,41015,3,init,0.02107410741074107,0.0,0.0,100
dino_push_straight_none,mw-push,41015,3,final,-0.05438943894389438,0.0,0.0,100
dino_push_straight_none,mw-push,41015,4,init,-0.03471947194719471,0.0,0.0,100
dino_push_straight_none,mw-push,41015,4,final,-0.06373837383738373,0.2,0.0,100
dino_push_straight_none,mw-push,41015,5,init,-0.1431263126312631,0.0,0.0,100
dino_push_straight_none,mw-push,41015,5,final,0.06639063906390638,0.1,0.0,100
dino_push_straight_none,mw-push,41015,6,init,-0.2623102310231023,0.0,0.0,100
dino_push_straight_none,mw-push,41015,6,final,-0.1524152415241524,0.2,0.0,100
dino_push_straight_switch,mw-push,41000,0,init,0.3493069306930693,0.8,0.0,100
dino_push_straight_switch,mw-push,41000,0,final,-0.22213021302130212,0.0,0.9684354066848699,100
dino_push_straight_switch,mw-push,41000,1,init,0.7495469546954695,0.4,0.9322464466094915,100
dino_push_straight_switch,mw-push,41000,1,final,-0.18707470747074706,0.2,0.4213243722915705,100
dino_push_straight_switch,mw-push,41000,2,init,0.4204740474047405,0.4,2.00438797473908,100
dino_push_straight_switch,mw-push,41000,2,final,0.30474647464746474,0.0,0.8492648601531927,100
dino_push_straight_switch,mw-push,41000,3,init,0.08474047404740473,0.0,6.690743565559387,100
dino_push_straight_switch,mw-push,41000,3,final,0.2304110411041104,0.0,0.7772326469421387,100
dino_push_straight_switch,mw-push,41000,4,init,0.0027122712271227117,0.0,3.9380326867103577,100
dino_push_straight_switch,mw-push,41000,4,final,-0.006828682868286829,0.0,0.5272805690765381,100
dino_push_straight_switch,mw-push,41000,5,init,0.07635163516351634,0.0,2.471990883350367,100
dino_push_straight_switch,mw-push,41000,5,final,0.021458145814581456,0.0,1.8234908580780085,100
dino_push_straight_switch,mw-push,41000,6,init,0.21929792979297927,0.0,0.8625239133834783,100
dino_push_straight_switch,mw-push,41000,6,final,0.13658565856585658,0.0,0.7594138383865412,100
dino_push_straight_switch,mw-push,41001,0,init,0.2212181218121812,0.3,0.0,100
dino_push_straight_switch,mw-push,41001,0,final,0.10025802580258025,0.2,0.3230571746826172,100
dino_push_straight_switch,mw-push,41001,1,init,0.5751455145514551,0.2,0.006225705146789551,100
dino_push_straight_switch,mw-push,41001,1,final,0.08321632163216319,0.2,0.3389954566955511,100
dino_push_straight_switch,mw-push,41001,2,init,0.3836183618361836,0.3,6.170818209648132,100
dino_push_straight_switch,mw-push,41001,2,final,-0.028130813081308128,0.2,0.21898150444030762,100
dino_push_straight_switch,mw-push,41001,3,init,0.28829282928292826,0.1,2.54035890102387,100
dino_push_straight_switch,mw-push,41001,3,final,0.03966396639663967,0.1,1.3554573059082031,100
dino_push_straight_switch,mw-push,41001,4,init,0.2515211521152115,0.2,3.367331624031067,100
dino_push_straight_switch,mw-push,41001,4,final,-0.239027902790279,0.0,0.4101723432540949,100
dino_push_straight_switch,mw-push,41001,5,init,0.18505850585058506,0.2,5.436193943023682,100
dino_push_straight_switch,mw-push,41001,5,final,0.12868886888688866,0.2,0.8999824523925837,100
dino_push_straight_switch,mw-push,41001,6,init,0.09794179417941794,0.0,0.9330600500106812,100
dino_push_straight_switch,mw-push,41001,6,final,0.22923492349234922,0.1,0.0,100
dino_push_straight_switch,mw-push,41002,0,init,0.4051965196519651,0.5,0.0,100
dino_push_straight_switch,mw-push,41002,0,final,0.018349834983498348,0.0,0.0,100
dino_push_straight_switch,mw-push,41002,1,init,0.34268226822682263,0.2,0.3647685050964411,100
dino_push_straight_switch,mw-push,41002,1,final,0.07493549354935493,0.2,0.0,100
dino_push_straight_switch,mw-push,41002,2,init,0.20524452445244523,0.1,0.0,100
dino_push_straight_switch,mw-push,41002,2,final,-0.045508550855085504,0.0,0.0,100
dino_push_straight_switch,mw-push,41002,3,init,0.046624662466246615,0.1,0.0,100
dino_push_straight_switch,mw-push,41002,3,final,-0.009732973297329731,0.1,0.0,100
dino_push_straight_switch,mw-push,41002,4,init,0.22977497749774972,0.1,0.0,100
dino_push_straight_switch,mw-push,41002,4,final,0.11709570957095708,0.1,0.0,100
dino_push_straight_switch,mw-push,41002,5,init,0.09233723372337233,0.2,0.0,100
dino_push_straight_switch,mw-push,41002,5,final,-0.11932793279327931,0.0,0.0,100
dino_push_straight_switch,mw-push,41002,6,init,-0.07068706870687069,0.1,0.0,100
dino_push_straight_switch,mw-push,41002,6,final,0.06801080108010801,0.0,0.0,100
dino_push_straight_switch,mw-push,41003,0,init,0.25896189618961896,0.3,0.0,100
dino_push_straight_switch,mw-push,41003,0,final,0.15001500150015,0.3,0.07280558347702026,100
dino_push_straight_switch,mw-push,41003,1,init,0.6946654665466546,0.5,0.6107553839683505,100
dino_push_straight_switch,mw-push,41003,1,final,0.06508250825082508,0.2,1.6831636428832981,100
dino_push_straight_switch,mw-push,41003,2,init,0.3222802280228022,0.3,4.0795207023620605,100
dino_push_straight_switch,mw-push,41003,2,final,0.13956195619561954,0.1,0.7995679974555997,100
dino_push_straight_switch,mw-push,41003,3,init,0.3387098709870986,0.2,4.966428875923159,100
dino_push_straight_switch,mw-push,41003,3,final,0.18874287428742872,0.1,2.8687864542007393,100
dino_push_straight_switch,mw-push,41003,4,init,0.19138313831383133,0.2,3.7085518240928623,100
dino_push_straight_switch,mw-push,41003,4,final,0.2556135613561356,0.2,2.7300164103508022,100
dino_push_straight_switch,mw-push,41003,5,init,0.30862286228622865,0.2,4.140983521938321,100
dino_push_straight_switch,mw-push,41003,5,final,0.09659765976597659,0.2,0.7267534732818604,100
dino_push_straight_switch,mw-push,41003,6,init,0.12463246324632461,0.1,1.2099742889404297,100
dino_push_straight_switch,mw-push,41003,6,final,0.19960396039603961,0.0,0.10499358177185059,100
dino_push_straight_switch,mw-push,41004,0,init,0.21005700570057004,0.2,0.0,100
dino_push_straight_switch,mw-push,41004,0,final,-0.07205520552055206,0.1,0.0,100
dino_push_straight_switch,mw-push,41004,1,init,0.07877587758775877,0.0,0.0,100
dino_push_straight_switch,mw-push,41004,1,final,-0.006708670867086708,0.0,0.0,100
dino_push_straight_switch,mw-push,41004,2,init,-0.02707470747074707,0.1,0.0,100
dino_push_straight_switch,mw-push,41004,2,final,0.24970897089708968,0.1,0.0,100
dino_push_straight_switch,mw-push,41004,3,init,-0.004608460846084608,0.0,1.647192239761347,100
dino_push_straight_switch,mw-push,41004,3,final,0.06694269426942694,0.0,0.0,100
dino_push_straight_switch,mw-push,41004,4,init,-0.13597359735973596,0.0,0.0,100
dino_push_straight_switch,mw-push,41004,4,final,0.21048904890489045,0.0,0.0,100
dino_push_straight_switch,mw-push,41004,5,init,0.26709870987098705,0.0,0.0,100
dino_push_straight_switch,mw-push,41004,5,final,-0.06246624662466246,0.1,0.0,100
dino_push_straight_switch,mw-push,41004,6,init,0.48429642964296427,0.2,0.0,100
dino_push_straight_switch,mw-push,41004,6,final,-0.09686168616861685,0.0,0.0,100
dino_push_straight_switch,mw-push,41005,0,init,0.36674467446744674,0.5,0.0,100
dino_push_straight_switch,mw-push,41005,0,final,0.08013201320132013,0.1,0.0,100
dino_push_straight_switch,mw-push,41005,1,init,0.5259285928592858,0.5,0.06968528032302856,100
dino_push_straight_switch,mw-push,41005,1,final,0.26636663666366633,0.0,0.24742633104323786,100
dino_push_straight_switch,mw-push,41005,2,init,0.49071707170717066,0.0,2.563868463039401,100
dino_push_straight_switch,mw-push,41005,2,final,0.06984698469846984,0.1,0.856257975101471,100
dino_push_straight_switch,mw-push,41005,3,init,0.3769336933693369,0.3,1.5693917870521519,100
dino_push_straight_switch,mw-push,41005,3,final,-0.0422082208220822,0.0,0.8060589432716397,100
dino_push_straight_switch,mw-push,41005,4,init,0.28939693969396935,0.2,3.5778477787971497,100
dino_push_straight_switch,mw-push,41005,4,final,0.016933693369336932,0.1,1.4956697821617182,100
dino_push_straight_switch,mw-push,41005,5,init,0.35896789678967894,0.2,2.386671304702759,100
dino_push_straight_switch,mw-push,41005,5,final,-0.04544854485448544,0.1,0.9251415729522705,100
dino_push_straight_switch,mw-push,41005,6,init,-0.010309030903090308,0.0,0.3040403127670316,100
dino_push_straight_switch,mw-push,41005,6,final,-0.148010801080108,0.0,0.0,100
dino_push_straight_switch,mw-push,41006,0,init,0.4133333333333333,0.5,0.0,100
dino_push_straight_switch,mw-push,41006,0,final,0.07102310231023101,0.0,0.0,100
dino_push_straight_switch,mw-push,41006,1,init,0.5790219021902189,0.2,0.0,100
dino_push_straight_switch,mw-push,41006,1,final,-0.08380463187746051,0.1,0.0,100
dino_push_straight_switch,mw-push,41006,2,init,0.06343834383438343,0.1,0.0,100
dino_push_straight_switch,mw-push,41006,2,final,0.10141014101410141,0.2,0.0,100
dino_push_straight_switch,mw-push,41006,3,init,0.06337833783378337,0.0,1.5139490365982,100
dino_push_straight_switch,mw-push,41006,3,final,-0.21347734773477348,0.0,0.0,100
dino_push_straight_switch,mw-push,41006,4,init,-0.045004500450045004,0.0,0.0,100
dino_push_straight_switch,mw-push,41006,4,final,-0.12386438643864385,0.0,0.0,100
dino_push_straight_switch,mw-push,41006,5,init,-0.23578757875787576,0.0,0.0,100
dino_push_straight_switch,mw-push,41006,5,final,-0.29728172817281723,0.1,0.0,100
dino_push_straight_switch,mw-push,41006,6,init,-0.29458145814581455,0.1,0.0,100
dino_push_straight_switch,mw-push,41006,6,final,0.04018613917251562,0.0,0.0,100
dino_push_straight_switch,mw-push,41007,0,init,0.34402640264026396,0.4,0.0,100
dino_push_straight_switch,mw-push,41007,0,final,0.20852085208520849,0.2,0.0,100
dino_push_straight_switch,mw-push,41007,1,init,0.32375637563756376,0.2,0.0,100
dino_push_straight_switch,mw-push,41007,1,final,0.2068286828682868,0.0,1.0083645582199097,100
dino_push_straight_switch,mw-push,41007,2,init,0.3754455445544554,0.1,0.0,100
dino_push_straight_switch,mw-push,41007,2,final,0.35378337833783374,0.0,0.0,100
dino_push_straight_switch,mw-push,41007,3,init,0.21648964896489645,0.1,0.1399889588356018,100
dino_push_straight_switch,mw-push,41007,3,final,0.2835403540354035,0.2,0.0,100
dino_push_straight_switch,mw-push,41007,4,init,0.18357035703570354,0.2,0.27443915605545044,100
dino_push_straight_switch,mw-push,41007,4,final,0.1328292829282928,0.1,0.0,100
dino_push_straight_switch,mw-push,41007,5,init,0.34339033903390337,0.1,0.0,100
dino_push_straight_switch,mw-push,41007,5,final,0.17562556255625564,0.2,0.0,100
dino_push_straight_switch,mw-push,41007,6,init,0.10961896189618961,0.0,0.0,100
dino_push_straight_switch,mw-push,41007,6,final,-0.005748574857485748,0.2,0.0,100
dino_push_straight_switch,mw-push,41008,0,init,0.5038343834383439,0.6,0.0,100
dino_push_straight_switch,mw-push,41008,0,final,0.04726072607260725,0.0,0.20373165607452948,100
dino_push_straight_switch,mw-push,41008,1,init,0.7145634563456345,0.3,1.653134822845459,100
dino_push_straight_switch,mw-push,41008,1,final,0.04235223522352235,0.0,0.5312174558639582,100
dino_push_straight_switch,mw-push,41008,2,init,0.3064146414641463,0.0,2.4083703756332397,100
dino_push_straight_switch,mw-push,41008,2,final,0.01684968496849685,0.2,0.14710128307343084,100
dino_push_straight_switch,mw-push,41008,3,init,0.08177617761776176,0.1,5.941388010978701,100
dino_push_straight_switch,mw-push,41008,3,final,0.06671467146714671,0.1,2.885273098945623,100
dino_push_straight_switch,mw-push,41008,4,init,0.19960396039603961,0.1,4.246634244918829,100
dino_push_straight_switch,mw-push,41008,4,final,0.3702490249024902,0.1,0.9273439645767267,100
dino_push_straight_switch,mw-push,41008,5,init,0.1374257425742574,0.1,3.261932730674749,100
dino_push_straight_switch,mw-push,41008,5,final,0.017245724572457242,0.1,3.3132225275039673,100
dino_push_straight_switch,mw-push,41008,6,init,0.3903750375037503,0.2,1.1952966451644897,100
dino_push_straight_switch,mw-push,41008,6,final,0.029258925892589258,0.0,0.0,100
dino_push_straight_switch,mw-push,41009,0,init,0.2276147614761476,0.3,0.0,100
dino_push_straight_switch,mw-push,41009,0,final,0.1447224722472247,0.0,0.0,100
dino_push_straight_switch,mw-push,41009,1,init,0.3565436543654365,0.1,0.12993216514587957,100
dino_push_straight_switch,mw-push,41009,1,final,0.27150315031503147,0.0,0.0,100
dino_push_straight_switch,mw-push,41009,2,init,-0.0072967296729672965,0.0,0.0,100
dino_push_straight_switch,mw-push,41009,2,final,0.2682028202820282,0.1,0.0,100
dino_push_straight_switch,mw-push,41009,3,init,-0.18807080708070803,0.0,0.0,100
dino_push_straight_switch,mw-push,41009,3,final,0.3644284428442844,0.0,0.0,100
dino_push_straight_switch,mw-push,41009,4,init,0.12668466846684667,0.1,0.0,100
dino_push_straight_switch,mw-push,41009,4,final,0.04012001200120011,0.0,0.0,100
dino_push_straight_switch,mw-push,41009,5,init,0.256033603360336,0.0,0.0,100
dino_push_straight_switch,mw-push,41009,5,final,0.04171617161716171,0.0,0.0,100
dino_push_straight_switch,mw-push,41009,6,init,0.056453645364536446,0.0,0.0,100
dino_push_straight_switch,mw-push,41009,6,final,0.15915991599159912,0.0,0.0,100
dino_push_straight_switch,mw-push,41010,0,init,0.4719951995199519,0.2,0.0,100
dino_push_straight_switch,mw-push,41010,0,final,-0.08708070807080708,0.0,0.0,100
dino_push_straight_switch,mw-push,41010,1,init,0.05076507650765077,0.3,0.0,100
dino_push_straight_switch,mw-push,41010,1,final,0.07787578757875786,0.0,0.0,100
dino_push_straight_switch,mw-push,41010,2,init,0.15247524752475247,0.1,0.0,100
dino_push_straight_switch,mw-push,41010,2,final,0.20837683768376836,0.1,0.0,100
dino_push_straight_switch,mw-push,41010,3,init,0.006372637263726373,0.0,0.0,100
dino_push_straight_switch,mw-push,41010,3,final,-0.03299129912991299,0.0,0.0,100
dino_push_straight_switch,mw-push,41010,4,init,0.14640264026402638,0.1,0.0,100
dino_push_straight_switch,mw-push,41010,4,final,0.27414341434143413,0.0,0.0,100
dino_push_straight_switch,mw-push,41010,5,init,0.0171017101710171,0.2,0.0,100
dino_push_straight_switch,mw-push,41010,5,final,0.16471647164716471,0.1,0.0,100
dino_push_straight_switch,mw-push,41010,6,init,-0.025718571857185714,0.0,0.0,100
dino_push_straight_switch,mw-push,41010,6,final,-0.04506450645064506,0.0,0.0,100
dino_push_straight_switch,mw-push,41011,0,init,0.25855385538553854,0.2,0.0,100
dino_push_straight_switch,mw-push,41011,0,final,0.3567596759675967,0.1,0.04233121871948797,100
dino_push_straight_switch,mw-push,41011,1,init,0.7106750675067506,0.4,0.3881514072418213,100
dino_push_straight_switch,mw-push,41011,1,final,0.11991599159915992,0.2,0.04960298538208008,100
dino_push_straight_switch,mw-push,41011,2,init,0.41290129012901283,0.2,0.0,100
dino_push_straight_switch,mw-push,41011,2,final,0.17284128412841282,0.1,2.6895180344581604,100
dino_push_straight_switch,mw-push,41011,3,init,0.24128412841284128,0.0,1.1451691389083918,100
dino_push_straight_switch,mw-push,41011,3,final,-0.05950195019501949,0.1,1.159423589706421,100
dino_push_straight_switch,mw-push,41011,4,init,0.33939393939393936,0.2,7.06053823232651,100
dino_push_straight_switch,mw-push,41011,4,final,0.32391239123912385,0.3,1.5034034848213196,100
dino_push_straight_switch,mw-push,41011,5,init,0.24567656765676565,0.1,4.646773636341103,100
dino_push_straight_switch,mw-push,41011,5,final,-0.12757275727572756,0.0,1.829653978347781,100
dino_push_straight_switch,mw-push,41011,6,init,0.3643444344434443,0.2,0.32590925693511963,100
dino_push_straight_switch,mw-push,41011,6,final,0.01446144614461446,0.0,0.0,100
dino_push_straight_switch,mw-push,41012,0,init,0.3775817581758176,0.5,0.0,100
dino_push_straight_switch,mw-push,41012,0,final,-0.031803180318031796,0.0,0.0035166740417508224,100
dino_push_straight_switch,mw-push,41012,1,init,0.6656345634563455,0.4,2.0779862999916103,100
dino_push_straight_switch,mw-push,41012,1,final,-0.06823882388238824,0.0,0.5273848772048895,100
dino_push_straight_switch,mw-push,41012,2,init,0.2400960096009601,0.2,0.0,100
dino_push_straight_switch,mw-push,41012,2,final,0.013813381338133812,0.2,0.17781406641007025,100
dino_push_straight_switch,mw-push,41012,3,init,0.22780678067806778,0.2,0.14000982046127042,100
dino_push_straight_switch,mw-push,41012,3,final,0.0454005400540054,0.2,0.95037370920181,100
dino_push_straight_switch,mw-push,41012,4,init,0.14095409540954093,0.0,4.18893247842789,100
dino_push_straight_switch,mw-push,41012,4,final,0.12206420642064204,0.0,0.9287104010581998,100
dino_push_straight_switch,mw-push,41012,5,init,-0.1024062406240624,0.0,3.508581221103671,100
dino_push_straight_switch,mw-push,41012,5,final,0.021926192619261927,0.1,1.5772089362144415,100
dino_push_straight_switch,mw-push,41012,6,init,-0.09280528052805279,0.0,1.4488175511360113,100
dino_push_straight_switch,mw-push,41012,6,final,-0.05526552655265525,0.0,1.00472420454025,100
dino_push_straight_switch,mw-push,41013,0,init,0.30869486948694863,0.3,0.0,100
dino_push_straight_switch,mw-push,41013,0,final,-0.004008400840084008,0.0,0.0,100
dino_push_straight_switch,mw-push,41013,1,init,0.23859585958595858,0.1,0.029172003269201108,100
dino_push_straight_switch,mw-push,41013,1,final,0.2885568556855685,0.3,0.0,100
dino_push_straight_switch,mw-push,41013,2,init,0.053321332133213314,0.2,0.0,100
dino_push_straight_switch,mw-push,41013,2,final,0.07168316831683168,0.0,0.0,100
dino_push_straight_switch,mw-push,41013,3,init,-0.0599099909990999,0.0,0.9651362895965604,100
dino_push_straight_switch,mw-push,41013,3,final,0.10577857785778576,0.0,0.0,100
dino_push_straight_switch,mw-push,41013,4,init,-0.23393939393939392,0.1,0.7977679371833801,100
dino_push_straight_switch,mw-push,41013,4,final,0.25149714971497145,0.0,0.0,100
dino_push_straight_switch,mw-push,41013,5,init,0.009012901290129011,0.1,0.0,100
dino_push_straight_switch,mw-push,41013,5,final,0.034635463546354626,0.0,0.0,100
dino_push_straight_switch,mw-push,41013,6,init,0.1695049504950495,0.0,0.0,100
dino_push_straight_switch,mw-push,41013,6,final,-0.015145514551455144,0.0,0.0,100
dino_push_straight_switch,mw-push,41014,0,init,0.31661566156615656,0.6,0.0,100
dino_push_straight_switch,mw-push,41014,0,final,0.11301530153015299,0.1,0.03203153610230047,100
dino_push_straight_switch,mw-push,41014,1,init,0.5077227722772277,0.1,0.8607193827629117,100
dino_push_straight_switch,mw-push,41014,1,final,0.0453045304530453,0.1,0.0,100
dino_push_straight_switch,mw-push,41014,2,init,0.4514971497149714,0.3,0.2811849117279108,100
dino_push_straight_switch,mw-push,41014,2,final,0.2991179117911791,0.0,0.09909421205521185,100
dino_push_straight_switch,mw-push,41014,3,init,0.4761836183618361,0.0,3.8923203945159885,100
dino_push_straight_switch,mw-push,41014,3,final,0.3562196219621962,0.1,0.04803240299225131,100
dino_push_straight_switch,mw-push,41014,4,init,0.39120312031203114,0.2,2.61827558279038,100
dino_push_straight_switch,mw-push,41014,4,final,0.4551095109510951,0.0,1.0074913501739502,100
dino_push_straight_switch,mw-push,41014,5,init,0.4576297629762976,0.1,6.133684515953072,100
dino_push_straight_switch,mw-push,41014,5,final,0.4988178817881788,0.0,1.063317060470581,100
dino_push_straight_switch,mw-push,41014,6,init,0.30121812181218116,0.0,0.27705132961273193,100
dino_push_straight_switch,mw-push,41014,6,final,0.10018601860186017,0.3,0.0,100
dino_push_straight_switch,mw-push,41015,0,init,-0.35948394839483944,0.0,0.0,100
dino_push_straight_switch,mw-push,41015,0,final,-0.42229822982298226,0.0,0.0,100
dino_push_straight_switch,mw-push,41015,1,init,-0.6562136213621361,0.0,0.0,100
dino_push_straight_switch,mw-push,41015,1,final,-0.23763576357635763,0.0,0.0,100
dino_push_straight_switch,mw-push,41015,2,init,-0.4167176717671767,0.0,0.0,100
dino_push_straight_switch,mw-push,41015,2,final,-0.15187518751875184,0.0,0.0,100
dino_push_straight_switch,mw-push,41015,3,init,-0.23398739873987395,0.0,0.0,100
dino_push_straight_switch,mw-push,41015,3,final,-0.21332133213321328,0.0,0.0,100
dino_push_straight_switch,mw-push,41015,4,init,-0.04126012601260126,0.0,0.0,100
dino_push_straight_switch,mw-push,41015,4,final,-0.0754995499549955,0.0,0.0,100
dino_push_straight_switch,mw-push,41015,5,init,-0.3322532253225322,0.0,0.0,100
dino_push_straight_switch,mw-push,41015,5,final,0.061038103810381036,0.0,0.0,100
dino_push_straight_switch,mw-push,41015,6,init,-0.2778277827782778,0.0,0.0,100
dino_push_straight_switch,mw-push,41015,6,final,-0.0567056705670567,0.0,0.0,100
dino_push_straight_none_s1,mw-push,41000,0,init,0.20578457845784576,0.2,0.0,100
dino_push_straight_none_s1,mw-push,41000,0,final,0.26431443144314426,0.0,0.0,100
dino_push_straight_none_s1,mw-push,41000,1,init,0.032907290729072905,0.0,0.0,100
dino_push_straight_none_s1,mw-push,41000,1,final,0.02797479747974797,0.0,0.0,100
dino_push_straight_none_s1,mw-push,41000,2,init,0.22619861986198617,0.0,0.0,100
dino_push_straight_none_s1,mw-push,41000,2,final,0.09226522652265225,0.1,0.0,100
dino_push_straight_none_s1,mw-push,41000,3,init,0.07404740474047403,0.0,0.0,100
dino_push_straight_none_s1,mw-push,41000,3,final,0.24547254725472545,0.1,0.0,100
dino_push_straight_none_s1,mw-push,41000,4,init,0.16081608160816077,0.1,0.0,100
dino_push_straight_none_s1,mw-push,41000,4,final,0.024458445844584457,0.0,0.0,100
dino_push_straight_none_s1,mw-push,41000,5,init,0.0751035103510351,0.0,0.0,100
dino_push_straight_none_s1,mw-push,41000,5,final,0.3697929792979297,0.1,0.0,100
dino_push_straight_none_s1,mw-push,41000,6,init,-0.06503450345034503,0.0,0.0,100
dino_push_straight_none_s1,mw-push,41000,6,final,-0.03438343834383438,0.0,0.0,100
dino_push_straight_none_s1,mw-push,41001,0,init,-0.03324332433243324,0.1,0.0,100
dino_push_straight_none_s1,mw-push,41001,0,final,0.037815781578157806,0.1,0.0,100
dino_push_straight_none_s1,mw-push,41001,1,init,-0.4122292229222922,0.0,0.0,100
dino_push_straight_none_s1,mw-push,41001,1,final,0.07275127512751274,0.4,0.0,100
dino_push_straight_none_s1,mw-push,41001,2,init,-0.026126612661266126,0.0,0.0,100
dino_push_straight_none_s1,mw-push,41001,2,final,0.20948094809480947,0.0,0.0,100
dino_push_straight_none_s1,mw-push,41001,3,init,0.1989438943894389,0.0,0.0,100
dino_push_straight_none_s1,mw-push,41001,3,final,0.11483382788478892,0.0,0.0,100
dino_push_straight_none_s1,mw-push,41001,4,init,-0.06773477347734773,0.0,0.0,100
dino_push_straight_none_s1,mw-push,41001,4,final,-0.018925892589258923,0.0,0.0,100
dino_push_straight_none_s1,mw-push,41001,5,init,0.3328772877287729,0.1,0.0,100
dino_push_straight_none_s1,mw-push,41001,5,final,-0.06606660666066606,0.0,0.0,100
dino_push_straight_none_s1,mw-push,41001,6,init,0.26478247824782475,0.1,0.0,100
dino_push_straight_none_s1,mw-push,41001,6,final,-0.10492649264926492,0.1,0.0,100
dino_push_straight_none_s1,mw-push,41002,0,init,0.2879567956795679,0.1,0.0,100
dino_push_straight_none_s1,mw-push,41002,0,final,0.23396339633963395,0.0,0.0,100
dino_push_straight_none_s1,mw-push,41002,1,init,-0.2598019801980198,0.0,0.0,100
dino_push_straight_none_s1,mw-push,41002,1,final,-0.10684668466846685,0.0,0.0,100
dino_push_straight_none_s1,mw-push,41002,2,init,0.16818481848184816,0.0,0.0,100
dino_push_straight_none_s1,mw-push,41002,2,final,-0.13627362736273624,0.0,0.0,100
dino_push_straight_none_s1,mw-push,41002,3,init,-0.10143414341434143,0.0,0.0,100
dino_push_straight_none_s1,mw-push,41002,3,final,-0.17238523852385237,0.0,0.0,100
dino_push_straight_none_s1,mw-push,41002,4,init,-0.025718571857185714,0.0,0.0,100
dino_push_straight_none_s1,mw-push,41002,4,final,-0.02622262226222622,0.0,0.0,100
dino_push_straight_none_s1,mw-push,41002,5,init,0.017497749774977495,0.1,0.0,100
dino_push_straight_none_s1,mw-push,41002,5,final,0.18274227422742273,0.2,0.0,100
dino_push_straight_none_s1,mw-push,41002,6,init,-0.3428862886288629,0.0,0.0,100
dino_push_straight_none_s1,mw-push,41002,6,final,-0.05947794779477947,0.0,0.0,100
dino_push_straight_none_s1,mw-push,41003,0,init,0.058829882988298825,0.0,0.0,100
dino_push_straight_none_s1,mw-push,41003,0,final,0.0016921692169216919,0.0,0.0,100
dino_push_straight_none_s1,mw-push,41003,1,init,-0.15834383438343833,0.0,0.0,100
dino_push_straight_none_s1,mw-push,41003,1,final,0.019645964596459644,0.0,0.0,100
dino_push_straight_none_s1,mw-push,41003,2,init,0.06918691869186917,0.0,0.0,100
dino_push_straight_none_s1,mw-push,41003,2,final,0.1145034503450345,0.0,0.0,100
dino_push_straight_none_s1,mw-push,41003,3,init,0.14459045904590456,0.0,0.0,100
dino_push_straight_none_s1,mw-push,41003,3,final,-0.022370237023702368,0.0,0.0,100
dino_push_straight_none_s1,mw-push,41003,4,init,0.04171617161716171,0.0,0.0,100
dino_push_straight_none_s1,mw-push,41003,4,final,0.02545454545454545,0.0,0.0,100
dino_push_straight_none_s1,mw-push,41003,5,init,0.09254125412541253,0.0,0.0,100
dino_push_straight_none_s1,mw-push,41003,5,final,0.19564356435643565,0.0,0.0,100
dino_push_straight_none_s1,mw-push,41003,6,init,0.5326132613261326,0.0,0.0,100
dino_push_straight_none_s1,mw-push,41003,6,final,-0.0057365908688853115,0.0,0.0,100
dino_push_straight_none_s1,mw-push,41004,0,init,0.07437143714371436,0.0,0.0,100
dino_push_straight_none_s1,mw-push,41004,0,final,0.26522652265226515,0.0,0.0,100
dino_push_straight_none_s1,mw-push,41004,1,init,-0.3353975397539754,0.0,0.0,100
dino_push_straight_none_s1,mw-push,41004,1,final,0.0519051905190519,0.0,0.0,100
dino_push_straight_none_s1,mw-push,41004,2,init,-0.21484548454845484,0.0,0.0,100
dino_push_straight_none_s1,mw-push,41004,2,final,0.05965796579657965,0.0,0.0,100
dino_push_straight_none_s1,mw-push,41004,3,init,-0.05903390339033903,0.0,0.0,100
dino_push_straight_none_s1,mw-push,41004,3,final,0.029858985898589856,0.0,0.0,100
dino_push_straight_none_s1,mw-push,41004,4,init,-0.028538853885388536,0.0,0.0,100
dino_push_straight_none_s1,mw-push,41004,4,final,0.14941494149414938,0.0,0.0,100
dino_push_straight_none_s1,mw-push,41004,5,init,0.6461926192619261,0.0,0.0,100
dino_push_straight_none_s1,mw-push,41004,5,final,-0.036291629162916283,0.0,0.0,100
dino_push_straight_none_s1,mw-push,41004,6,init,0.185010501050105,0.1,0.0,100
dino_push_straight_none_s1,mw-push,41004,6,final,0.06682268226822682,0.0,0.0,100
dino_push_straight_none_s1,mw-push,41005,0,init,0.32240024002400236,0.2,0.0,100
dino_push_straight_none_s1,mw-push,41005,0,final,-0.04906090609060905,0.0,0.0,100
dino_push_straight_none_s1,mw-push,41005,1,init,0.08166816681668165,0.0,0.0,100
dino_push_straight_none_s1,mw-push,41005,1,final,0.00072007200720072,0.1,0.0,100
dino_push_straight_none_s1,mw-push,41005,2,init,0.13023702370237022,0.0,0.0,100
dino_push_straight_none_s1,mw-push,41005,2,final,-0.07527152715271526,0.0,0.0,100
dino_push_straight_none_s1,mw-push,41005,3,init,-0.03855985598559856,0.1,0.0,100
dino_push_straight_none_s1,mw-push,41005,3,final,0.01566156615661566,0.0,0.0,100
dino_push_straight_none_s1,mw-push,41005,4,init,0.10820282028202818,0.1,0.0,100
dino_push_straight_none_s1,mw-push,41005,4,final,-0.029018901890189013,0.0,0.0,100
dino_push_straight_none_s1,mw-push,41005,5,init,0.039111911191119106,0.1,0.0,100
dino_push_straight_none_s1,mw-push,41005,5,final,0.02431443144314431,0.0,0.0,100
dino_push_straight_none_s1,mw-push,41005,6,init,0.28556855685568555,0.1,0.0,100
dino_push_straight_none_s1,mw-push,41005,6,final,0.3199159915991599,0.1,0.0,100
dino_push_straight_none_s1,mw-push,41006,0,init,0.5803780378037803,0.5,0.0,100
dino_push_straight_none_s1,mw-push,41006,0,final,0.17148514851485147,0.0,0.0,100
dino_push_straight_none_s1,mw-push,41006,1,init,0.4053765376537653,0.1,0.0,100
dino_push_straight_none_s1,mw-push,41006,1,final,0.20313892331001512,0.0,0.0,100
dino_push_straight_none_s1,mw-push,41006,2,init,0.18538253825382536,0.3,0.0,100
dino_push_straight_none_s1,mw-push,41006,2,final,-0.1419381938193819,0.0,0.0,100
dino_push_straight_none_s1,mw-push,41006,3,init,-0.04928892889288929,0.1,1.10472291707992,100
dino_push_straight_none_s1,mw-push,41006,3,final,-0.11186318631863185,0.1,0.0,100
dino_push_straight_none_s1,mw-push,41006,4,init,0.0047524752475247515,0.0,0.8703812956809998,100
dino_push_straight_none_s1,mw-push,41006,4,final,-0.0909090909090909,0.0,2.0892933011054993,100
dino_push_straight_none_s1,mw-push,41006,5,init,0.39979597959795976,0.1,2.3996859788894707,100
dino_push_straight_none_s1,mw-push,41006,5,final,0.053741374137413735,0.0,0.6140962243080195,100
dino_push_straight_none_s1,mw-push,41006,6,init,0.5352775277527752,0.0,0.0,100
dino_push_straight_none_s1,mw-push,41006,6,final,0.2969216921692169,0.1,0.010010600090029631,100
dino_push_straight_none_s1,mw-push,41007,0,init,0.1776297629762976,0.2,0.0,100
dino_push_straight_none_s1,mw-push,41007,0,final,0.006048604860486049,0.0,0.0,100
dino_push_straight_none_s1,mw-push,41007,1,init,-0.27993999399939995,0.0,0.0,100
dino_push_straight_none_s1,mw-push,41007,1,final,0.0999219921992199,0.1,0.0,100
dino_push_straight_none_s1,mw-push,41007,2,init,-0.04174017401740174,0.0,0.0,100
dino_push_straight_none_s1,mw-push,41007,2,final,0.23715571557155712,0.0,0.0,100
dino_push_straight_none_s1,mw-push,41007,3,init,0.1933999201926502,0.0,0.0,100
dino_push_straight_none_s1,mw-push,41007,3,final,0.11507950795079507,0.0,0.0,100
dino_push_straight_none_s1,mw-push,41007,4,init,-0.10174617461746174,0.0,0.0,100
dino_push_straight_none_s1,mw-push,41007,4,final,0.25222922292229216,0.0,0.0,100
dino_push_straight_none_s1,mw-push,41007,5,init,0.19698769876987698,0.0,0.0,100
dino_push_straight_none_s1,mw-push,41007,5,final,0.11091509150915091,0.0,0.0,100
dino_push_straight_none_s1,mw-push,41007,6,init,0.18839483948394836,0.0,0.0,100
dino_push_straight_none_s1,mw-push,41007,6,final,0.16807680768076805,0.0,0.0,100
dino_push_straight_none_s1,mw-push,41008,0,init,0.4445364536453645,0.4,0.0,100
dino_push_straight_none_s1,mw-push,41008,0,final,0.15655565556555653,0.0,0.0,100
dino_push_straight_none_s1,mw-push,41008,1,init,0.001164116411641164,0.0,0.0,100
dino_push_straight_none_s1,mw-push,41008,1,final,-0.035403540354035395,0.0,0.0,100
dino_push_straight_none_s1,mw-push,41008,2,init,-0.1273207320732073,0.0,0.0,100
dino_push_straight_none_s1,mw-push,41008,2,final,-0.2079087908790879,0.0,0.0,100
dino_push_straight_none_s1,mw-push,41008,3,init,0.04556855685568556,0.0,0.0,100
dino_push_straight_none_s1,mw-push,41008,3,final,-0.07852385238523851,0.0,0.0,100
dino_push_straight_none_s1,mw-push,41008,4,init,0.29305730573057304,0.1,0.0,100
dino_push_straight_none_s1,mw-push,41008,4,final,0.2204500450045004,0.0,0.0,100
dino_push_straight_none_s1,mw-push,41008,5,init,0.2787158715871587,0.0,0.0,100
dino_push_straight_none_s1,mw-push,41008,5,final,0.08891689168916891,0.2,0.0,100
dino_push_straight_none_s1,mw-push,41008,6,init,0.1936513651365136,0.2,0.0,100
dino_push_straight_none_s1,mw-push,41008,6,final,0.33698169816981693,0.0,0.0,100
dino_push_straight_none_s1,mw-push,41009,0,init,-0.11902790279027901,0.0,0.0,100
dino_push_straight_none_s1,mw-push,41009,0,final,-0.13244524452445244,0.0,0.0,100
dino_push_straight_none_s1,mw-push,41009,1,init,-0.48432043204320424,0.0,0.0,100
dino_push_straight_none_s1,mw-push,41009,1,final,0.04234023402340234,0.0,0.0,100
dino_push_straight_none_s1,mw-push,41009,2,init,-0.30100210021002094,0.0,0.0,100
dino_push_straight_none_s1,mw-push,41009,2,final,-0.05032103210321031,0.0,0.0,100
dino_push_straight_none_s1,mw-push,41009,3,init,-0.4135733573357335,0.0,0.0,100
dino_push_straight_none_s1,mw-push,41009,3,final,-0.23043504350435043,0.0,0.0,100
dino_push_straight_none_s1,mw-push,41009,4,init,-0.07900390039003898,0.1,0.0,100
dino_push_straight_none_s1,mw-push,41009,4,final,-0.38821482148214814,0.0,0.0,100
dino_push_straight_none_s1,mw-push,41009,5,init,-0.16105610561056105,0.0,0.0,100
dino_push_straight_none_s1,mw-push,41009,5,final,-0.37488148814881483,0.0,0.0,100
dino_push_straight_none_s1,mw-push,41009,6,init,-0.5777257725772575,0.0,0.0,100
dino_push_straight_none_s1,mw-push,41009,6,final,-0.4337953795379538,0.1,0.0,100
dino_push_straight_none_s1,mw-push,41010,0,init,0.29776177617761773,0.0,0.0,100
dino_push_straight_none_s1,mw-push,41010,0,final,-0.1849024902490249,0.0,0.0,100
dino_push_straight_none_s1,mw-push,41010,1,init,-0.22355835583558353,0.0,0.0,100
dino_push_straight_none_s1,mw-push,41010,1,final,-0.3227842784278428,0.0,0.0,100
dino_push_straight_none_s1,mw-push,41010,2,init,-0.23846384638463844,0.0,0.0,100
dino_push_straight_none_s1,mw-push,41010,2,final,0.25005700570057005,0.3,0.0,100
dino_push_straight_none_s1,mw-push,41010,3,init,0.026378637863786376,0.0,0.0,100
dino_push_straight_none_s1,mw-push,41010,3,final,-0.10277827782778277,0.0,0.0,100
dino_push_straight_none_s1,mw-push,41010,4,init,0.1463066306630663,0.0,0.0,100
dino_push_straight_none_s1,mw-push,41010,4,final,0.033939393939393936,0.1,0.0,100
dino_push_straight_none_s1,mw-push,41010,5,init,0.19354335433543352,0.0,0.0,100
dino_push_straight_none_s1,mw-push,41010,5,final,0.2116531653165316,0.1,0.0,100
dino_push_straight_none_s1,mw-push,41010,6,init,0.33605760576057603,0.2,0.0,100
dino_push_straight_none_s1,mw-push,41010,6,final,-0.09827782778277827,0.0,0.0,100
dino_push_straight_none_s1,mw-push,41011,0,init,0.07146714671467146,0.0,0.0,100
dino_push_straight_none_s1,mw-push,41011,0,final,-0.3284248424842484,0.0,0.0,100
dino_push_straight_none_s1,mw-push,41011,1,init,-0.352067206720672,0.0,0.0,100
dino_push_straight_none_s1,mw-push,41011,1,final,-0.3134722876470384,0.0,0.0,100
dino_push_straight_none_s1,mw-push,41011,2,init,-0.5163156315631562,0.0,0.0,100
dino_push_straight_none_s1,mw-push,41011,2,final,0.11264326432643264,0.1,0.0,100
dino_push_straight_none_s1,mw-push,41011,3,init,0.17922592259225922,0.0,0.0,100
dino_push_straight_none_s1,mw-push,41011,3,final,-0.2793399339933993,0.0,0.0,100
dino_push_straight_none_s1,mw-push,41011,4,init,0.04214821482148214,0.0,0.0,100
dino_push_straight_none_s1,mw-push,41011,4,final,0.04289228922892289,0.0,0.0,100
dino_push_straight_none_s1,mw-push,41011,5,init,0.14138613861386137,0.1,0.0,100
dino_push_straight_none_s1,mw-push,41011,5,final,0.11872787278727873,0.1,0.0,100
dino_push_straight_none_s1,mw-push,41011,6,init,0.029246924692469246,0.0,0.0,100
dino_push_straight_none_s1,mw-push,41011,6,final,0.04506450645064506,0.0,0.0,100
dino_push_straight_none_s1,mw-push,41012,0,init,0.3114671467146714,0.3,0.0,100
dino_push_straight_none_s1,mw-push,41012,0,final,0.27752775277527747,0.0,0.0,100
dino_push_straight_none_s1,mw-push,41012,1,init,0.04288028802880288,0.0,0.0,100
dino_push_straight_none_s1,mw-push,41012,1,final,0.24602460246024602,0.0,0.0,100
dino_push_straight_none_s1,mw-push,41012,2,init,0.015565556555655563,0.0,0.0,100
dino_push_straight_none_s1,mw-push,41012,2,final,0.028646864686468647,0.0,0.0,100
dino_push_straight_none_s1,mw-push,41012,3,init,0.00696069606960696,0.0,0.0,100
dino_push_straight_none_s1,mw-push,41012,3,final,0.1459345934593459,0.1,0.0,100
dino_push_straight_none_s1,mw-push,41012,4,init,0.051293129312931285,0.0,0.0,100
dino_push_straight_none_s1,mw-push,41012,4,final,0.27169516951695166,0.0,0.0,100
dino_push_straight_none_s1,mw-push,41012,5,init,-0.009672967296729673,0.0,0.0,100
dino_push_straight_none_s1,mw-push,41012,5,final,-0.02454245424542454,0.0,0.0,100
dino_push_straight_none_s1,mw-push,41012,6,init,0.315043504350435,0.2,0.0,100
dino_push_straight_none_s1,mw-push,41012,6,final,0.07222322232223222,0.0,0.0,100
dino_push_straight_none_s1,mw-push,41013,0,init,0.18017401740174016,0.2,0.0,100
dino_push_straight_none_s1,mw-push,41013,0,final,-0.027566756675667565,0.0,0.0,100
dino_push_straight_none_s1,mw-push,41013,1,init,-0.17165316531653163,0.0,0.0,100
dino_push_straight_none_s1,mw-push,41013,1,final,0.13386138613861384,0.0,0.0,100
dino_push_straight_none_s1,mw-push,41013,2,init,-0.10261026102610261,0.0,0.0,100
dino_push_straight_none_s1,mw-push,41013,2,final,0.012073207320732072,0.0,0.0,100
dino_push_straight_none_s1,mw-push,41013,3,init,-0.1744014401440144,0.0,0.0,100
dino_push_straight_none_s1,mw-push,41013,3,final,0.22316231623162316,0.0,0.0,100
dino_push_straight_none_s1,mw-push,41013,4,init,0.17008100810081006,0.0,0.0,100
dino_push_straight_none_s1,mw-push,41013,4,final,0.27056705670567055,0.0,0.0,100
dino_push_straight_none_s1,mw-push,41013,5,init,0.27607560756075605,0.0,0.0,100
dino_push_straight_none_s1,mw-push,41013,5,final,0.07722772277227721,0.1,0.0,100
dino_push_straight_none_s1,mw-push,41013,6,init,0.4195739573957395,0.0,0.0,100
dino_push_straight_none_s1,mw-push,41013,6,final,0.0066366636663666365,0.0,0.0,100
dino_push_straight_none_s1,mw-push,41014,0,init,0.1333333333333333,0.3,0.0,100
dino_push_straight_none_s1,mw-push,41014,0,final,-0.025202520252025202,0.0,0.0,100
dino_push_straight_none_s1,mw-push,41014,1,init,-0.3141914191419141,0.0,0.0,100
dino_push_straight_none_s1,mw-push,41014,1,final,0.06883888388838882,0.0,0.0,100
dino_push_straight_none_s1,mw-push,41014,2,init,-0.09676567656765676,0.0,0.0,100
dino_push_straight_none_s1,mw-push,41014,2,final,-0.022838283828382835,0.2,0.0,100
dino_push_straight_none_s1,mw-push,41014,3,init,-0.04128412841284127,0.0,0.0,100
dino_push_straight_none_s1,mw-push,41014,3,final,-0.06595859585958595,0.0,0.0,100
dino_push_straight_none_s1,mw-push,41014,4,init,0.0647104710471047,0.0,0.0,100
dino_push_straight_none_s1,mw-push,41014,4,final,-0.10055805580558055,0.0,0.0,100
dino_push_straight_none_s1,mw-push,41014,5,init,-0.3034263426342634,0.0,0.0,100
dino_push_straight_none_s1,mw-push,41014,5,final,0.16145214521452145,0.1,0.0,100
dino_push_straight_none_s1,mw-push,41014,6,init,0.16819681968196817,0.0,0.0,100
dino_push_straight_none_s1,mw-push,41014,6,final,0.0846204620462046,0.0,0.0,100
dino_push_straight_none_s1,mw-push,41015,0,init,-0.09702970297029702,0.0,0.0,100
dino_push_straight_none_s1,mw-push,41015,0,final,-0.3082868286828683,0.0,0.0,100
dino_push_straight_none_s1,mw-push,41015,1,init,-0.6292229222922291,0.0,0.0,100
dino_push_straight_none_s1,mw-push,41015,1,final,-0.23518751875187519,0.0,0.0,100
dino_push_straight_none_s1,mw-push,41015,2,init,-0.5357335733573357,0.0,0.0,100
dino_push_straight_none_s1,mw-push,41015,2,final,-0.11107110711071105,0.0,0.0,100
dino_push_straight_none_s1,mw-push,41015,3,init,-0.14184218421842185,0.0,0.0,100
dino_push_straight_none_s1,mw-push,41015,3,final,-0.33746174617461744,0.0,0.0,100
dino_push_straight_none_s1,mw-push,41015,4,init,-0.0876087608760876,0.0,0.0,100
dino_push_straight_none_s1,mw-push,41015,4,final,-0.06627062706270627,0.0,0.0,100
dino_push_straight_none_s1,mw-push,41015,5,init,-0.17204920492049203,0.0,0.0,100
dino_push_straight_none_s1,mw-push,41015,5,final,-0.11530753075307529,0.0,0.0,100
dino_push_straight_none_s1,mw-push,41015,6,init,-0.3890789078907891,0.0,0.0,100
dino_push_straight_none_s1,mw-push,41015,6,final,0.024530453045304525,0.0,0.0,100
dino_push_straight_switch_s1,mw-push,41000,0,init,0.3708730873087308,0.4,0.0,100
dino_push_straight_switch_s1,mw-push,41000,0,final,0.18388238823882389,0.0,0.03898143768309992,100
dino_push_straight_switch_s1,mw-push,41000,1,init,0.6553975397539754,0.3,0.8466660976409912,100
dino_push_straight_switch_s1,mw-push,41000,1,final,0.08008400840084007,0.0,2.2043466567993164,100
dino_push_straight_switch_s1,mw-push,41000,2,init,0.3259285928592859,0.4,1.9574403762817327,100
dino_push_straight_switch_s1,mw-push,41000,2,final,-0.04798079807980797,0.1,0.0,100
dino_push_straight_switch_s1,mw-push,41000,3,init,0.19045904590459045,0.1,0.7808744907379095,100
dino_push_straight_switch_s1,mw-push,41000,3,final,-0.007572757275727572,0.0,0.0,100
dino_push_straight_switch_s1,mw-push,41000,4,init,0.012349234923492346,0.0,0.03522932529448908,100
dino_push_straight_switch_s1,mw-push,41000,4,final,-0.24169216921692166,0.1,0.0,100
dino_push_straight_switch_s1,mw-push,41000,5,init,0.10496249624962495,0.1,0.0,100
dino_push_straight_switch_s1,mw-push,41000,5,final,-0.028550855085508545,0.0,0.0,100
dino_push_straight_switch_s1,mw-push,41000,6,init,-0.11660366036603659,0.0,0.0,100
dino_push_straight_switch_s1,mw-push,41000,6,final,-0.11813981398139813,0.0,0.0,100
dino_push_straight_switch_s1,mw-push,41001,0,init,0.1941194119411941,0.2,0.0,100
dino_push_straight_switch_s1,mw-push,41001,0,final,0.17077707770777076,0.1,0.0,100
dino_push_straight_switch_s1,mw-push,41001,1,init,0.5619441944194419,0.1,0.04503130912780762,100
dino_push_straight_switch_s1,mw-push,41001,1,final,0.001764176417641764,0.0,0.023689866065979004,100
dino_push_straight_switch_s1,mw-push,41001,2,init,0.20231623162316228,0.0,3.8121640682220512,100
dino_push_straight_switch_s1,mw-push,41001,2,final,0.1926312631263126,0.0,0.17556846141815186,100
dino_push_straight_switch_s1,mw-push,41001,3,init,0.05245724572457245,0.0,2.7766764163971,100
dino_push_straight_switch_s1,mw-push,41001,3,final,0.13286528652865284,0.1,0.0,100
dino_push_straight_switch_s1,mw-push,41001,4,init,-0.05233723372337233,0.1,4.013772308826449,100
dino_push_straight_switch_s1,mw-push,41001,4,final,-0.25150915091509146,0.0,0.0,100
dino_push_straight_switch_s1,mw-push,41001,5,init,0.10547854785478547,0.2,0.0,100
dino_push_straight_switch_s1,mw-push,41001,5,final,0.07428742874287429,0.1,0.0,100
dino_push_straight_switch_s1,mw-push,41001,6,init,-0.037623762376237616,0.0,0.0,100
dino_push_straight_switch_s1,mw-push,41001,6,final,-0.26598259825982595,0.1,0.0,100
dino_push_straight_switch_s1,mw-push,41002,0,init,0.35367536753675366,0.4,0.0,100
dino_push_straight_switch_s1,mw-push,41002,0,final,0.03747974797479747,0.2,0.0,100
dino_push_straight_switch_s1,mw-push,41002,1,init,0.16045604560456042,0.2,0.050708651542663574,100
dino_push_straight_switch_s1,mw-push,41002,1,final,0.10336633663366337,0.0,0.0,100
dino_push_straight_switch_s1,mw-push,41002,2,init,0.06366636663666365,0.2,0.0,100
dino_push_straight_switch_s1,mw-push,41002,2,final,-0.01843384338433843,0.1,0.0,100
dino_push_straight_switch_s1,mw-push,41002,3,init,-0.022346234623462344,0.2,0.08578300476074219,100
dino_push_straight_switch_s1,mw-push,41002,3,final,-0.07242724272427242,0.0,0.0,100
dino_push_straight_switch_s1,mw-push,41002,4,init,0.07545154515451544,0.1,0.0,100
dino_push_straight_switch_s1,mw-push,41002,4,final,-0.018313831383138312,0.1,0.0,100
dino_push_straight_switch_s1,mw-push,41002,5,init,0.019477947794779474,0.0,0.0,100
dino_push_straight_switch_s1,mw-push,41002,5,final,-0.04364836483648364,0.0,0.0,100
dino_push_straight_switch_s1,mw-push,41002,6,init,-0.002964296429642964,0.1,0.0,100
dino_push_straight_switch_s1,mw-push,41002,6,final,0.1439183918391839,0.2,0.0,100
dino_push_straight_switch_s1,mw-push,41003,0,init,0.27769576957695763,0.2,0.0,100
dino_push_straight_switch_s1,mw-push,41003,0,final,0.1463306330633063,0.2,0.0,100
dino_push_straight_switch_s1,mw-push,41003,1,init,0.6126732673267327,0.2,0.7485345005989102,100
dino_push_straight_switch_s1,mw-push,41003,1,final,-0.12519651965196518,0.0,0.043396651744839754,100
dino_push_straight_switch_s1,mw-push,41003,2,init,0.14669066906690667,0.0,1.4845862984657314,100
dino_push_straight_switch_s1,mw-push,41003,2,final,0.25468946894689465,0.2,0.4378840327262823,100
dino_push_straight_switch_s1,mw-push,41003,3,init,0.062346234623462345,0.1,3.14645320177078,100
dino_push_straight_switch_s1,mw-push,41003,3,final,-0.008496849684968496,0.0,0.0,100
dino_push_straight_switch_s1,mw-push,41003,4,init,-0.19810381038103808,0.0,0.23219436407088956,100
dino_push_straight_switch_s1,mw-push,41003,4,final,-0.138013801380138,0.0,0.0,100
dino_push_straight_switch_s1,mw-push,41003,5,init,-0.11007500750075006,0.0,0.0,100
dino_push_straight_switch_s1,mw-push,41003,5,final,0.05092109210921092,0.1,0.0,100
dino_push_straight_switch_s1,mw-push,41003,6,init,-0.13576957695769576,0.0,0.0,100
dino_push_straight_switch_s1,mw-push,41003,6,final,0.05724572457245724,0.1,0.0,100
dino_push_straight_switch_s1,mw-push,41004,0,init,0.16168016801680163,0.0,0.0,100
dino_push_straight_switch_s1,mw-push,41004,0,final,0.08945694569456945,0.0,0.0,100
dino_push_straight_switch_s1,mw-push,41004,1,init,-0.13189318931893187,0.0,0.0,100
dino_push_straight_switch_s1,mw-push,41004,1,final,-0.3783258325832583,0.0,0.0,100
dino_push_straight_switch_s1,mw-push,41004,2,init,-0.31883588358835885,0.0,0.0,100
dino_push_straight_switch_s1,mw-push,41004,2,final,0.10019801980198018,0.1,0.0,100
dino_push_straight_switch_s1,mw-push,41004,3,init,-0.041872187218721865,0.1,0.0,100
dino_push_straight_switch_s1,mw-push,41004,3,final,0.03578757875787578,0.0,0.0,100
dino_push_straight_switch_s1,mw-push,41004,4,init,-0.4971857185718571,0.0,0.0,100
dino_push_straight_switch_s1,mw-push,41004,4,final,0.16765676567656762,0.1,0.0,100
dino_push_straight_switch_s1,mw-push,41004,5,init,-0.03587158715871586,0.0,0.0,100
dino_push_straight_switch_s1,mw-push,41004,5,final,0.14663110300426932,0.1,0.0,100
dino_push_straight_switch_s1,mw-push,41004,6,init,-0.24696069606960697,0.0,0.0,100
dino_push_straight_switch_s1,mw-push,41004,6,final,-0.03935193519351935,0.0,0.0,100
dino_push_straight_switch_s1,mw-push,41005,0,init,0.30252625262526245,0.4,0.0,100
dino_push_straight_switch_s1,mw-push,41005,0,final,-0.13770177017701768,0.0,0.008799135684969817,100
dino_push_straight_switch_s1,mw-push,41005,1,init,0.43554755475547546,0.4,0.2108976244926397,100
dino_push_straight_switch_s1,mw-push,41005,1,final,-0.038499849984998495,0.0,0.0,100
dino_push_straight_switch_s1,mw-push,41005,2,init,0.41586558655865585,0.1,0.5640789866447504,100
dino_push_straight_switch_s1,mw-push,41005,2,final,0.07362736273627363,0.0,0.0,100
dino_push_straight_switch_s1,mw-push,41005,3,init,0.17358535853585355,0.1,0.0,100
dino_push_straight_switch_s1,mw-push,41005,3,final,0.029186918691869186,0.0,0.0,100
dino_push_straight_switch_s1,mw-push,41005,4,init,-0.18207020702070206,0.0,0.0,100
dino_push_straight_switch_s1,mw-push,41005,4,final,-0.19209120912091207,0.0,0.0,100
dino_push_straight_switch_s1,mw-push,41005,5,init,-0.08313231323132311,0.1,0.0,100
dino_push_straight_switch_s1,mw-push,41005,5,final,-0.11584758475847584,0.0,0.0,100
dino_push_straight_switch_s1,mw-push,41005,6,init,-0.1287008700870087,0.2,0.0,100
dino_push_straight_switch_s1,mw-push,41005,6,final,0.0387038703870387,0.0,0.0,100
dino_push_straight_switch_s1,mw-push,41006,0,init,0.5753855385538553,0.5,0.0,100
dino_push_straight_switch_s1,mw-push,41006,0,final,0.0392079207920792,0.0,0.0,100
dino_push_straight_switch_s1,mw-push,41006,1,init,0.5113591359135913,0.2,0.0,100
dino_push_straight_switch_s1,mw-push,41006,1,final,-0.028166816681668164,0.0,0.0,100
dino_push_straight_switch_s1,mw-push,41006,2,init,0.3129312931293129,0.1,0.0,100
dino_push_straight_switch_s1,mw-push,41006,2,final,0.17297329732973296,0.0,0.0,100
dino_push_straight_switch_s1,mw-push,41006,3,init,0.2509450945094509,0.0,0.0,100
dino_push_straight_switch_s1,mw-push,41006,3,final,0.10955895589558953,0.0,0.0,100
dino_push_straight_switch_s1,mw-push,41006,4,init,0.06913891389138914,0.0,0.0,100
dino_push_straight_switch_s1,mw-push,41006,4,final,-0.21810981098109808,0.0,0.0,100
dino_push_straight_switch_s1,mw-push,41006,5,init,0.22478247824782477,0.1,0.0,100
dino_push_straight_switch_s1,mw-push,41006,5,final,-0.12093609360936092,0.0,0.0,100
dino_push_straight_switch_s1,mw-push,41006,6,init,0.025730573057305726,0.1,0.0,100
dino_push_straight_switch_s1,mw-push,41006,6,final,-0.15503150315031503,0.0,0.0,100
dino_push_straight_switch_s1,mw-push,41007,0,init,0.27281128112811276,0.4,0.0,100
dino_push_straight_switch_s1,mw-push,41007,0,final,-0.04753675367536753,0.0,0.0,100
dino_push_straight_switch_s1,mw-push,41007,1,init,0.023018301830183014,0.0,0.0,100
dino_push_straight_switch_s1,mw-push,41007,1,final,-0.06886288628862886,0.1,0.0,100
dino_push_straight_switch_s1,mw-push,41007,2,init,-0.056273627362736264,0.0,0.0,100
dino_push_straight_switch_s1,mw-push,41007,2,final,0.23666366636663663,0.1,0.0,100
dino_push_straight_switch_s1,mw-push,41007,3,init,-0.21508550855085506,0.0,0.0,100
dino_push_straight_switch_s1,mw-push,41007,3,final,-0.15758775877587758,0.0,0.0,100
dino_push_straight_switch_s1,mw-push,41007,4,init,-0.37616561656165615,0.0,0.0,100
dino_push_straight_switch_s1,mw-push,41007,4,final,-0.031419141914191415,0.0,0.0,100
dino_push_straight_switch_s1,mw-push,41007,5,init,-0.41800180018001803,0.0,0.0,100
dino_push_straight_switch_s1,mw-push,41007,5,final,0.022178217821782177,0.0,0.0,100
dino_push_straight_switch_s1,mw-push,41007,6,init,-0.16237623762376238,0.0,0.0,100
dino_push_straight_switch_s1,mw-push,41007,6,final,0.05399339933993399,0.0,0.0,100
dino_push_straight_switch_s1,mw-push,41008,0,init,0.5215241524152414,0.5,0.0,100
dino_push_straight_switch_s1,mw-push,41008,0,final,0.2389078907890789,0.0,0.4354804754257202,100
dino_push_straight_switch_s1,mw-push,41008,1,init,0.6657305730573055,0.3,1.0656386613845825,100
dino_push_straight_switch_s1,mw-push,41008,1,final,-0.04838883888388839,0.0,0.03759264945983887,100
dino_push_straight_switch_s1,mw-push,41008,2,init,0.37724572457245725,0.1,0.9828805923461914,100
dino_push_straight_switch_s1,mw-push,41008,2,final,-0.1006180618061806,0.0,0.14520585536956787,100
dino_push_straight_switch_s1,mw-push,41008,3,init,-0.07593159315931593,0.2,2.906155586242681,100
dino_push_straight_switch_s1,mw-push,41008,3,final,-0.07733573357335732,0.1,0.0,100
dino_push_straight_switch_s1,mw-push,41008,4,init,0.07684368436843685,0.0,0.0,100
dino_push_straight_switch_s1,mw-push,41008,4,final,0.03379537953795379,0.3,0.0,100
dino_push_straight_switch_s1,mw-push,41008,5,init,0.052637263726372625,0.0,0.0,100
dino_push_straight_switch_s1,mw-push,41008,5,final,-0.18721872187218722,0.0,0.0,100
dino_push_straight_switch_s1,mw-push,41008,6,init,-0.06195019501950194,0.0,0.0,100
dino_push_straight_switch_s1,mw-push,41008,6,final,-0.06445844584458446,0.0,0.0,100
dino_push_straight_switch_s1,mw-push,41009,0,init,0.13005700570057005,0.1,0.0,100
dino_push_straight_switch_s1,mw-push,41009,0,final,0.11243924392439242,0.0,0.0,100
dino_push_straight_switch_s1,mw-push,41009,1,init,0.08189618961896189,0.1,0.0,100
dino_push_straight_switch_s1,mw-push,41009,1,final,0.08617487601261711,0.1,0.0,100
dino_push_straight_switch_s1,mw-push,41009,2,init,-0.3825742574257425,0.0,0.0,100
dino_push_straight_switch_s1,mw-push,41009,2,final,0.4128052805280527,0.1,0.0,100
dino_push_straight_switch_s1,mw-push,41009,3,init,-0.5555595559555956,0.0,0.0,100
dino_push_straight_switch_s1,mw-push,41009,3,final,0.013285328532853283,0.0,0.0,100
dino_push_straight_switch_s1,mw-push,41009,4,init,-0.40296429642964293,0.0,0.0,100
dino_push_straight_switch_s1,mw-push,41009,4,final,-0.07177917791779177,0.1,0.0,100
dino_push_straight_switch_s1,mw-push,41009,5,init,-0.2122412241224122,0.0,0.0,100
dino_push_straight_switch_s1,mw-push,41009,5,final,-0.027458745874587458,0.1,0.0,100
dino_push_straight_switch_s1,mw-push,41009,6,init,-0.14715871587158713,0.0,0.0,100
dino_push_straight_switch_s1,mw-push,41009,6,final,0.029198919891989195,0.1,0.0,100
dino_push_straight_switch_s1,mw-push,41010,0,init,0.4216861686168617,0.2,0.0,100
dino_push_straight_switch_s1,mw-push,41010,0,final,-0.19834383438343836,0.0,0.0,100
dino_push_straight_switch_s1,mw-push,41010,1,init,0.001788178817881788,0.3,0.0,100
dino_push_straight_switch_s1,mw-push,41010,1,final,-0.10161416141614159,0.0,0.0,100
dino_push_straight_switch_s1,mw-push,41010,2,init,-0.022526252625262526,0.0,0.0,100
dino_push_straight_switch_s1,mw-push,41010,2,final,-0.06647464746474648,0.1,0.0,100
dino_push_straight_switch_s1,mw-push,41010,3,init,-0.3498709870987099,0.0,0.0,100
dino_push_straight_switch_s1,mw-push,41010,3,final,-0.12655265526552656,0.0,0.0,100
dino_push_straight_switch_s1,mw-push,41010,4,init,-0.3417821782178217,0.0,0.0,100
dino_push_straight_switch_s1,mw-push,41010,4,final,-0.00043204320432043195,0.1,0.0,100
dino_push_straight_switch_s1,mw-push,41010,5,init,-0.24306030603060302,0.0,0.0,100
dino_push_straight_switch_s1,mw-push,41010,5,final,0.09552955295529553,0.0,0.0,100
dino_push_straight_switch_s1,mw-push,41010,6,init,0.17148514851485147,0.0,0.0,100
dino_push_straight_switch_s1,mw-push,41010,6,final,-0.0942094209420942,0.0,0.0,100
dino_push_straight_switch_s1,mw-push,41011,0,init,0.25388538853885384,0.1,0.0,100
dino_push_straight_switch_s1,mw-push,41011,0,final,0.2825562556255625,0.3,0.04928112030029852,100
dino_push_straight_switch_s1,mw-push,41011,1,init,0.6172217221722172,0.2,1.1069506406784058,100
dino_push_straight_switch_s1,mw-push,41011,1,final,0.23789978997899786,0.1,0.06712675094603937,100
dino_push_straight_switch_s1,mw-push,41011,2,init,0.18079807980798077,0.1,3.0568540096282986,100
dino_push_straight_switch_s1,mw-push,41011,2,final,0.46468646864686464,0.2,0.0,100
dino_push_straight_switch_s1,mw-push,41011,3,init,0.24085208520852083,0.1,0.5621165037155179,100
dino_push_straight_switch_s1,mw-push,41011,3,final,0.053129312931293124,0.1,0.29503405094147284,100
dino_push_straight_switch_s1,mw-push,41011,4,init,0.19189918991899188,0.1,2.5330170989036507,100
dino_push_straight_switch_s1,mw-push,41011,4,final,0.13530153015301527,0.0,1.1684983968734686,100
dino_push_straight_switch_s1,mw-push,41011,5,init,0.3037023702370237,0.1,1.223406195640564,100
dino_push_straight_switch_s1,mw-push,41011,5,final,0.2198259825982598,0.0,0.29109120368958075,100
dino_push_straight_switch_s1,mw-push,41011,6,init,0.38340234023402336,0.0,0.5056977272033747,100
dino_push_straight_switch_s1,mw-push,41011,6,final,0.24237623762376234,0.0,0.0,100
dino_push_straight_switch_s1,mw-push,41012,0,init,0.46845484548454835,0.5,0.0,100
dino_push_straight_switch_s1,mw-push,41012,0,final,-0.06165016501650165,0.0,0.1941889524459811,100
dino_push_straight_switch_s1,mw-push,41012,1,init,0.6874407440744074,0.5,2.962054312229151,100
dino_push_straight_switch_s1,mw-push,41012,1,final,0.040072007200720065,0.0,0.0,100
dino_push_straight_switch_s1,mw-push,41012,2,init,0.3167236723672367,0.3,0.0,100
dino_push_straight_switch_s1,mw-push,41012,2,final,-0.22835883588358832,0.0,0.0,100
dino_push_straight_switch_s1,mw-push,41012,3,init,-0.036495649564956496,0.0,0.0,100
dino_push_straight_switch_s1,mw-push,41012,3,final,0.10195019501950195,0.0,0.0,100
dino_push_straight_switch_s1,mw-push,41012,4,init,0.08775277527752774,0.0,0.0,100
dino_push_straight_switch_s1,mw-push,41012,4,final,0.312980236965816,0.0,0.0,100
dino_push_straight_switch_s1,mw-push,41012,5,init,0.10783078307830782,0.0,0.0,100
dino_push_straight_switch_s1,mw-push,41012,5,final,0.2978217821782178,0.1,0.0,100
dino_push_straight_switch_s1,mw-push,41012,6,init,0.21707835907196135,0.1,0.0,100
dino_push_straight_switch_s1,mw-push,41012,6,final,0.09407740774077407,0.0,0.0,100
dino_push_straight_switch_s1,mw-push,41013,0,init,0.2132253225322532,0.3,0.0,100
dino_push_straight_switch_s1,mw-push,41013,0,final,0.0986258625862586,0.0,0.0,100
dino_push_straight_switch_s1,mw-push,41013,1,init,0.19017101710171014,0.1,0.0,100
dino_push_straight_switch_s1,mw-push,41013,1,final,0.10151815181518152,0.1,0.0,100
dino_push_straight_switch_s1,mw-push,41013,2,init,-0.10269426942694268,0.2,0.0,100
dino_push_straight_switch_s1,mw-push,41013,2,final,0.030939093909390935,0.0,0.0,100
dino_push_straight_switch_s1,mw-push,41013,3,init,-0.13102910291029102,0.0,0.0,100
dino_push_straight_switch_s1,mw-push,41013,3,final,-0.28516051605160514,0.0,0.0,100
dino_push_straight_switch_s1,mw-push,41013,4,init,-0.2617701770177017,0.0,0.0,100
dino_push_straight_switch_s1,mw-push,41013,4,final,-0.10633063306330633,0.0,0.0,100
dino_push_straight_switch_s1,mw-push,41013,5,init,-0.13492949294929493,0.0,0.0,100
dino_push_straight_switch_s1,mw-push,41013,5,final,0.036483648364836474,0.0,0.0,100
dino_push_straight_switch_s1,mw-push,41013,6,init,0.08007200720072007,0.1,0.0,100
dino_push_straight_switch_s1,mw-push,41013,6,final,0.1292169216921692,0.0,0.0,100
dino_push_straight_switch_s1,mw-push,41014,0,init,0.2979417941794179,0.4,0.0,100
dino_push_straight_switch_s1,mw-push,41014,0,final,0.0839123912391239,0.1,0.0,100
dino_push_straight_switch_s1,mw-push,41014,1,init,0.2411161116111611,0.1,1.1417746543884304,100
dino_push_straight_switch_s1,mw-push,41014,1,final,-0.1763096309630963,0.2,0.0,100
dino_push_straight_switch_s1,mw-push,41014,2,init,0.19785178517851784,0.1,0.07380992174149115,100
dino_push_straight_switch_s1,mw-push,41014,2,final,0.028406840684068402,0.0,0.0,100
dino_push_straight_switch_s1,mw-push,41014,3,init,-0.21297329732973294,0.0,2.610239386558541,100
dino_push_straight_switch_s1,mw-push,41014,3,final,0.18400240024002398,0.0,0.0,100
dino_push_straight_switch_s1,mw-push,41014,4,init,-0.19026702670267023,0.0,0.2842083573341425,100
dino_push_straight_switch_s1,mw-push,41014,4,final,0.07151515151515152,0.0,0.0,100
dino_push_straight_switch_s1,mw-push,41014,5,init,0.03162316231623162,0.0,0.0,100
dino_push_straight_switch_s1,mw-push,41014,5,final,0.21956195619561955,0.2,0.0,100
dino_push_straight_switch_s1,mw-push,41014,6,init,-0.06455445544554454,0.0,0.0,100
dino_push_straight_switch_s1,mw-push,41014,6,final,-0.029498949894989496,0.0,0.0,100
dino_push_straight_switch_s1,mw-push,41015,0,init,0.005604560456045605,0.0,0.0,100
dino_push_straight_switch_s1,mw-push,41015,0,final,-0.15425142514251425,0.0,0.0,100
dino_push_straight_switch_s1,mw-push,41015,1,init,-0.6617101710171017,0.0,0.0,100
dino_push_straight_switch_s1,mw-push,41015,1,final,-0.12642064206420642,0.0,0.0,100
dino_push_straight_switch_s1,mw-push,41015,2,init,-0.43491149114911487,0.0,0.0,100
dino_push_straight_switch_s1,mw-push,41015,2,final,-0.12243624362436244,0.0,0.0,100
dino_push_straight_switch_s1,mw-push,41015,3,init,0.013909390939093907,0.0,0.0,100
dino_push_straight_switch_s1,mw-push,41015,3,final,-0.09323732373237323,0.0,0.0,100
dino_push_straight_switch_s1,mw-push,41015,4,init,-0.020162016201620163,0.0,0.0,100
dino_push_straight_switch_s1,mw-push,41015,4,final,-0.14047404740474045,0.0,0.0,100
dino_push_straight_switch_s1,mw-push,41015,5,init,-0.06663066306630662,0.1,0.0,100
dino_push_straight_switch_s1,mw-push,41015,5,final,0.08538853885388538,0.1,0.0,100
dino_push_straight_switch_s1,mw-push,41015,6,init,-0.03174317431743174,0.0,0.0,100
dino_push_straight_switch_s1,mw-push,41015,6,final,-0.20229222922292225,0.1,0.0,100
dino_push_straight_none_s2,mw-push,41000,0,init,0.21327332733273324,0.4,0.0,100
dino_push_straight_none_s2,mw-push,41000,0,final,-0.07797179717971796,0.0,0.0,100
dino_push_straight_none_s2,mw-push,41000,1,init,0.27509150915091507,0.0,0.03176033496856134,100
dino_push_straight_none_s2,mw-push,41000,1,final,-0.07789978997899788,0.0,0.0,100
dino_push_straight_none_s2,mw-push,41000,2,init,0.1061986198619862,0.0,0.4041254520416204,100
dino_push_straight_none_s2,mw-push,41000,2,final,0.024914491449144913,0.1,0.0,100
dino_push_straight_none_s2,mw-push,41000,3,init,-0.2015121512151215,0.0,0.00985860824584961,100
dino_push_straight_none_s2,mw-push,41000,3,final,0.05695769576957695,0.0,0.0,100
dino_push_straight_none_s2,mw-push,41000,4,init,0.05716171617161715,0.0,0.00591278076171875,100
dino_push_straight_none_s2,mw-push,41000,4,final,-0.2671227122712271,0.0,0.0,100
dino_push_straight_none_s2,mw-push,41000,5,init,0.12867686768676867,0.0,0.0,100
dino_push_straight_none_s2,mw-push,41000,5,final,-0.024422442244224418,0.0,0.0,100
dino_push_straight_none_s2,mw-push,41000,6,init,0.3044704470447044,0.0,0.0,100
dino_push_straight_none_s2,mw-push,41000,6,final,-0.26804680468046804,0.0,0.0,100
dino_push_straight_none_s2,mw-push,41001,0,init,0.004344434443444344,0.2,0.0,100
dino_push_straight_none_s2,mw-push,41001,0,final,0.02251425142514251,0.1,0.0,100
dino_push_straight_none_s2,mw-push,41001,1,init,0.010645064506450643,0.0,0.0,100
dino_push_straight_none_s2,mw-push,41001,1,final,-0.22766276627662765,0.0,0.0,100
dino_push_straight_none_s2,mw-push,41001,2,init,0.1246084608460846,0.0,0.0,100
dino_push_straight_none_s2,mw-push,41001,2,final,-0.3605880588058806,0.0,0.0,100
dino_push_straight_none_s2,mw-push,41001,3,init,-0.07821182118211821,0.0,0.0,100
dino_push_straight_none_s2,mw-push,41001,3,final,-0.2415241524152415,0.0,0.0,100
dino_push_straight_none_s2,mw-push,41001,4,init,-0.07018301830183017,0.0,0.2854377031326294,100
dino_push_straight_none_s2,mw-push,41001,4,final,-0.2559135913591359,0.0,0.0,100
dino_push_straight_none_s2,mw-push,41001,5,init,-0.24057605760576053,0.0,0.0,100
dino_push_straight_none_s2,mw-push,41001,5,final,-0.20698469846984693,0.0,0.0,100
dino_push_straight_none_s2,mw-push,41001,6,init,-0.10610261026102609,0.0,0.0,100
dino_push_straight_none_s2,mw-push,41001,6,final,-0.16952895289528952,0.0,0.0,100
dino_push_straight_none_s2,mw-push,41002,0,init,0.20398439843984395,0.3,0.0,100
dino_push_straight_none_s2,mw-push,41002,0,final,0.0833243324332433,0.0,0.0,100
dino_push_straight_none_s2,mw-push,41002,1,init,0.12190819081908189,0.0,0.030577182769780942,100
dino_push_straight_none_s2,mw-push,41002,1,final,0.02953495349534953,0.0,0.0,100
dino_push_straight_none_s2,mw-push,41002,2,init,0.37089708970897084,0.3,0.0,100
dino_push_straight_none_s2,mw-push,41002,2,final,-0.10813081308130812,0.1,0.0,100
dino_push_straight_none_s2,mw-push,41002,3,init,-0.122004200420042,0.0,0.0,100
dino_push_straight_none_s2,mw-push,41002,3,final,-0.09848184818481848,0.0,0.0,100
dino_push_straight_none_s2,mw-push,41002,4,init,0.007992799279927992,0.0,0.0,100
dino_push_straight_none_s2,mw-push,41002,4,final,-0.12534053405340534,0.1,0.0,100
dino_push_straight_none_s2,mw-push,41002,5,init,-0.07384338433843383,0.0,0.0,100
dino_push_straight_none_s2,mw-push,41002,5,final,0.019105910591059105,0.0,0.0,100
dino_push_straight_none_s2,mw-push,41002,6,init,-0.37596159615961594,0.0,0.0,100
dino_push_straight_none_s2,mw-push,41002,6,final,-0.0986018601860186,0.0,0.0,100
dino_push_straight_none_s2,mw-push,41003,0,init,0.11301530153015299,0.2,0.0,100
dino_push_straight_none_s2,mw-push,41003,0,final,-0.17957395739573953,0.0,0.0,100
dino_push_straight_none_s2,mw-push,41003,1,init,0.35659165916591656,0.0,0.0,100
dino_push_straight_none_s2,mw-push,41003,1,final,-0.0647944794479448,0.0,0.0,100
dino_push_straight_none_s2,mw-push,41003,2,init,-0.12607260726072606,0.0,0.0,100
dino_push_straight_none_s2,mw-push,41003,2,final,0.019741974197419736,0.0,0.0,100
dino_push_straight_none_s2,mw-push,41003,3,init,-0.01249324932493249,0.0,0.0,100
dino_push_straight_none_s2,mw-push,41003,3,final,-0.08603660366036603,0.1,0.0,100
dino_push_straight_none_s2,mw-push,41003,4,init,-0.2581818181818182,0.0,0.0,100
dino_push_straight_none_s2,mw-push,41003,4,final,-0.11804380438043804,0.0,0.0,100
dino_push_straight_none_s2,mw-push,41003,5,init,0.025538553855385535,0.0,0.0,100
dino_push_straight_none_s2,mw-push,41003,5,final,0.01999399939993999,0.1,0.0,100
dino_push_straight_none_s2,mw-push,41003,6,init,-0.10069006900690068,0.0,0.0,100
dino_push_straight_none_s2,mw-push,41003,6,final,-0.23867986798679866,0.1,0.0,100
dino_push_straight_none_s2,mw-push,41004,0,init,0.09448544854485447,0.1,0.0,100
dino_push_straight_none_s2,mw-push,41004,0,final,0.038391839183918385,0.1,0.0,100
dino_push_straight_none_s2,mw-push,41004,1,init,0.06435043504350435,0.1,0.0,100
dino_push_straight_none_s2,mw-push,41004,1,final,-0.1366216621662166,0.1,0.0,100
dino_push_straight_none_s2,mw-push,41004,2,init,0.14006600660066004,0.1,0.0,100
dino_push_straight_none_s2,mw-push,41004,2,final,0.01774977497749775,0.3,0.0,100
dino_push_straight_none_s2,mw-push,41004,3,init,0.1986438643864386,0.0,0.0,100
dino_push_straight_none_s2,mw-push,41004,3,final,0.0033843384338433837,0.0,0.0,100
dino_push_straight_none_s2,mw-push,41004,4,init,0.1154275427542754,0.0,0.0,100
dino_push_straight_none_s2,mw-push,41004,4,final,-0.038283828382838274,0.2,0.0,100
dino_push_straight_none_s2,mw-push,41004,5,init,0.3022502250225022,0.1,0.0,100
dino_push_straight_none_s2,mw-push,41004,5,final,-0.17075307530753073,0.0,0.0,100
dino_push_straight_none_s2,mw-push,41004,6,init,-0.00576057605760576,0.0,0.0,100
dino_push_straight_none_s2,mw-push,41004,6,final,-0.14382238223822383,0.0,0.0,100
dino_push_straight_none_s2,mw-push,41005,0,init,0.15533153315331533,0.3,0.0,100
dino_push_straight_none_s2,mw-push,41005,0,final,-0.1276927692769277,0.0,0.0,100
dino_push_straight_none_s2,mw-push,41005,1,init,0.4108610861086108,0.1,0.0,100
dino_push_straight_none_s2,mw-push,41005,1,final,0.061590159015901584,0.2,0.0,100
dino_push_straight_none_s2,mw-push,41005,2,init,0.44908490849084903,0.0,0.0,100
dino_push_straight_none_s2,mw-push,41005,2,final,0.11015901590159015,0.1,0.0,100
dino_push_straight_none_s2,mw-push,41005,3,init,0.2011161116111611,0.0,0.01232922077178955,100
dino_push_straight_none_s2,mw-push,41005,3,final,-0.06629462946294629,0.0,0.0,100
dino_push_straight_none_s2,mw-push,41005,4,init,0.10210621062106211,0.0,0.0,100
dino_push_straight_none_s2,mw-push,41005,4,final,-0.1985478547854785,0.0,0.0,100
dino_push_straight_none_s2,mw-push,41005,5,init,0.10186618661866186,0.0,1.0471507906913702,100
dino_push_straight_none_s2,mw-push,41005,5,final,-0.0541134113411341,0.0,0.0,100
dino_push_straight_none_s2,mw-push,41005,6,init,0.10190219021902189,0.1,0.0,100
dino_push_straight_none_s2,mw-push,41005,6,final,-0.317035703570357,0.0,0.0,100
dino_push_straight_none_s2,mw-push,41006,0,init,0.35685568556855685,0.6,0.0,100
dino_push_straight_none_s2,mw-push,41006,0,final,0.09412541254125412,0.0,0.0,100
dino_push_straight_none_s2,mw-push,41006,1,init,0.7612601260126012,0.2,0.08234530687331876,100
dino_push_straight_none_s2,mw-push,41006,1,final,0.017077707770777075,0.0,0.0,100
dino_push_straight_none_s2,mw-push,41006,2,init,0.34846684668466843,0.0,0.013010203838348389,100
dino_push_straight_none_s2,mw-push,41006,2,final,-0.01810981098109811,0.0,0.0,100
dino_push_straight_none_s2,mw-push,41006,3,init,0.13809780978097808,0.0,1.0010167956352207,100
dino_push_straight_none_s2,mw-push,41006,3,final,0.0771077107710771,0.0,0.0,100
dino_push_straight_none_s2,mw-push,41006,4,init,0.07823582358235823,0.0,0.0055029988288879395,100
dino_push_straight_none_s2,mw-push,41006,4,final,-0.12891689168916892,0.0,0.0,100
dino_push_straight_none_s2,mw-push,41006,5,init,0.34113411341134103,0.0,0.0,100
dino_push_straight_none_s2,mw-push,41006,5,final,-0.02425442544254425,0.0,0.0,100
dino_push_straight_none_s2,mw-push,41006,6,init,0.04536453645364536,0.0,0.0,100
dino_push_straight_none_s2,mw-push,41006,6,final,-0.007368736873687368,0.0,0.0,100
dino_push_straight_none_s2,mw-push,41007,0,init,0.1113111311131113,0.2,0.0,100
dino_push_straight_none_s2,mw-push,41007,0,final,-0.13206120612061203,0.1,0.0,100
dino_push_straight_none_s2,mw-push,41007,1,init,0.03697569756975697,0.0,0.0,100
dino_push_straight_none_s2,mw-push,41007,1,final,-0.06395439543954394,0.1,0.0,100
dino_push_straight_none_s2,mw-push,41007,2,init,0.15986798679867986,0.1,0.0,100
dino_push_straight_none_s2,mw-push,41007,2,final,-0.026006600660066003,0.0,0.0,100
dino_push_straight_none_s2,mw-push,41007,3,init,0.061782178217821775,0.0,0.0,100
dino_push_straight_none_s2,mw-push,41007,3,final,-0.2872607260726072,0.1,0.0,100
dino_push_straight_none_s2,mw-push,41007,4,init,-0.129012901290129,0.1,0.0,100
dino_push_straight_none_s2,mw-push,41007,4,final,-0.16136813681368137,0.2,0.0,100
dino_push_straight_none_s2,mw-push,41007,5,init,-0.2579417941794179,0.1,0.0,100
dino_push_straight_none_s2,mw-push,41007,5,final,-0.16189618961896185,0.0,0.0,100
dino_push_straight_none_s2,mw-push,41007,6,init,-0.21340534053405338,0.0,0.0,100
dino_push_straight_none_s2,mw-push,41007,6,final,0.04674467446744674,0.0,0.0,100
dino_push_straight_none_s2,mw-push,41008,0,init,0.3902070207020702,0.5,0.0,100
dino_push_straight_none_s2,mw-push,41008,0,final,-0.02285028502850285,0.0,0.0,100
dino_push_straight_none_s2,mw-push,41008,1,init,0.4485328532853285,0.0,0.0,100
dino_push_straight_none_s2,mw-push,41008,1,final,-0.09586558655865586,0.0,0.0,100
dino_push_straight_none_s2,mw-push,41008,2,init,0.11597959795979597,0.0,0.19438862800598145,100
dino_push_straight_none_s2,mw-push,41008,2,final,0.0792199219921992,0.0,0.0,100
dino_push_straight_none_s2,mw-push,41008,3,init,-0.12034803480348034,0.0,0.13995766639710028,100
dino_push_straight_none_s2,mw-push,41008,3,final,-0.06781898535579685,0.0,0.0,100
dino_push_straight_none_s2,mw-push,41008,4,init,0.21575757575757573,0.0,1.2375295162200983,100
dino_push_straight_none_s2,mw-push,41008,4,final,-0.14058205820582056,0.0,0.0,100
dino_push_straight_none_s2,mw-push,41008,5,init,0.1921392139213921,0.0,0.5256414413452204,100
dino_push_straight_none_s2,mw-push,41008,5,final,-0.03635163516351635,0.0,0.0,100
dino_push_straight_none_s2,mw-push,41008,6,init,0.11405940594059405,0.0,0.0,100
dino_push_straight_none_s2,mw-push,41008,6,final,-0.1555115511551155,0.0,0.0,100
dino_push_straight_none_s2,mw-push,41009,0,init,0.062010201020102,0.1,0.0,100
dino_push_straight_none_s2,mw-push,41009,0,final,-0.22196219621962193,0.0,0.0,100
dino_push_straight_none_s2,mw-push,41009,1,init,-0.07054305430543054,0.0,0.0,100
dino_push_straight_none_s2,mw-push,41009,1,final,0.23456345634563452,0.2,0.0,100
dino_push_straight_none_s2,mw-push,41009,2,init,-0.05071707170717071,0.0,0.0,100
dino_push_straight_none_s2,mw-push,41009,2,final,-0.2525412541254125,0.0,0.0,100
dino_push_straight_none_s2,mw-push,41009,3,init,-0.32469246924692463,0.0,0.0,100
dino_push_straight_none_s2,mw-push,41009,3,final,-0.15816381638163815,0.0,0.0,100
dino_push_straight_none_s2,mw-push,41009,4,init,-0.05886588658865886,0.1,0.0,100
dino_push_straight_none_s2,mw-push,41009,4,final,-0.05472547254725471,0.1,0.0,100
dino_push_straight_none_s2,mw-push,41009,5,init,-0.05617761776177617,0.0,0.0,100
dino_push_straight_none_s2,mw-push,41009,5,final,-0.2891809180918091,0.0,0.0,100
dino_push_straight_none_s2,mw-push,41009,6,init,0.0596099609960996,0.1,0.0,100
dino_push_straight_none_s2,mw-push,41009,6,final,-0.0689108910891089,0.0,0.0,100
dino_push_straight_none_s2,mw-push,41010,0,init,0.3496309630963096,0.2,0.0,100
dino_push_straight_none_s2,mw-push,41010,0,final,-0.02905490549054905,0.1,0.0,100
dino_push_straight_none_s2,mw-push,41010,1,init,0.14898289828982897,0.3,0.0,100
dino_push_straight_none_s2,mw-push,41010,1,final,-0.058217821782178214,0.0,0.0,100
dino_push_straight_none_s2,mw-push,41010,2,init,0.08986498649864985,0.1,0.0,100
dino_push_straight_none_s2,mw-push,41010,2,final,0.17184518451845185,0.2,0.0,100
dino_push_straight_none_s2,mw-push,41010,3,init,0.21068106810681064,0.2,0.0,100
dino_push_straight_none_s2,mw-push,41010,3,final,0.04928892889288929,0.1,0.0,100
dino_push_straight_none_s2,mw-push,41010,4,init,0.04744074407440744,0.0,0.0,100
dino_push_straight_none_s2,mw-push,41010,4,final,-0.1359255925592559,0.1,0.0,100
dino_push_straight_none_s2,mw-push,41010,5,init,0.26287428742874286,0.1,0.0,100
dino_push_straight_none_s2,mw-push,41010,5,final,0.07835583558355835,0.1,0.0,100
dino_push_straight_none_s2,mw-push,41010,6,init,0.3011941194119412,0.0,0.0,100
dino_push_straight_none_s2,mw-push,41010,6,final,-0.18011455179964594,0.0,0.0,100
dino_push_straight_none_s2,mw-push,41011,0,init,0.021050105010501047,0.1,0.0,100
dino_push_straight_none_s2,mw-push,41011,0,final,-0.00426042604260426,0.0,0.0,100
dino_push_straight_none_s2,mw-push,41011,1,init,0.1786258625862586,0.0,0.0,100
dino_push_straight_none_s2,mw-push,41011,1,final,-0.19321932193219318,0.0,0.0,100
dino_push_straight_none_s2,mw-push,41011,2,init,0.06631863186318632,0.0,0.0,100
dino_push_straight_none_s2,mw-push,41011,2,final,-0.3542874287428743,0.0,0.0,100
dino_push_straight_none_s2,mw-push,41011,3,init,0.012925292529252922,0.0,0.0,100
dino_push_straight_none_s2,mw-push,41011,3,final,-0.2761476147614761,0.0,0.0,100
dino_push_straight_none_s2,mw-push,41011,4,init,-0.0404080408040804,0.0,1.9577324390411404,100
dino_push_straight_none_s2,mw-push,41011,4,final,-0.2567056705670567,0.0,0.0,100
dino_push_straight_none_s2,mw-push,41011,5,init,-0.2161176117611761,0.0,0.0,100
dino_push_straight_none_s2,mw-push,41011,5,final,-0.14263426342634264,0.0,0.0,100
dino_push_straight_none_s2,mw-push,41011,6,init,0.08356435643564356,0.0,0.0,100
dino_push_straight_none_s2,mw-push,41011,6,final,-0.058565856585658556,0.0,0.0,100
dino_push_straight_none_s2,mw-push,41012,0,init,0.25906990699069904,0.4,0.0,100
dino_push_straight_none_s2,mw-push,41012,0,final,-0.17106510651065104,0.0,0.0,100
dino_push_straight_none_s2,mw-push,41012,1,init,0.15413141314131412,0.0,0.0,100
dino_push_straight_none_s2,mw-push,41012,1,final,0.004236423642364236,0.0,0.0,100
dino_push_straight_none_s2,mw-push,41012,2,init,-0.03242724272427242,0.0,0.0,100
dino_push_straight_none_s2,mw-push,41012,2,final,-0.12771677167716772,0.0,0.0,100
dino_push_straight_none_s2,mw-push,41012,3,init,-0.15849984998499847,0.0,0.0,100
dino_push_straight_none_s2,mw-push,41012,3,final,-0.17227722772277226,0.1,0.0,100
dino_push_straight_none_s2,mw-push,41012,4,init,-0.0033483348334833476,0.0,0.0,100
dino_push_straight_none_s2,mw-push,41012,4,final,0.030795079507950792,0.0,0.0,100
dino_push_straight_none_s2,mw-push,41012,5,init,0.25002100210021,0.1,0.0,100
dino_push_straight_none_s2,mw-push,41012,5,final,-0.17071707170717068,0.0,0.0,100
dino_push_straight_none_s2,mw-push,41012,6,init,0.1563341024132521,0.0,0.0,100
dino_push_straight_none_s2,mw-push,41012,6,final,-0.13833783378337833,0.0,0.0,100
dino_push_straight_none_s2,mw-push,41013,0,init,0.09093309330933091,0.2,0.0,100
dino_push_straight_none_s2,mw-push,41013,0,final,-0.08420042004200419,0.0,0.0,100
dino_push_straight_none_s2,mw-push,41013,1,init,0.10300630063006298,0.0,0.0,100
dino_push_straight_none_s2,mw-push,41013,1,final,0.12486048604860484,0.1,0.0,100
dino_push_straight_none_s2,mw-push,41013,2,init,0.0875967596759676,0.2,0.0,100
dino_push_straight_none_s2,mw-push,41013,2,final,-0.19665166516651664,0.0,0.0,100
dino_push_straight_none_s2,mw-push,41013,3,init,-0.005808580858085808,0.0,0.042606890201568604,100
dino_push_straight_none_s2,mw-push,41013,3,final,-0.05399339933993399,0.0,0.0,100
dino_push_straight_none_s2,mw-push,41013,4,init,-0.030567056705670562,0.1,0.0,100
dino_push_straight_none_s2,mw-push,41013,4,final,-0.07793579357935793,0.0,0.0,100
dino_push_straight_none_s2,mw-push,41013,5,init,-0.2442364236423642,0.0,0.0,100
dino_push_straight_none_s2,mw-push,41013,5,final,-0.14335433543354334,0.1,0.0,100
dino_push_straight_none_s2,mw-push,41013,6,init,-0.18394239423942393,0.0,0.0,100
dino_push_straight_none_s2,mw-push,41013,6,final,-0.13076507650765076,0.3,0.0,100
dino_push_straight_none_s2,mw-push,41014,0,init,0.1786378637863786,0.4,0.0,100
dino_push_straight_none_s2,mw-push,41014,0,final,-0.11293129312931291,0.0,0.0,100
dino_push_straight_none_s2,mw-push,41014,1,init,-0.07080708070807079,0.0,0.0,100
dino_push_straight_none_s2,mw-push,41014,1,final,-0.25304530453045304,0.0,0.0,100
dino_push_straight_none_s2,mw-push,41014,2,init,-0.22660666066606658,0.0,0.6887048482894925,100
dino_push_straight_none_s2,mw-push,41014,2,final,-0.013597359735973594,0.0,0.0,100
dino_push_straight_none_s2,mw-push,41014,3,init,-0.019837983798379838,0.0,0.0,100
dino_push_straight_none_s2,mw-push,41014,3,final,-0.3251845184518452,0.0,0.0,100
dino_push_straight_none_s2,mw-push,41014,4,init,0.13644164416441643,0.0,0.0,100
dino_push_straight_none_s2,mw-push,41014,4,final,-0.18286228622862286,0.0,0.0,100
dino_push_straight_none_s2,mw-push,41014,5,init,-0.11615961596159614,0.0,0.0,100
dino_push_straight_none_s2,mw-push,41014,5,final,-0.10556255625562555,0.0,0.0,100
dino_push_straight_none_s2,mw-push,41014,6,init,-0.3428742874287428,0.0,0.0,100
dino_push_straight_none_s2,mw-push,41014,6,final,-0.0818964353332079,0.0,0.0,100
dino_push_straight_none_s2,mw-push,41015,0,init,-0.18720672067206717,0.0,0.0,100
dino_push_straight_none_s2,mw-push,41015,0,final,-0.1368256825682568,0.1,0.0,100
dino_push_straight_none_s2,mw-push,41015,1,init,-0.7254005400540053,0.0,0.0,100
dino_push_straight_none_s2,mw-push,41015,1,final,-0.23609960996099608,0.0,0.0,100
dino_push_straight_none_s2,mw-push,41015,2,init,-0.4885568556855685,0.0,0.0,100
dino_push_straight_none_s2,mw-push,41015,2,final,-0.2562136213621362,0.0,0.0,100
dino_push_straight_none_s2,mw-push,41015,3,init,-0.13399339933993398,0.0,0.0,100
dino_push_straight_none_s2,mw-push,41015,3,final,-0.13256525652565257,0.0,0.0,100
dino_push_straight_none_s2,mw-push,41015,4,init,-0.10786678667866785,0.0,0.0,100
dino_push_straight_none_s2,mw-push,41015,4,final,-0.09555355535553556,0.0,0.0,100
dino_push_straight_none_s2,mw-push,41015,5,init,-0.135997599759976,0.0,0.0,100
dino_push_straight_none_s2,mw-push,41015,5,final,-0.1675367536753675,0.1,0.0,100
dino_push_straight_none_s2,mw-push,41015,6,init,-0.28808967323764,0.0,0.0,100
dino_push_straight_none_s2,mw-push,41015,6,final,-0.24780078007800777,0.0,0.0,100
dino_push_straight_switch_s2,mw-push,41000,0,init,0.4384398439843984,0.9,0.0,100
dino_push_straight_switch_s2,mw-push,41000,0,final,0.31570357035703567,0.0,0.24925768375396173,100
dino_push_straight_switch_s2,mw-push,41000,1,init,0.71998799879988,0.1,0.6761163473129217,100
dino_push_straight_switch_s2,mw-push,41000,1,final,-0.23294329432943292,0.0,0.0,100
dino_push_straight_switch_s2,mw-push,41000,2,init,0.06969096909690968,0.0,2.598556876182551,100
dino_push_straight_switch_s2,mw-push,41000,2,final,0.12004800480048004,0.1,0.0,100
dino_push_straight_switch_s2,mw-push,41000,3,init,0.12466846684668464,0.0,0.0,100
dino_push_straight_switch_s2,mw-push,41000,3,final,-0.05930993099309931,0.1,0.0,100
dino_push_straight_switch_s2,mw-push,41000,4,init,0.14877887788778876,0.0,0.26279389858245294,100
dino_push_straight_switch_s2,mw-push,41000,4,final,-0.04214821482148214,0.1,0.0,100
dino_push_straight_switch_s2,mw-push,41000,5,init,0.23893189318931893,0.0,0.0,100
dino_push_straight_switch_s2,mw-push,41000,5,final,-0.3467866786678667,0.0,0.0,100
dino_push_straight_switch_s2,mw-push,41000,6,init,0.04818481848184818,0.2,0.0,100
dino_push_straight_switch_s2,mw-push,41000,6,final,-0.02328232823282328,0.2,0.0,100
dino_push_straight_switch_s2,mw-push,41001,0,init,0.2985178517851785,0.4,0.0,100
dino_push_straight_switch_s2,mw-push,41001,0,final,0.0971017101710171,0.1,0.02085864543914795,100
dino_push_straight_switch_s2,mw-push,41001,1,init,0.5589558955895588,0.0,0.18633008003234863,100
dino_push_straight_switch_s2,mw-push,41001,1,final,-0.04003600360036003,0.0,0.014716386795038394,100
dino_push_straight_switch_s2,mw-push,41001,2,init,0.23765976597659763,0.0,1.4788955450057983,100
dino_push_straight_switch_s2,mw-push,41001,2,final,0.23711971197119708,0.0,0.0,100
dino_push_straight_switch_s2,mw-push,41001,3,init,0.2875847584758476,0.0,0.719627737998968,100
dino_push_straight_switch_s2,mw-push,41001,3,final,0.10595859585958593,0.0,0.0,100
dino_push_straight_switch_s2,mw-push,41001,4,init,0.2491329132913291,0.0,4.455243051052088,100
dino_push_straight_switch_s2,mw-push,41001,4,final,0.2725472547254725,0.0,0.0,100
dino_push_straight_switch_s2,mw-push,41001,5,init,0.30335433543354334,0.0,0.5722314119338989,100
dino_push_straight_switch_s2,mw-push,41001,5,final,0.024926492649264925,0.0,0.0,100
dino_push_straight_switch_s2,mw-push,41001,6,init,0.09492949294929492,0.0,0.0,100
dino_push_straight_switch_s2,mw-push,41001,6,final,-0.1476147614761476,0.0,0.0,100
dino_push_straight_switch_s2,mw-push,41002,0,init,0.3596759675967596,0.6,0.0,100
dino_push_straight_switch_s2,mw-push,41002,0,final,-0.009924992499249925,0.1,0.0,100
dino_push_straight_switch_s2,mw-push,41002,1,init,0.5913111311131113,0.3,0.9263217449188232,100
dino_push_straight_switch_s2,mw-push,41002,1,final,-0.022334233423342332,0.2,0.0011265277862548828,100
dino_push_straight_switch_s2,mw-push,41002,2,init,0.322040204020402,0.1,4.123909771442419,100
dino_push_straight_switch_s2,mw-push,41002,2,final,-0.07744374437443743,0.3,0.030982494354248047,100
dino_push_straight_switch_s2,mw-push,41002,3,init,0.023030303030303026,0.2,4.959236085414892,100
dino_push_straight_switch_s2,mw-push,41002,3,final,-0.17449744974497447,0.0,0.0,100
dino_push_straight_switch_s2,mw-push,41002,4,init,-0.30281428142814276,0.0,0.0,100
dino_push_straight_switch_s2,mw-push,41002,4,final,-0.1287312593202893,0.0,0.0,100
dino_push_straight_switch_s2,mw-push,41002,5,init,-0.008076807680768076,0.0,0.0,100
dino_push_straight_switch_s2,mw-push,41002,5,final,0.08537653765376536,0.2,0.0,100
dino_push_straight_switch_s2,mw-push,41002,6,init,0.18549054905490547,0.2,0.0,100
dino_push_straight_switch_s2,mw-push,41002,6,final,0.13447344734473446,0.2,0.0,100
dino_push_straight_switch_s2,mw-push,41003,0,init,0.2771917191719171,0.5,0.0,100
dino_push_straight_switch_s2,mw-push,41003,0,final,0.2829402940294029,0.2,0.10723620653151911,100
dino_push_straight_switch_s2,mw-push,41003,1,init,0.6976777677767776,0.3,0.3817692399024991,100
dino_push_straight_switch_s2,mw-push,41003,1,final,-0.012085208520852084,0.0,0.21952539682388028,100
dino_push_straight_switch_s2,mw-push,41003,2,init,0.4139453945394539,0.0,4.35739606618882,100
dino_push_straight_switch_s2,mw-push,41003,2,final,-0.3076387638763876,0.0,0.10441392660140991,100
dino_push_straight_switch_s2,mw-push,41003,3,init,-0.07427542754275428,0.0,7.117435336112979,100
dino_push_straight_switch_s2,mw-push,41003,3,final,0.0604980498049805,0.2,0.0,100
dino_push_straight_switch_s2,mw-push,41003,4,init,-0.09200120012001199,0.0,0.0,100
dino_push_straight_switch_s2,mw-push,41003,4,final,0.05219321932193219,0.0,0.0,100
dino_push_straight_switch_s2,mw-push,41003,5,init,0.1292889288928893,0.1,0.0,100
dino_push_straight_switch_s2,mw-push,41003,5,final,0.05483348334833482,0.1,0.0,100
dino_push_straight_switch_s2,mw-push,41003,6,init,0.11738373837383737,0.1,0.0,100
dino_push_straight_switch_s2,mw-push,41003,6,final,0.2516771677167717,0.1,0.0,100
dino_push_straight_switch_s2,mw-push,41004,0,init,0.2184938493849385,0.4,0.0,100
dino_push_straight_switch_s2,mw-push,41004,0,final,0.06353435343534353,0.0,0.0,100
dino_push_straight_switch_s2,mw-push,41004,1,init,0.25875787578757875,0.1,0.0,100
dino_push_straight_switch_s2,mw-push,41004,1,final,0.026678667866786673,0.1,0.0,100
dino_push_straight_switch_s2,mw-push,41004,2,init,0.22875487548754872,0.1,0.0,100
dino_push_straight_switch_s2,mw-push,41004,2,final,0.09124512451245123,0.1,0.0,100
dino_push_straight_switch_s2,mw-push,41004,3,init,0.3145394539453945,0.1,0.0,100
dino_push_straight_switch_s2,mw-push,41004,3,final,0.02297029702970297,0.1,0.0,100
dino_push_straight_switch_s2,mw-push,41004,4,init,0.1981158115811581,0.1,0.0,100
dino_push_straight_switch_s2,mw-push,41004,4,final,0.11782778277827782,0.0,0.0,100
dino_push_straight_switch_s2,mw-push,41004,5,init,0.24012001200120012,0.2,0.0,100
dino_push_straight_switch_s2,mw-push,41004,5,final,0.09340534053405339,0.3,0.0,100
dino_push_straight_switch_s2,mw-push,41004,6,init,-0.08624062406240622,0.1,0.0,100
dino_push_straight_switch_s2,mw-push,41004,6,final,0.025094509450945095,0.1,0.0,100
dino_push_straight_switch_s2,mw-push,41005,0,init,0.3189078907890789,0.4,0.0,100
dino_push_straight_switch_s2,mw-push,41005,0,final,0.1451185118511851,0.1,0.0,100
dino_push_straight_switch_s2,mw-push,41005,1,init,0.4934173417341734,0.2,0.1340761780738775,100
dino_push_straight_switch_s2,mw-push,41005,1,final,-0.21383738373837383,0.0,0.0,100
dino_push_straight_switch_s2,mw-push,41005,2,init,0.16206420642064204,0.0,0.0,100
dino_push_straight_switch_s2,mw-push,41005,2,final,0.03848784878487849,0.1,0.0,100
dino_push_straight_switch_s2,mw-push,41005,3,init,-0.1602280228022802,0.0,0.0,100
dino_push_straight_switch_s2,mw-push,41005,3,final,-0.01665171512673299,0.0,0.0,100
dino_push_straight_switch_s2,mw-push,41005,4,init,-0.18681068106810678,0.1,0.0,100
dino_push_straight_switch_s2,mw-push,41005,4,final,0.13102910291029102,0.0,0.0,100
dino_push_straight_switch_s2,mw-push,41005,5,init,0.08910891089108909,0.2,0.0,100
dino_push_straight_switch_s2,mw-push,41005,5,final,0.17449744974497447,0.2,0.0,100
dino_push_straight_switch_s2,mw-push,41005,6,init,0.2367476747674767,0.0,0.0,100
dino_push_straight_switch_s2,mw-push,41005,6,final,0.2049324932493249,0.0,0.0,100
dino_push_straight_switch_s2,mw-push,41006,0,init,0.3434503450345034,0.5,0.0,100
dino_push_straight_switch_s2,mw-push,41006,0,final,0.008976897689768976,0.0,0.0,100
dino_push_straight_switch_s2,mw-push,41006,1,init,0.45959795979597956,0.1,0.0,100
dino_push_straight_switch_s2,mw-push,41006,1,final,-0.004716471647164716,0.0,0.0,100
dino_push_straight_switch_s2,mw-push,41006,2,init,0.07537953795379537,0.2,0.0,100
dino_push_straight_switch_s2,mw-push,41006,2,final,-0.26499849984998497,0.0,0.0,100
dino_push_straight_switch_s2,mw-push,41006,3,init,-0.032295229522952294,0.1,0.21677166223526,100
dino_push_straight_switch_s2,mw-push,41006,3,final,-0.027146714671467145,0.0,0.0,100
dino_push_straight_switch_s2,mw-push,41006,4,init,0.07715571557155716,0.1,0.0,100
dino_push_straight_switch_s2,mw-push,41006,4,final,0.14411041104110411,0.1,0.0,100
dino_push_straight_switch_s2,mw-push,41006,5,init,0.0446084608460846,0.1,0.0,100
dino_push_straight_switch_s2,mw-push,41006,5,final,-0.05152115211521152,0.0,0.0,100
dino_push_straight_switch_s2,mw-push,41006,6,init,0.23003900390039003,0.0,0.0,100
dino_push_straight_switch_s2,mw-push,41006,6,final,0.05984998499849985,0.0,0.0,100
dino_push_straight_switch_s2,mw-push,41007,0,init,0.2861326132613261,0.4,0.0,100
dino_push_straight_switch_s2,mw-push,41007,0,final,0.08176417641764176,0.2,0.0,100
dino_push_straight_switch_s2,mw-push,41007,1,init,0.42703870387038695,0.2,0.0,100
dino_push_straight_switch_s2,mw-push,41007,1,final,-0.0489048904890489,0.0,0.0,100
dino_push_straight_switch_s2,mw-push,41007,2,init,0.03859585958595859,0.0,0.0,100
dino_push_straight_switch_s2,mw-push,41007,2,final,0.07421542154215421,0.0,0.0,100
dino_push_straight_switch_s2,mw-push,41007,3,init,-0.05929792979297929,0.0,0.0,100
dino_push_straight_switch_s2,mw-push,41007,3,final,0.18670267026702667,0.2,0.0,100
dino_push_straight_switch_s2,mw-push,41007,4,init,-0.1121992199219922,0.0,0.0,100
dino_push_straight_switch_s2,mw-push,41007,4,final,-0.14415841584158415,0.1,0.0,100
dino_push_straight_switch_s2,mw-push,41007,5,init,0.06999099909990998,0.0,0.0,100
dino_push_straight_switch_s2,mw-push,41007,5,final,0.06354635463546354,0.0,0.0,100
dino_push_straight_switch_s2,mw-push,41007,6,init,-0.02627062706270627,0.2,0.0,100
dino_push_straight_switch_s2,mw-push,41007,6,final,0.05705370537053704,0.0,0.0,100
dino_push_straight_switch_s2,mw-push,41008,0,init,0.5418061806180617,0.8,0.0,100
dino_push_straight_switch_s2,mw-push,41008,0,final,0.267014701470147,0.1,0.0014007091522272308,100
dino_push_straight_switch_s2,mw-push,41008,1,init,0.6675307530753074,0.3,0.7141381502151489,100
dino_push_straight_switch_s2,mw-push,41008,1,final,-0.06237023702370237,0.1,0.018730759620672055,100
dino_push_straight_switch_s2,mw-push,41008,2,init,-0.06009000900090008,0.1,3.9089828729629517,100
dino_push_straight_switch_s2,mw-push,41008,2,final,0.1410981098109811,0.0,0.0,100
dino_push_straight_switch_s2,mw-push,41008,3,init,-0.3909822711756907,0.0,2.632561326026922,100
dino_push_straight_switch_s2,mw-push,41008,3,final,-0.003768376837683768,0.0,0.0,100
dino_push_straight_switch_s2,mw-push,41008,4,init,-0.02982298229822982,0.0,0.0,100
dino_push_straight_switch_s2,mw-push,41008,4,final,0.050405040504050404,0.3,0.0,100
dino_push_straight_switch_s2,mw-push,41008,5,init,0.3237923792379237,0.1,0.0,100
dino_push_straight_switch_s2,mw-push,41008,5,final,-0.0854005400540054,0.3,0.0,100
dino_push_straight_switch_s2,mw-push,41008,6,init,0.25500150015001494,0.2,0.0,100
dino_push_straight_switch_s2,mw-push,41008,6,final,0.12897689768976897,0.0,0.0,100
dino_push_straight_switch_s2,mw-push,41009,0,init,0.34113411341134103,0.5,0.0,100
dino_push_straight_switch_s2,mw-push,41009,0,final,0.18567056705670565,0.1,0.0,100
dino_push_straight_switch_s2,mw-push,41009,1,init,0.3527032703270327,0.0,0.01685321331024725,100
dino_push_straight_switch_s2,mw-push,41009,1,final,0.22559855985598556,0.1,0.0,100
dino_push_straight_switch_s2,mw-push,41009,2,init,0.03971197119711971,0.0,0.7346838712692316,100
dino_push_straight_switch_s2,mw-push,41009,2,final,0.22351035103510347,0.1,0.0,100
dino_push_straight_switch_s2,mw-push,41009,3,init,0.043900390039003895,0.0,0.0,100
dino_push_straight_switch_s2,mw-push,41009,3,final,0.2592979297929793,0.1,0.0,100
dino_push_straight_switch_s2,mw-push,41009,4,init,0.19575157515751576,0.1,0.0,100
dino_push_straight_switch_s2,mw-push,41009,4,final,-0.1482388238823882,0.1,0.0,100
dino_push_straight_switch_s2,mw-push,41009,5,init,0.18873087308730874,0.0,0.0,100
dino_push_straight_switch_s2,mw-push,41009,5,final,0.08748301075050101,0.0,0.0,100
dino_push_straight_switch_s2,mw-push,41009,6,init,0.2684188418841884,0.2,0.0,100
dino_push_straight_switch_s2,mw-push,41009,6,final,-0.10139813981398138,0.0,0.0,100
dino_push_straight_switch_s2,mw-push,41010,0,init,0.4864926492649264,0.2,0.0,100
dino_push_straight_switch_s2,mw-push,41010,0,final,-0.045172517251725164,0.0,0.0,100
dino_push_straight_switch_s2,mw-push,41010,1,init,0.03179117911791179,0.0,0.0,100
dino_push_straight_switch_s2,mw-push,41010,1,final,0.08463246324632462,0.0,0.0,100
dino_push_straight_switch_s2,mw-push,41010,2,init,0.18331833183318327,0.0,0.0,100
dino_push_straight_switch_s2,mw-push,41010,2,final,-0.09058505850585058,0.0,0.0,100
dino_push_straight_switch_s2,mw-push,41010,3,init,0.038307830783078305,0.0,0.0,100
dino_push_straight_switch_s2,mw-push,41010,3,final,-0.11385538553855384,0.1,0.0,100
dino_push_straight_switch_s2,mw-push,41010,4,init,-0.158019801980198,0.0,0.0,100
dino_push_straight_switch_s2,mw-push,41010,4,final,0.07833183318331832,0.0,0.0,100
dino_push_straight_switch_s2,mw-push,41010,5,init,-0.09920192019201919,0.0,0.0,100
dino_push_straight_switch_s2,mw-push,41010,5,final,0.0643144314431443,0.0,0.0,100
dino_push_straight_switch_s2,mw-push,41010,6,init,0.11186318631863185,0.1,0.0,100
dino_push_straight_switch_s2,mw-push,41010,6,final,0.01902190219021902,0.0,0.0,100
dino_push_straight_switch_s2,mw-push,41011,0,init,0.23921992199219916,0.3,0.0,100
dino_push_straight_switch_s2,mw-push,41011,0,final,0.4685628562856285,0.0,0.0,100
dino_push_straight_switch_s2,mw-push,41011,1,init,0.6812241224122411,0.0,1.115584373474121,100
dino_push_straight_switch_s2,mw-push,41011,1,final,-0.10297029702970295,0.0,0.0,100
dino_push_straight_switch_s2,mw-push,41011,2,init,0.6299429942994298,0.1,1.337841153144842,100
dino_push_straight_switch_s2,mw-push,41011,2,final,0.1709090909090909,0.1,0.0,100
dino_push_straight_switch_s2,mw-push,41011,3,init,0.5406420642064206,0.2,0.8781164884567205,100
dino_push_straight_switch_s2,mw-push,41011,3,final,0.07881188118811881,0.0,1.8068581819534328,100
dino_push_straight_switch_s2,mw-push,41011,4,init,0.5002220222022202,0.0,4.923364520072932,100
dino_push_straight_switch_s2,mw-push,41011,4,final,0.3024422442244224,0.0,0.623670220375061,100
dino_push_straight_switch_s2,mw-push,41011,5,init,0.3652805280528052,0.0,3.7324115633964623,100
dino_push_straight_switch_s2,mw-push,41011,5,final,0.34681068106810675,0.0,0.0,100
dino_push_straight_switch_s2,mw-push,41011,6,init,0.6412241224122411,0.0,0.0,100
dino_push_straight_switch_s2,mw-push,41011,6,final,0.2828811367583592,0.0,0.0,100
dino_push_straight_switch_s2,mw-push,41012,0,init,0.4471767176717671,0.6,0.0,100
dino_push_straight_switch_s2,mw-push,41012,0,final,0.15679567956795676,0.0,0.0,100
dino_push_straight_switch_s2,mw-push,41012,1,init,0.46640264026402634,0.1,0.0,100
dino_push_straight_switch_s2,mw-push,41012,1,final,-0.31595559555955594,0.0,0.0,100
dino_push_straight_switch_s2,mw-push,41012,2,init,-0.2705910591059106,0.0,0.0,100
dino_push_straight_switch_s2,mw-push,41012,2,final,0.09942994299429941,0.0,0.0,100
dino_push_straight_switch_s2,mw-push,41012,3,init,-0.0049804980498049795,0.0,0.0,100
dino_push_straight_switch_s2,mw-push,41012,3,final,0.38009000900090006,0.0,0.0,100
dino_push_straight_switch_s2,mw-push,41012,4,init,0.36025202520252025,0.0,0.0,100
dino_push_straight_switch_s2,mw-push,41012,4,final,0.09636963696369635,0.0,0.0,100
dino_push_straight_switch_s2,mw-push,41012,5,init,0.17029702970297028,0.0,0.0,100
dino_push_straight_switch_s2,mw-push,41012,5,final,-0.07695169516951696,0.0,0.0,100
dino_push_straight_switch_s2,mw-push,41012,6,init,-0.31243924392439243,0.0,0.0,100
dino_push_straight_switch_s2,mw-push,41012,6,final,0.0986018601860186,0.0,0.0,100
dino_push_straight_switch_s2,mw-push,41013,0,init,0.2634143414341434,0.3,0.0,100
dino_push_straight_switch_s2,mw-push,41013,0,final,-0.019597959795979593,0.0,0.0,100
dino_push_straight_switch_s2,mw-push,41013,1,init,0.42169816981698166,0.2,0.0,100
dino_push_straight_switch_s2,mw-push,41013,1,final,0.1023222322232223,0.0,0.0,100
dino_push_straight_switch_s2,mw-push,41013,2,init,-0.01158115811581158,0.0,1.0357379913329994,100
dino_push_straight_switch_s2,mw-push,41013,2,final,-0.1385418541854185,0.0,0.0,100
dino_push_straight_switch_s2,mw-push,41013,3,init,0.0033003300330033,0.0,0.0,100
dino_push_straight_switch_s2,mw-push,41013,3,final,-0.08422442244224423,0.0,0.0,100
dino_push_straight_switch_s2,mw-push,41013,4,init,-0.14405040504050404,0.0,0.0,100
dino_push_straight_switch_s2,mw-push,41013,4,final,-0.03943594359435943,0.0,0.0,100
dino_push_straight_switch_s2,mw-push,41013,5,init,0.20776477647764774,0.0,0.0,100
dino_push_straight_switch_s2,mw-push,41013,5,final,0.06055805580558055,0.0,0.0,100
dino_push_straight_switch_s2,mw-push,41013,6,init,0.04705670567056705,0.1,0.0,100
dino_push_straight_switch_s2,mw-push,41013,6,final,0.17680168016801678,0.0,0.0,100
dino_push_straight_switch_s2,mw-push,41014,0,init,0.3466546654665466,0.7,0.0,100
dino_push_straight_switch_s2,mw-push,41014,0,final,0.18528652865286527,0.1,0.33079087734223245,100
dino_push_straight_switch_s2,mw-push,41014,1,init,0.7337413741374137,0.3,0.2334460616111811,100
dino_push_straight_switch_s2,mw-push,41014,1,final,0.02622270093831466,0.1,0.18154680728913186,100
dino_push_straight_switch_s2,mw-push,41014,2,init,0.085016501650165,0.0,3.12698632478714,100
dino_push_straight_switch_s2,mw-push,41014,2,final,0.06909090909090908,0.0,0.10907799005509256,100
dino_push_straight_switch_s2,mw-push,41014,3,init,0.11468346834683468,0.0,4.233601689338692,100
dino_push_straight_switch_s2,mw-push,41014,3,final,-0.27510351035103503,0.0,0.0,100
dino_push_straight_switch_s2,mw-push,41014,4,init,0.46232223222322233,0.2,0.0,100
dino_push_straight_switch_s2,mw-push,41014,4,final,-0.06937893789378936,0.0,0.0,100
dino_push_straight_switch_s2,mw-push,41014,5,init,0.08532853285328533,0.0,0.0,100
dino_push_straight_switch_s2,mw-push,41014,5,final,-0.12684068406840682,0.0,0.0,100
dino_push_straight_switch_s2,mw-push,41014,6,init,0.45389738973897387,0.1,0.0,100
dino_push_straight_switch_s2,mw-push,41014,6,final,0.10466246624662463,0.2,0.0,100
dino_push_straight_switch_s2,mw-push,41015,0,init,-0.3618361836183618,0.0,0.0,100
dino_push_straight_switch_s2,mw-push,41015,0,final,-0.1752175217521752,0.0,0.0,100
dino_push_straight_switch_s2,mw-push,41015,1,init,-0.7640204020402039,0.0,0.0,100
dino_push_straight_switch_s2,mw-push,41015,1,final,-0.2224662466246624,0.0,0.0,100
dino_push_straight_switch_s2,mw-push,41015,2,init,-0.526972697269727,0.0,0.0,100
dino_push_straight_switch_s2,mw-push,41015,2,final,0.020102010201020096,0.0,0.0,100
dino_push_straight_switch_s2,mw-push,41015,3,init,-0.06005400540054004,0.0,0.0,100
dino_push_straight_switch_s2,mw-push,41015,3,final,-0.03515151515151515,0.2,0.0,100
dino_push_straight_switch_s2,mw-push,41015,4,init,-0.04871287128712871,0.0,0.0,100
dino_push_straight_switch_s2,mw-push,41015,4,final,-0.1436303630363036,0.0,0.0,100
dino_push_straight_switch_s2,mw-push,41015,5,init,-0.18595859585958596,0.0,0.0,100
dino_push_straight_switch_s2,mw-push,41015,5,final,-0.2058085808580858,0.0,0.0,100
dino_push_straight_switch_s2,mw-push,41015,6,init,0.010333033303330331,0.0,0.0,100
dino_push_straight_switch_s2,mw-push,41015,6,final,0.04152415241524152,0.1,0.0,100
