tag,task,seed,replan,phase,rho,recall,r_sel_cm,n
dino_push_l2,mw-push,41000,0,init,0.6877407740774076,0.6,0.0,100
dino_push_l2,mw-push,41000,0,final,-0.020906090609060905,0.0,0.0,100
dino_push_l2,mw-push,41000,1,init,0.2544134413441344,0.0,0.046956539154052734,100
dino_push_l2,mw-push,41000,1,final,-0.5403660366036603,0.0,0.0,100
dino_push_l2,mw-push,41000,2,init,-0.37104110411041097,0.0,0.0,100
dino_push_l2,mw-push,41000,2,final,-0.10474647464746473,0.0,0.0,100
dino_push_l2,mw-push,41000,3,init,0.10847884788478847,0.0,0.0,100
dino_push_l2,mw-push,41000,3,final,-0.5803540354035402,0.0,0.0,100
dino_push_l2,mw-push,41000,4,init,0.33306930693069303,0.2,0.0,100
dino_push_l2,mw-push,41000,4,final,0.07804380438043804,0.0,0.0,100
dino_push_l2,mw-push,41000,5,init,-0.009036903690369035,0.2,0.0,100
dino_push_l2,mw-push,41000,5,final,0.23227122712271225,0.0,0.0,100
dino_push_l2,mw-push,41000,6,init,0.03162316231623162,0.0,0.0,100
dino_push_l2,mw-push,41000,6,final,-0.04594059405940594,0.0,0.0,100
dino_push_l2,mw-push,41001,0,init,0.7753735373537353,0.4,0.0,100
dino_push_l2,mw-push,41001,0,final,0.21954995499549954,0.0,0.0,100
dino_push_l2,mw-push,41001,1,init,0.23435943594359435,0.1,0.00152587890625,100
dino_push_l2,mw-push,41001,1,final,-0.5387818781878188,0.0,0.0,100
dino_push_l2,mw-push,41001,2,init,-0.1311251125112511,0.0,0.0,100
dino_push_l2,mw-push,41001,2,final,-0.628226822682268,0.0,0.0,100
dino_push_l2,mw-push,41001,3,init,-0.24957695769576957,0.0,0.0,100
dino_push_l2,mw-push,41001,3,final,-0.1571197119711971,0.0,0.0,100
dino_push_l2,mw-push,41001,4,init,0.5373657365736573,0.1,0.0,100
dino_push_l2,mw-push,41001,4,final,-0.39139513951395133,0.0,0.0,100
dino_push_l2,mw-push,41001,5,init,0.5301170117011701,0.2,0.0,100
dino_push_l2,mw-push,41001,5,final,-0.3168076807680768,0.0,0.0,100
dino_push_l2,mw-push,41001,6,init,0.2642424242424242,0.2,0.0,100
dino_push_l2,mw-push,41001,6,final,0.10607860786078606,0.1,0.0,100
dino_push_l2,mw-push,41002,0,init,0.6837083708370836,0.2,0.0,100
dino_push_l2,mw-push,41002,0,final,0.12768076807680767,0.0,0.0,100
dino_push_l2,mw-push,41002,1,init,0.13028502850285026,0.0,0.0,100
dino_push_l2,mw-push,41002,1,final,0.10684668466846685,0.0,0.0,100
dino_push_l2,mw-push,41002,2,init,-0.2531293129312931,0.0,0.0,100
dino_push_l2,mw-push,41002,2,final,-0.6834683468346834,0.0,0.0,100
dino_push_l2,mw-push,41002,3,init,-0.43813981398139806,0.0,0.0,100
dino_push_l2,mw-push,41002,3,final,0.30532253225322525,0.1,0.0,100
dino_push_l2,mw-push,41002,4,init,0.38247824782478246,0.0,0.0,100
dino_push_l2,mw-push,41002,4,final,-0.24871287128712868,0.0,0.0,100
dino_push_l2,mw-push,41002,5,init,0.806012601260126,0.5,0.0,100
dino_push_l2,mw-push,41002,5,final,0.31339427961221045,0.1,0.0,100
dino_push_l2,mw-push,41002,6,init,0.6088928892889288,0.3,0.0,100
dino_push_l2,mw-push,41002,6,final,0.005388538853885388,0.0,0.0,100
dino_push_l2,mw-push,41003,0,init,0.8000600060006,0.1,0.0,100
dino_push_l2,mw-push,41003,0,final,-0.40919414699898243,0.0,0.0,100
dino_push_l2,mw-push,41003,1,init,0.03066306630663066,0.0,1.2303739786148098,100
dino_push_l2,mw-push,41003,1,final,-0.5068226822682268,0.0,0.0,100
dino_push_l2,mw-push,41003,2,init,-0.32523252325232527,0.0,0.0,100
dino_push_l2,mw-push,41003,2,final,-0.27548754875487547,0.0,0.0,100
dino_push_l2,mw-push,41003,3,init,0.8341434143414341,0.4,0.0,100
dino_push_l2,mw-push,41003,3,final,0.14717071707170717,0.0,0.0,100
dino_push_l2,mw-push,41003,4,init,0.7212241224122412,0.5,0.0,100
dino_push_l2,mw-push,41003,4,final,-0.11383138313831383,0.0,0.0,100
dino_push_l2,mw-push,41003,5,init,0.38127812781278125,0.1,0.0,100
dino_push_l2,mw-push,41003,5,final,0.09072907290729072,0.0,0.0,100
dino_push_l2,mw-push,41003,6,init,0.1607440744074407,0.2,0.0,100
dino_push_l2,mw-push,41003,6,final,0.0869126912691269,0.0,0.0,100
dino_push_l2,mw-push,41004,0,init,0.4427602760276027,0.1,0.0,100
dino_push_l2,mw-push,41004,0,final,0.1821182118211821,0.2,0.0,100
dino_push_l2,mw-push,41004,1,init,-0.07573957395739574,0.0,0.0,100
dino_push_l2,mw-push,41004,1,final,-0.22586258625862582,0.0,0.0,100
dino_push_l2,mw-push,41004,2,init,-0.29662166216621655,0.0,0.0,100
dino_push_l2,mw-push,41004,2,final,-0.0942094209420942,0.0,0.0,100
dino_push_l2,mw-push,41004,3,init,-0.07068706870687069,0.0,0.0,100
dino_push_l2,mw-push,41004,3,final,-0.3111440478383276,0.0,0.0,100
dino_push_l2,mw-push,41004,4,init,0.665070507050705,0.1,0.0,100
dino_push_l2,mw-push,41004,4,final,-0.11907590759075906,0.0,0.0,100
dino_push_l2,mw-push,41004,5,init,0.7940834083408341,0.5,0.0,100
dino_push_l2,mw-push,41004,5,final,-0.042256225622562246,0.0,0.0,100
dino_push_l2,mw-push,41004,6,init,-0.012985298529852984,0.0,0.0,100
dino_push_l2,mw-push,41004,6,final,-0.0251065106510651,0.0,0.0,100
dino_push_l2,mw-push,41005,0,init,0.8313591359135912,0.5,0.0,100
dino_push_l2,mw-push,41005,0,final,-0.2104170417041704,0.0,0.0,100
dino_push_l2,mw-push,41005,1,init,0.2581578157815781,0.2,0.0,100
dino_push_l2,mw-push,41005,1,final,-0.4478007800780078,0.1,0.0,100
dino_push_l2,mw-push,41005,2,init,-0.3061746174617462,0.0,0.0,100
dino_push_l2,mw-push,41005,2,final,-0.29326132613261324,0.1,0.0,100
dino_push_l2,mw-push,41005,3,init,0.44698469846984695,0.0,0.0,100
dino_push_l2,mw-push,41005,3,final,-0.020162016201620163,0.0,0.0,100
dino_push_l2,mw-push,41005,4,init,0.943054305430543,0.8,0.0,100
dino_push_l2,mw-push,41005,4,final,-0.073999399939994,0.0,0.0,100
dino_push_l2,mw-push,41005,5,init,0.8083528352835282,0.4,0.0,100
dino_push_l2,mw-push,41005,5,final,-0.3165316531653165,0.0,0.0,100
dino_push_l2,mw-push,41005,6,init,0.4036723672367237,0.0,0.0,100
dino_push_l2,mw-push,41005,6,final,-0.26657065706570654,0.0,0.0,100
dino_push_l2,mw-push,41006,0,init,0.908082808280828,0.9,0.0,100
dino_push_l2,mw-push,41006,0,final,0.6233903390339034,0.4,0.0025391578674316406,100
dino_push_l2,mw-push,41006,1,init,0.7827422742274226,0.6,0.12390613555907926,100
dino_push_l2,mw-push,41006,1,final,0.2705310531053105,0.2,2.823586761951438,100
dino_push_l2,mw-push,41006,2,init,-0.004608460846084608,0.2,1.4844253659248297,100
dino_push_l2,mw-push,41006,2,final,-0.4934893489348935,0.0,0.27224272489548007,100
dino_push_l2,mw-push,41006,3,init,-0.11504350435043503,0.0,0.0,100
dino_push_l2,mw-push,41006,3,final,0.06474647464746475,0.0,0.0,100
dino_push_l2,mw-push,41006,4,init,-0.0445004500450045,0.0,0.0,100
dino_push_l2,mw-push,41006,4,final,0.2083408340834083,0.0,0.0,100
dino_push_l2,mw-push,41006,5,init,0.02478247824782478,0.0,0.0,100
dino_push_l2,mw-push,41006,5,final,0.18559855985598558,0.0,0.0,100
dino_push_l2,mw-push,41006,6,init,0.11165916591659165,0.0,0.0,100
dino_push_l2,mw-push,41006,6,final,0.0541134113411341,0.0,0.0,100
dino_push_l2,mw-push,41007,0,init,0.551750830338008,0.3,0.0,100
dino_push_l2,mw-push,41007,0,final,-0.3997479747974797,0.0,0.0,100
dino_push_l2,mw-push,41007,1,init,0.08939693969396939,0.0,0.0,100
dino_push_l2,mw-push,41007,1,final,-0.2301350135013501,0.0,0.0,100
dino_push_l2,mw-push,41007,2,init,-0.38970297029702966,0.0,0.0,100
dino_push_l2,mw-push,41007,2,final,-0.06222622262226221,0.0,0.0,100
dino_push_l2,mw-push,41007,3,init,-0.002496249624962496,0.1,0.0,100
dino_push_l2,mw-push,41007,3,final,0.1139153915391539,0.0,0.0,100
dino_push_l2,mw-push,41007,4,init,0.8511371137113709,0.4,0.0,100
dino_push_l2,mw-push,41007,4,final,0.26663066306630656,0.0,0.0,100
dino_push_l2,mw-push,41007,5,init,0.9392859285928591,0.6,0.0,100
dino_push_l2,mw-push,41007,5,final,0.4331473147314731,0.1,0.0,100
dino_push_l2,mw-push,41007,6,init,0.5623402340234024,0.0,0.0,100
dino_push_l2,mw-push,41007,6,final,0.05896189618961895,0.1,0.0,100
dino_push_l2,mw-push,41008,0,init,0.7677047704770477,0.6,0.0,100
dino_push_l2,mw-push,41008,0,final,0.034515451545154514,0.0,0.0,100
dino_push_l2,mw-push,41008,1,init,0.3761296129612961,0.1,0.45836567878723145,100
dino_push_l2,mw-push,41008,1,final,-0.2498529852985298,0.0,0.0,100
dino_push_l2,mw-push,41008,2,init,-0.16010801080108011,0.0,0.2021878957748413,100
dino_push_l2,mw-push,41008,2,final,-0.36895289528952896,0.0,0.0,100
dino_push_l2,mw-push,41008,3,init,-0.4697269726972697,0.0,0.0,100
dino_push_l2,mw-push,41008,3,final,-0.4945934593459345,0.0,0.0,100
dino_push_l2,mw-push,41008,4,init,0.14673867386738673,0.0,0.0,100
dino_push_l2,mw-push,41008,4,final,-0.33034503450345026,0.0,0.0,100
dino_push_l2,mw-push,41008,5,init,-0.2576177617761776,0.0,0.0,100
dino_push_l2,mw-push,41008,5,final,-0.03791179117911791,0.0,0.0,100
dino_push_l2,mw-push,41008,6,init,-0.29178517851785174,0.0,0.0,100
dino_push_l2,mw-push,41008,6,final,0.12397239723972396,0.0,0.0,100
dino_push_l2,mw-push,41009,0,init,0.42373837383738366,0.3,0.0,100
dino_push_l2,mw-push,41009,0,final,-0.014653465346534651,0.0,0.0,100
dino_push_l2,mw-push,41009,1,init,0.25000900090009,0.0,0.0,100
dino_push_l2,mw-push,41009,1,final,-0.24678067806780676,0.0,0.0,100
dino_push_l2,mw-push,41009,2,init,-0.25827782778277825,0.0,0.0,100
dino_push_l2,mw-push,41009,2,final,0.10648664866486647,0.0,0.0,100
dino_push_l2,mw-push,41009,3,init,-0.6132253225322531,0.0,0.0,100
dino_push_l2,mw-push,41009,3,final,0.358007800780078,0.0,0.0,100
dino_push_l2,mw-push,41009,4,init,0.6175097509750975,0.2,0.0,100
dino_push_l2,mw-push,41009,4,final,0.03350735073507351,0.0,0.0,100
dino_push_l2,mw-push,41009,5,init,0.8193699369936993,0.6,0.0,100
dino_push_l2,mw-push,41009,5,final,0.04794479447944794,0.1,0.0,100
dino_push_l2,mw-push,41009,6,init,0.6837323732373236,0.2,0.0,100
dino_push_l2,mw-push,41009,6,final,0.020942094209420937,0.0,0.0,100
dino_push_l2,mw-push,41010,0,init,0.5691569156915691,0.1,0.0,100
dino_push_l2,mw-push,41010,0,final,-0.35890789078907887,0.0,0.0,100
dino_push_l2,mw-push,41010,1,init,0.13606960696069606,0.2,0.0,100
dino_push_l2,mw-push,41010,1,final,-0.5518511851185118,0.0,0.0,100
dino_push_l2,mw-push,41010,2,init,-0.31495949594959494,0.0,0.0,100
dino_push_l2,mw-push,41010,2,final,0.3258805880588058,0.0,0.0,100
dino_push_l2,mw-push,41010,3,init,0.05020102010201019,0.0,0.0,100
dino_push_l2,mw-push,41010,3,final,0.2294269426942694,0.0,0.0,100
dino_push_l2,mw-push,41010,4,init,0.8277227722772277,0.4,0.0,100
dino_push_l2,mw-push,41010,4,final,0.06813081308130813,0.0,0.0,100
dino_push_l2,mw-push,41010,5,init,0.8228742874287428,0.5,0.0,100
dino_push_l2,mw-push,41010,5,final,-0.10255025502550254,0.0,0.0,100
dino_push_l2,mw-push,41010,6,init,0.5104950495049504,0.0,0.0,100
dino_push_l2,mw-push,41010,6,final,0.23053774538881253,0.0,0.0,100
dino_push_l2,mw-push,41011,0,init,0.7926432643264325,0.3,0.0,100
dino_push_l2,mw-push,41011,0,final,0.10156615661566157,0.0,0.0,100
dino_push_l2,mw-push,41011,1,init,0.39852385238523846,0.0,1.1527091264724676,100
dino_push_l2,mw-push,41011,1,final,-0.1686408640864086,0.0,1.541648805141449,100
dino_push_l2,mw-push,41011,2,init,-0.19434743474347435,0.0,0.0,100
dino_push_l2,mw-push,41011,2,final,0.051101110111011094,0.1,0.0,100
dino_push_l2,mw-push,41011,3,init,-0.5460186018601859,0.0,0.0,100
dino_push_l2,mw-push,41011,3,final,-0.5885628562856285,0.0,0.0,100
dino_push_l2,mw-push,41011,4,init,0.42373837383738366,0.0,0.0,100
dino_push_l2,mw-push,41011,4,final,-0.4148694869486948,0.0,0.0,100
dino_push_l2,mw-push,41011,5,init,0.41545754575457544,0.1,0.0,100
dino_push_l2,mw-push,41011,5,final,-0.0038043804380438044,0.1,0.0,100
dino_push_l2,mw-push,41011,6,init,-0.09033303330333033,0.0,0.0,100
dino_push_l2,mw-push,41011,6,final,0.2704470447044704,0.4,0.0,100
dino_push_l2,mw-push,41012,0,init,0.8477887788778877,0.8,0.0,100
dino_push_l2,mw-push,41012,0,final,0.20001200120012,0.2,0.09460598230362216,100
dino_push_l2,mw-push,41012,1,init,0.42432643264326425,0.2,1.9270777702331487,100
dino_push_l2,mw-push,41012,1,final,-0.3877227722772277,0.0,1.2633472681045506,100
dino_push_l2,mw-push,41012,2,init,-0.05874587458745874,0.1,5.20840585231781,100
dino_push_l2,mw-push,41012,2,final,-0.1646084608460846,0.0,0.0,100
dino_push_l2,mw-push,41012,3,init,0.21909390939093906,0.0,0.0,100
dino_push_l2,mw-push,41012,3,final,0.07687968796879688,0.1,0.0,100
dino_push_l2,mw-push,41012,4,init,0.5212001200120012,0.2,0.0,100
dino_push_l2,mw-push,41012,4,final,0.1137113711371137,0.0,0.0,100
dino_push_l2,mw-push,41012,5,init,0.4861806180618062,0.4,0.0,100
dino_push_l2,mw-push,41012,5,final,-0.002892289228922892,0.0,0.0,100
dino_push_l2,mw-push,41012,6,init,0.1776057605760576,0.2,0.0,100
dino_push_l2,mw-push,41012,6,final,0.000672067206720672,0.0,0.0,100
dino_push_l2,mw-push,41013,0,init,0.7258325832583258,0.3,0.0,100
dino_push_l2,mw-push,41013,0,final,-0.28780078007800775,0.0,0.0,100
dino_push_l2,mw-push,41013,1,init,0.031827182718271826,0.0,0.0,100
dino_push_l2,mw-push,41013,1,final,-0.6129252925292529,0.0,0.0,100
dino_push_l2,mw-push,41013,2,init,-0.39648364836483646,0.0,0.0,100
dino_push_l2,mw-push,41013,2,final,0.024554455445544552,0.0,0.0,100
dino_push_l2,mw-push,41013,3,init,0.3882508250825082,0.0,0.0,100
dino_push_l2,mw-push,41013,3,final,-0.019957995799579954,0.0,0.0,100
dino_push_l2,mw-push,41013,4,init,0.8118571857185718,0.3,0.0,100
dino_push_l2,mw-push,41013,4,final,0.04058805880588059,0.0,0.0,100
dino_push_l2,mw-push,41013,5,init,0.5808100810081007,0.1,0.0,100
dino_push_l2,mw-push,41013,5,final,-0.015085508550855083,0.0,0.0,100
dino_push_l2,mw-push,41013,6,init,-0.4299309930993099,0.0,0.0,100
dino_push_l2,mw-push,41013,6,final,-0.10235823582358233,0.0,0.0,100
dino_push_l2,mw-push,41014,0,init,0.6965016501650164,0.2,0.0,100
dino_push_l2,mw-push,41014,0,final,0.046240624062406234,0.0,0.0,100
dino_push_l2,mw-push,41014,1,init,0.12247224722472244,0.0,0.535380840301522,100
dino_push_l2,mw-push,41014,1,final,-0.17134113411341131,0.0,0.0,100
dino_push_l2,mw-push,41014,2,init,-0.19443144314431443,0.0,0.0,100
dino_push_l2,mw-push,41014,2,final,-0.5027062706270626,0.0,0.0,100
dino_push_l2,mw-push,41014,3,init,-0.04811281128112811,0.0,0.0,100
dino_push_l2,mw-push,41014,3,final,0.23974797479747972,0.0,0.0,100
dino_push_l2,mw-push,41014,4,init,0.6929852985298529,0.0,0.0,100
dino_push_l2,mw-push,41014,4,final,0.3882388238823882,0.0,0.0,100
dino_push_l2,mw-push,41014,5,init,0.7555955595559555,0.6,0.0,100
dino_push_l2,mw-push,41014,5,final,0.12399639963996398,0.0,0.0,100
dino_push_l2,mw-push,41014,6,init,0.5006660666066607,0.3,0.0,100
dino_push_l2,mw-push,41014,6,final,-0.12976897689768974,0.0,0.0,100
dino_push_l2,mw-push,41015,0,init,-0.3404380438043804,0.0,0.0,100
dino_push_l2,mw-push,41015,0,final,-0.8111371137113711,0.0,0.0,100
dino_push_l2,mw-push,41015,1,init,-0.7853345334533454,0.0,0.0,100
dino_push_l2,mw-push,41015,1,final,-0.1848064806480648,0.0,0.0,100
dino_push_l2,mw-push,41015,2,init,-0.563036303630363,0.0,0.0,100
dino_push_l2,mw-push,41015,2,final,-0.28050405040504045,0.0,0.0,100
dino_push_l2,mw-push,41015,3,init,-0.005256525652565256,0.0,0.0,100
dino_push_l2,mw-push,41015,3,final,0.08946894689468947,0.0,0.0,100
dino_push_l2,mw-push,41015,4,init,0.07197119711971196,0.0,0.0,100
dino_push_l2,mw-push,41015,4,final,-0.17525352535253522,0.0,0.0,100
dino_push_l2,mw-push,41015,5,init,0.0471047104710471,0.1,0.0,100
dino_push_l2,mw-push,41015,5,final,-0.11743174317431743,0.0,0.0,100
dino_push_l2,mw-push,41015,6,init,-0.023402340234023402,0.0,0.0,100
dino_push_l2,mw-push,41015,6,final,-0.015409540954095408,0.0,0.0,100
dino_push_enc_random_s0,mw-push,41000,0,init,0.47252325232523246,0.6,0.0,100
dino_push_enc_random_s0,mw-push,41000,0,final,-0.15954395439543953,0.0,0.09378194808959406,100
dino_push_enc_random_s0,mw-push,41000,1,init,0.01936993699369937,0.0,0.33575296401976984,100
dino_push_enc_random_s0,mw-push,41000,1,final,-0.6243144314431442,0.0,0.0,100
dino_push_enc_random_s0,mw-push,41000,2,init,-0.6682148214821482,0.0,0.0,100
dino_push_enc_random_s0,mw-push,41000,2,final,-0.4585178517851785,0.0,0.0,100
dino_push_enc_random_s0,mw-push,41000,3,init,0.3164116411641164,0.2,0.0,100
dino_push_enc_random_s0,mw-push,41000,3,final,-0.12846084608460845,0.0,0.0,100
dino_push_enc_random_s0,mw-push,41000,4,init,0.06576657665766576,0.0,0.0,100
dino_push_enc_random_s0,mw-push,41000,4,final,-0.027860869669701364,0.0,0.0,100
dino_push_enc_random_s0,mw-push,41000,5,init,-0.17714971497149712,0.0,0.0,100
dino_push_enc_random_s0,mw-push,41000,5,final,-0.24104410441044102,0.0,0.0,100
dino_push_enc_random_s0,mw-push,41000,6,init,-0.25926192619261923,0.0,0.0,100
dino_push_enc_random_s0,mw-push,41000,6,final,0.016945694569456944,0.0,0.0,100
dino_push_enc_random_s0,mw-push,41001,0,init,0.4822322232223222,0.2,0.0,100
dino_push_enc_random_s0,mw-push,41001,0,final,-0.11631563156315632,0.0,0.0,100
dino_push_enc_random_s0,mw-push,41001,1,init,-0.02382238223822382,0.0,0.0,100
dino_push_enc_random_s0,mw-push,41001,1,final,-0.7198079807980797,0.0,0.0,100
dino_push_enc_random_s0,mw-push,41001,2,init,-0.6459645964596459,0.0,0.0,100
dino_push_enc_random_s0,mw-push,41001,2,final,-0.18282628262826284,0.0,0.0,100
dino_push_enc_random_s0,mw-push,41001,3,init,0.7500030003000299,0.1,0.0,100
dino_push_enc_random_s0,mw-push,41001,3,final,-0.29995799579957994,0.0,0.0,100
dino_push_enc_random_s0,mw-push,41001,4,init,0.6393759375937592,0.4,0.0,100
dino_push_enc_random_s0,mw-push,41001,4,final,-0.017557755775577555,0.1,0.0,100
dino_push_enc_random_s0,mw-push,41001,5,init,0.4908130813081308,0.2,0.0,100
dino_push_enc_random_s0,mw-push,41001,5,final,0.01977797779777977,0.1,0.0,100
dino_push_enc_random_s0,mw-push,41001,6,init,0.14251425142514249,0.1,0.0,100
dino_push_enc_random_s0,mw-push,41001,6,final,0.17158115811581154,0.0,0.0,100
dino_push_enc_random_s0,mw-push,41002,0,init,0.4097449744974497,0.2,0.0,100
dino_push_enc_random_s0,mw-push,41002,0,final,-0.17350135013501347,0.2,0.0,100
dino_push_enc_random_s0,mw-push,41002,1,init,-0.1405100510051005,0.0,0.0,100
dino_push_enc_random_s0,mw-push,41002,1,final,-0.5288688868886888,0.0,0.0,100
dino_push_enc_random_s0,mw-push,41002,2,init,-0.6398919891989198,0.0,0.0,100
dino_push_enc_random_s0,mw-push,41002,2,final,-0.4742514251425143,0.0,0.0,100
dino_push_enc_random_s0,mw-push,41002,3,init,0.1463186318631863,0.1,0.0,100
dino_push_enc_random_s0,mw-push,41002,3,final,-0.05825382538253824,0.0,0.0,100
dino_push_enc_random_s0,mw-push,41002,4,init,0.7902190219021902,0.3,0.0,100
dino_push_enc_random_s0,mw-push,41002,4,final,0.08297629762976297,0.0,0.0,100
dino_push_enc_random_s0,mw-push,41002,5,init,0.8116291629162915,0.2,0.0,100
dino_push_enc_random_s0,mw-push,41002,5,final,0.010717071707170714,0.0,0.0,100
dino_push_enc_random_s0,mw-push,41002,6,init,-0.4081128112811281,0.0,0.0,100
dino_push_enc_random_s0,mw-push,41002,6,final,-0.19173117311731172,0.0,0.0,100
dino_push_enc_random_s0,mw-push,41003,0,init,0.5005940594059406,0.2,0.0,100
dino_push_enc_random_s0,mw-push,41003,0,final,-0.22774677467746773,0.0,0.0,100
dino_push_enc_random_s0,mw-push,41003,1,init,-0.16027602760276025,0.0,0.0,100
dino_push_enc_random_s0,mw-push,41003,1,final,-0.6879807980798079,0.0,0.0,100
dino_push_enc_random_s0,mw-push,41003,2,init,-0.5965436543654364,0.0,0.0,100
dino_push_enc_random_s0,mw-push,41003,2,final,-0.23506750675067503,0.0,0.0,100
dino_push_enc_random_s0,mw-push,41003,3,init,0.3034623462346234,0.0,0.0,100
dino_push_enc_random_s0,mw-push,41003,3,final,-0.16087608760876085,0.0,0.0,100
dino_push_enc_random_s0,mw-push,41003,4,init,-0.1591119111911191,0.0,0.0,100
dino_push_enc_random_s0,mw-push,41003,4,final,-0.40349234923492344,0.0,0.0,100
dino_push_enc_random_s0,mw-push,41003,5,init,-0.37899789978997894,0.0,0.0,100
dino_push_enc_random_s0,mw-push,41003,5,final,-0.1251125112511251,0.0,0.0,100
dino_push_enc_random_s0,mw-push,41003,6,init,-0.15791179117911788,0.1,0.0,100
dino_push_enc_random_s0,mw-push,41003,6,final,-0.21957395739573957,0.0,0.0,100
dino_push_enc_random_s0,mw-push,41004,0,init,0.11458745874587459,0.0,0.0,100
dino_push_enc_random_s0,mw-push,41004,0,final,-0.31254725472547246,0.0,0.0,100
dino_push_enc_random_s0,mw-push,41004,1,init,-0.4768676867686768,0.0,0.0,100
dino_push_enc_random_s0,mw-push,41004,1,final,-0.16328832883288327,0.0,0.0,100
dino_push_enc_random_s0,mw-push,41004,2,init,-0.4757275727572757,0.0,0.0,100
dino_push_enc_random_s0,mw-push,41004,2,final,-0.6253585358535853,0.0,0.0,100
dino_push_enc_random_s0,mw-push,41004,3,init,0.01657365736573657,0.0,0.0,100
dino_push_enc_random_s0,mw-push,41004,3,final,0.014161416141614161,0.0,0.0,100
dino_push_enc_random_s0,mw-push,41004,4,init,-0.08769276927692768,0.0,0.0,100
dino_push_enc_random_s0,mw-push,41004,4,final,-0.16573657365736572,0.0,0.0,100
dino_push_enc_random_s0,mw-push,41004,5,init,-0.19977197719771975,0.2,0.0,100
dino_push_enc_random_s0,mw-push,41004,5,final,-0.2774197419741974,0.0,0.0,100
dino_push_enc_random_s0,mw-push,41004,6,init,-0.06919891989198919,0.1,0.0,100
dino_push_enc_random_s0,mw-push,41004,6,final,-0.2825442544254425,0.0,0.0,100
dino_push_enc_random_s0,mw-push,41005,0,init,0.6477767776777678,0.6,0.0,100
dino_push_enc_random_s0,mw-push,41005,0,final,0.07005100510051004,0.1,0.0,100
dino_push_enc_random_s0,mw-push,41005,1,init,0.10523852385238522,0.1,0.0,100
dino_push_enc_random_s0,mw-push,41005,1,final,-0.6001920192019202,0.0,0.0,100
dino_push_enc_random_s0,mw-push,41005,2,init,-0.5254605460546055,0.0,0.0,100
dino_push_enc_random_s0,mw-push,41005,2,final,-0.14615061506150615,0.0,0.0,100
dino_push_enc_random_s0,mw-push,41005,3,init,0.11395139513951394,0.2,0.0,100
dino_push_enc_random_s0,mw-push,41005,3,final,0.021530153015301527,0.0,0.0,100
dino_push_enc_random_s0,mw-push,41005,4,init,0.4599339933993399,0.7,0.0,100
dino_push_enc_random_s0,mw-push,41005,4,final,0.1514311431143114,0.0,0.0,100
dino_push_enc_random_s0,mw-push,41005,5,init,0.7151875187518751,0.5,0.0,100
dino_push_enc_random_s0,mw-push,41005,5,final,0.14945094509450943,0.0,0.0,100
dino_push_enc_random_s0,mw-push,41005,6,init,0.6838043804380437,0.0,0.0,100
dino_push_enc_random_s0,mw-push,41005,6,final,0.17378937893789378,0.0,0.0,100
dino_push_enc_random_s0,mw-push,41006,0,init,0.8389318931893188,0.6,0.0,100
dino_push_enc_random_s0,mw-push,41006,0,final,0.3731893189318931,0.3,0.0,100
dino_push_enc_random_s0,mw-push,41006,1,init,0.5998799879987998,0.2,0.7033929228782598,100
dino_push_enc_random_s0,mw-push,41006,1,final,-0.03599159915991599,0.0,0.9145721793174799,100
dino_push_enc_random_s0,mw-push,41006,2,init,-0.23437143714371433,0.0,8.192048221826559,100
dino_push_enc_random_s0,mw-push,41006,2,final,-0.3247044704470447,0.0,0.0,100
dino_push_enc_random_s0,mw-push,41006,3,init,-0.06537053705370537,0.0,0.0,100
dino_push_enc_random_s0,mw-push,41006,3,final,-0.18197419741974194,0.0,0.0,100
dino_push_enc_random_s0,mw-push,41006,4,init,-0.28012001200120007,0.0,0.0,100
dino_push_enc_random_s0,mw-push,41006,4,final,-0.040864086408640865,0.0,0.0,100
dino_push_enc_random_s0,mw-push,41006,5,init,-0.24805280528052803,0.0,0.0,100
dino_push_enc_random_s0,mw-push,41006,5,final,-0.014953495349534952,0.0,0.0,100
dino_push_enc_random_s0,mw-push,41006,6,init,0.05466546654665466,0.0,0.0,100
dino_push_enc_random_s0,mw-push,41006,6,final,0.05039303930393039,0.0,0.0,100
dino_push_enc_random_s0,mw-push,41007,0,init,0.4035523552355235,0.4,0.0,100
dino_push_enc_random_s0,mw-push,41007,0,final,-0.37909390939093907,0.0,0.0,100
dino_push_enc_random_s0,mw-push,41007,1,init,-0.33468946894689466,0.1,0.0,100
dino_push_enc_random_s0,mw-push,41007,1,final,-0.5105070507050704,0.0,0.0,100
dino_push_enc_random_s0,mw-push,41007,2,init,-0.5700210021002099,0.0,0.0,100
dino_push_enc_random_s0,mw-push,41007,2,final,-0.08440444044404438,0.0,0.0,100
dino_push_enc_random_s0,mw-push,41007,3,init,0.6365796579657965,0.4,0.0,100
dino_push_enc_random_s0,mw-push,41007,3,final,0.08814881488148814,0.0,0.0,100
dino_push_enc_random_s0,mw-push,41007,4,init,0.8597539753975396,0.7,0.0,100
dino_push_enc_random_s0,mw-push,41007,4,final,0.16048004800480045,0.0,0.0,100
dino_push_enc_random_s0,mw-push,41007,5,init,0.50004200420042,0.0,0.0,100
dino_push_enc_random_s0,mw-push,41007,5,final,0.18616261626162614,0.0,0.0,100
dino_push_enc_random_s0,mw-push,41007,6,init,-0.1877467746774677,0.0,0.0,100
dino_push_enc_random_s0,mw-push,41007,6,final,-0.07569156915691569,0.0,0.0,100
dino_push_enc_random_s0,mw-push,41008,0,init,0.617137713771377,0.6,0.0,100
dino_push_enc_random_s0,mw-push,41008,0,final,-0.22589858985898587,0.1,0.6220132112503107,100
dino_push_enc_random_s0,mw-push,41008,1,init,-0.003000300030003,0.0,1.3674527406692505,100
dino_push_enc_random_s0,mw-push,41008,1,final,-0.9290129012901289,0.0,0.0,100
dino_push_enc_random_s0,mw-push,41008,2,init,-0.6876327632763275,0.0,0.0004559755325317383,100
dino_push_enc_random_s0,mw-push,41008,2,final,-0.5155835583558356,0.0,0.0,100
dino_push_enc_random_s0,mw-push,41008,3,init,-0.09094509450945093,0.0,0.0,100
dino_push_enc_random_s0,mw-push,41008,3,final,-0.046960696069606955,0.0,0.0,100
dino_push_enc_random_s0,mw-push,41008,4,init,0.18790279027902787,0.1,0.0,100
dino_push_enc_random_s0,mw-push,41008,4,final,-0.016765676567656762,0.0,0.0,100
dino_push_enc_random_s0,mw-push,41008,5,init,-0.27096309630963095,0.0,0.0,100
dino_push_enc_random_s0,mw-push,41008,5,final,-0.058037803780378025,0.0,0.0,100
dino_push_enc_random_s0,mw-push,41008,6,init,-0.5878787878787878,0.0,0.0,100
dino_push_enc_random_s0,mw-push,41008,6,final,-0.16404440444044402,0.2,0.0,100
dino_push_enc_random_s0,mw-push,41009,0,init,0.07846384638463846,0.2,0.0,100
dino_push_enc_random_s0,mw-push,41009,0,final,-0.4507890789078908,0.0,0.0,100
dino_push_enc_random_s0,mw-push,41009,1,init,-0.23312331233123307,0.0,0.0,100
dino_push_enc_random_s0,mw-push,41009,1,final,-0.49448544854485443,0.0,0.0,100
dino_push_enc_random_s0,mw-push,41009,2,init,-0.7160876087608761,0.0,0.0,100
dino_push_enc_random_s0,mw-push,41009,2,final,-0.033675367536753674,0.0,0.0,100
dino_push_enc_random_s0,mw-push,41009,3,init,0.1134113411341134,0.0,0.0,100
dino_push_enc_random_s0,mw-push,41009,3,final,-0.00414041404140414,0.0,0.0,100
dino_push_enc_random_s0,mw-push,41009,4,init,-0.025250525052505246,0.0,0.0,100
dino_push_enc_random_s0,mw-push,41009,4,final,-0.21420942094209416,0.0,0.0,100
dino_push_enc_random_s0,mw-push,41009,5,init,-0.42708670867086707,0.0,0.0,100
dino_push_enc_random_s0,mw-push,41009,5,final,-0.18847884788478847,0.0,0.0,100
dino_push_enc_random_s0,mw-push,41009,6,init,-0.5797539753975397,0.0,0.0,100
dino_push_enc_random_s0,mw-push,41009,6,final,-0.21436543654365434,0.0,0.0,100
dino_push_enc_random_s0,mw-push,41010,0,init,0.42779477947794775,0.0,0.0,100
dino_push_enc_random_s0,mw-push,41010,0,final,-0.19660366036603658,0.0,0.0,100
dino_push_enc_random_s0,mw-push,41010,1,init,-0.16946894689468947,0.1,0.0,100
dino_push_enc_random_s0,mw-push,41010,1,final,-0.6377797779777976,0.0,0.0,100
dino_push_enc_random_s0,mw-push,41010,2,init,-0.5114071407140713,0.0,0.0,100
dino_push_enc_random_s0,mw-push,41010,2,final,-0.019261926192619263,0.0,0.0,100
dino_push_enc_random_s0,mw-push,41010,3,init,-0.036855685568556854,0.0,0.0,100
dino_push_enc_random_s0,mw-push,41010,3,final,-0.2026042604260426,0.1,0.0,100
dino_push_enc_random_s0,mw-push,41010,4,init,0.3933873387338733,0.3,0.0,100
dino_push_enc_random_s0,mw-push,41010,4,final,-0.03443144314431443,0.0,0.0,100
dino_push_enc_random_s0,mw-push,41010,5,init,0.39299129912991293,0.1,0.0,100
dino_push_enc_random_s0,mw-push,41010,5,final,0.10393039303930393,0.0,0.0,100
dino_push_enc_random_s0,mw-push,41010,6,init,0.8210021002100208,0.3,0.0,100
dino_push_enc_random_s0,mw-push,41010,6,final,-0.16416441644164412,0.0,0.0,100
dino_push_enc_random_s0,mw-push,41011,0,init,0.4754875487548754,0.2,0.0,100
dino_push_enc_random_s0,mw-push,41011,0,final,-0.14091809180918088,0.0,0.0,100
dino_push_enc_random_s0,mw-push,41011,1,init,0.13216921692169215,0.0,1.4670416712760899,100
dino_push_enc_random_s0,mw-push,41011,1,final,-0.9233123312331233,0.0,0.0,100
dino_push_enc_random_s0,mw-push,41011,2,init,-0.752091209120912,0.0,0.0,100
dino_push_enc_random_s0,mw-push,41011,2,final,-0.15002700270027,0.0,0.0,100
dino_push_enc_random_s0,mw-push,41011,3,init,-0.0705070507050705,0.0,0.0,100
dino_push_enc_random_s0,mw-push,41011,3,final,-0.22581458145814579,0.0,0.0,100
dino_push_enc_random_s0,mw-push,41011,4,init,-0.23927992799279924,0.0,0.0,100
dino_push_enc_random_s0,mw-push,41011,4,final,-0.29929792979297926,0.0,0.0,100
dino_push_enc_random_s0,mw-push,41011,5,init,-0.11360336033603359,0.0,0.0,100
dino_push_enc_random_s0,mw-push,41011,5,final,-0.27179117911791173,0.0,0.0,100
dino_push_enc_random_s0,mw-push,41011,6,init,-0.07108310831083108,0.0,0.0,100
dino_push_enc_random_s0,mw-push,41011,6,final,-0.26636663666366633,0.0,0.0,100
dino_push_enc_random_s0,mw-push,41012,0,init,0.7213681368136814,0.6,0.0,100
dino_push_enc_random_s0,mw-push,41012,0,final,0.07677167716771677,0.1,0.03382265567780096,100
dino_push_enc_random_s0,mw-push,41012,1,init,0.4407800780078007,0.3,0.43402314186095914,100
dino_push_enc_random_s0,mw-push,41012,1,final,-0.7454305430543053,0.0,0.009639561176300049,100
dino_push_enc_random_s0,mw-push,41012,2,init,-0.3537233723372337,0.0,0.0,100
dino_push_enc_random_s0,mw-push,41012,2,final,-0.2595019501950195,0.0,0.0,100
dino_push_enc_random_s0,mw-push,41012,3,init,0.0967176717671767,0.0,0.0,100
dino_push_enc_random_s0,mw-push,41012,3,final,-0.176045604560456,0.0,0.0,100
dino_push_enc_random_s0,mw-push,41012,4,init,0.13050105010501048,0.0,0.0,100
dino_push_enc_random_s0,mw-push,41012,4,final,-0.27739573957395736,0.0,0.0,100
dino_push_enc_random_s0,mw-push,41012,5,init,-0.2204260426042604,0.0,0.0,100
dino_push_enc_random_s0,mw-push,41012,5,final,-0.195031503150315,0.0,0.0,100
dino_push_enc_random_s0,mw-push,41012,6,init,-0.3513111311131113,0.0,0.0,100
dino_push_enc_random_s0,mw-push,41012,6,final,0.12145214521452144,0.1,0.0,100
dino_push_enc_random_s0,mw-push,41013,0,init,0.5111791179117912,0.5,0.0,100
dino_push_enc_random_s0,mw-push,41013,0,final,-0.2961536153615361,0.2,0.0,100
dino_push_enc_random_s0,mw-push,41013,1,init,-0.2796759675967596,0.0,0.0,100
dino_push_enc_random_s0,mw-push,41013,1,final,-0.7345934593459345,0.0,0.0,100
dino_push_enc_random_s0,mw-push,41013,2,init,-0.4725952595259525,0.0,0.0,100
dino_push_enc_random_s0,mw-push,41013,2,final,-0.2223342334233423,0.0,0.0,100
dino_push_enc_random_s0,mw-push,41013,3,init,-0.026282628262826284,0.0,0.0,100
dino_push_enc_random_s0,mw-push,41013,3,final,0.09327332733273326,0.1,0.0,100
dino_push_enc_random_s0,mw-push,41013,4,init,0.5615241524152415,0.5,0.0,100
dino_push_enc_random_s0,mw-push,41013,4,final,0.06417041704170416,0.0,0.0,100
dino_push_enc_random_s0,mw-push,41013,5,init,0.24703270327032703,0.0,0.0,100
dino_push_enc_random_s0,mw-push,41013,5,final,0.0834083408340834,0.0,0.0,100
dino_push_enc_random_s0,mw-push,41013,6,init,0.8602820282028202,0.3,0.0,100
dino_push_enc_random_s0,mw-push,41013,6,final,-0.14004200420042004,0.0,0.0,100
dino_push_enc_random_s0,mw-push,41014,0,init,0.3596759675967596,0.3,0.0,100
dino_push_enc_random_s0,mw-push,41014,0,final,-0.11475547554755473,0.0,0.0,100
dino_push_enc_random_s0,mw-push,41014,1,init,-0.18660666066606657,0.0,0.08051842451096136,100
dino_push_enc_random_s0,mw-push,41014,1,final,-0.8167416741674167,0.0,0.0,100
dino_push_enc_random_s0,mw-push,41014,2,init,-0.6696549654965497,0.0,0.0,100
dino_push_enc_random_s0,mw-push,41014,2,final,-0.7008940894089408,0.0,0.0,100
dino_push_enc_random_s0,mw-push,41014,3,init,-0.26118211821182113,0.0,0.0,100
dino_push_enc_random_s0,mw-push,41014,3,final,-0.05262526252625262,0.0,0.0,100
dino_push_enc_random_s0,mw-push,41014,4,init,0.34341434143414334,0.1,0.0,100
dino_push_enc_random_s0,mw-push,41014,4,final,-0.062046204620462043,0.0,0.0,100
dino_push_enc_random_s0,mw-push,41014,5,init,0.40546054605460535,0.0,0.0,100
dino_push_enc_random_s0,mw-push,41014,5,final,0.1552115211521152,0.0,0.0,100
dino_push_enc_random_s0,mw-push,41014,6,init,0.7816501650165015,0.4,0.0,100
dino_push_enc_random_s0,mw-push,41014,6,final,0.1611041104110411,0.0,0.0,100
dino_push_enc_random_s0,mw-push,41015,0,init,0.13124512451245124,0.2,0.0,100
dino_push_enc_random_s0,mw-push,41015,0,final,-0.20008400840084006,0.0,0.0,100
dino_push_enc_random_s0,mw-push,41015,1,init,-0.4507890789078908,0.0,0.0,100
dino_push_enc_random_s0,mw-push,41015,1,final,0.08418841884188417,0.0,0.0,100
dino_push_enc_random_s0,mw-push,41015,2,init,-0.6500330033003301,0.0,0.0,100
dino_push_enc_random_s0,mw-push,41015,2,final,-0.1191119111911191,0.0,0.0,100
dino_push_enc_random_s0,mw-push,41015,3,init,0.3283768376837683,0.0,0.0,100
dino_push_enc_random_s0,mw-push,41015,3,final,-0.04602460246024603,0.0,0.0,100
dino_push_enc_random_s0,mw-push,41015,4,init,-0.1469186918691869,0.0,0.0,100
dino_push_enc_random_s0,mw-push,41015,4,final,0.03530753075307531,0.0,0.0,100
dino_push_enc_random_s0,mw-push,41015,5,init,0.25999399939993995,0.0,0.0,100
dino_push_enc_random_s0,mw-push,41015,5,final,-0.019585958595859584,0.0,0.0,100
dino_push_enc_random_s0,mw-push,41015,6,init,0.2448124812481248,0.0,0.0,100
dino_push_enc_random_s0,mw-push,41015,6,final,-0.19966396639663964,0.0,0.0,100
dino_push_enc_random_s1,mw-push,41000,0,init,0.10985898589858985,0.5,0.0,100
dino_push_enc_random_s1,mw-push,41000,0,final,-0.06365436543654365,0.0,0.0,100
dino_push_enc_random_s1,mw-push,41000,1,init,0.17050105010501046,0.1,0.0,100
dino_push_enc_random_s1,mw-push,41000,1,final,-0.04682868286828682,0.0,0.0,100
dino_push_enc_random_s1,mw-push,41000,2,init,0.0368076807680768,0.1,0.0,100
dino_push_enc_random_s1,mw-push,41000,2,final,0.010513051305130512,0.0,0.0,100
dino_push_enc_random_s1,mw-push,41000,3,init,0.031383138313831375,0.0,0.0,100
dino_push_enc_random_s1,mw-push,41000,3,final,0.10760276027602758,0.1,0.0,100
dino_push_enc_random_s1,mw-push,41000,4,init,0.15024302430243022,0.1,0.0,100
dino_push_enc_random_s1,mw-push,41000,4,final,-0.1763096309630963,0.0,0.0,100
dino_push_enc_random_s1,mw-push,41000,5,init,0.1266006600660066,0.0,0.0,100
dino_push_enc_random_s1,mw-push,41000,5,final,0.16667266726672664,0.2,0.0,100
dino_push_enc_random_s1,mw-push,41000,6,init,0.30795079507950796,0.2,0.0,100
dino_push_enc_random_s1,mw-push,41000,6,final,0.08766876687668766,0.1,0.0,100
dino_push_enc_random_s1,mw-push,41001,0,init,-0.032259225922592255,0.2,0.0,100
dino_push_enc_random_s1,mw-push,41001,0,final,-0.29789378937893785,0.0,0.0,100
dino_push_enc_random_s1,mw-push,41001,1,init,-0.06759075907590759,0.0,0.0,100
dino_push_enc_random_s1,mw-push,41001,1,final,-0.036699669966996695,0.0,0.0,100
dino_push_enc_random_s1,mw-push,41001,2,init,0.028298829882988295,0.0,0.0,100
dino_push_enc_random_s1,mw-push,41001,2,final,-0.3233723372337234,0.0,0.0,100
dino_push_enc_random_s1,mw-push,41001,3,init,0.01608160816081608,0.0,0.0,100
dino_push_enc_random_s1,mw-push,41001,3,final,-0.3189318931893189,0.0,0.0,100
dino_push_enc_random_s1,mw-push,41001,4,init,0.07057905790579058,0.2,0.0,100
dino_push_enc_random_s1,mw-push,41001,4,final,-0.042940294029402935,0.1,0.0,100
dino_push_enc_random_s1,mw-push,41001,5,init,-0.08272427242724271,0.1,0.0,100
dino_push_enc_random_s1,mw-push,41001,5,final,-0.32580858085808573,0.0,0.0,100
dino_push_enc_random_s1,mw-push,41001,6,init,-0.1412061206120612,0.0,0.0,100
dino_push_enc_random_s1,mw-push,41001,6,final,-0.08166816681668165,0.0,0.0,100
dino_push_enc_random_s1,mw-push,41002,0,init,-0.4231983198319832,0.1,0.0,100
dino_push_enc_random_s1,mw-push,41002,0,final,-0.2131413141314131,0.0,0.0,100
dino_push_enc_random_s1,mw-push,41002,1,init,-0.3341614161416141,0.1,0.5084961652755737,100
dino_push_enc_random_s1,mw-push,41002,1,final,-0.06809480948094808,0.0,0.0,100
dino_push_enc_random_s1,mw-push,41002,2,init,-0.5933513351335133,0.0,0.0,100
dino_push_enc_random_s1,mw-push,41002,2,final,-0.3302490249024902,0.0,0.0,100
dino_push_enc_random_s1,mw-push,41002,3,init,-0.5793819381938193,0.0,0.0,100
dino_push_enc_random_s1,mw-push,41002,3,final,-0.15923192319231919,0.0,0.0,100
dino_push_enc_random_s1,mw-push,41002,4,init,-0.3467986798679868,0.0,0.0,100
dino_push_enc_random_s1,mw-push,41002,4,final,0.5117191719171916,0.0,0.0,100
dino_push_enc_random_s1,mw-push,41002,5,init,0.12678067806780677,0.0,0.0,100
dino_push_enc_random_s1,mw-push,41002,5,final,-0.031203120312031204,0.0,0.0,100
dino_push_enc_random_s1,mw-push,41002,6,init,0.6522652265226523,0.0,0.0,100
dino_push_enc_random_s1,mw-push,41002,6,final,0.46630663066306627,0.0,0.0,100
dino_push_enc_random_s1,mw-push,41003,0,init,0.06915091509150914,0.3,0.0,100
dino_push_enc_random_s1,mw-push,41003,0,final,-0.30995499549954986,0.0,0.0,100
dino_push_enc_random_s1,mw-push,41003,1,init,0.031047104710471046,0.1,0.0,100
dino_push_enc_random_s1,mw-push,41003,1,final,-0.013789378937893787,0.2,0.0,100
dino_push_enc_random_s1,mw-push,41003,2,init,0.042400240024002396,0.0,0.0,100
dino_push_enc_random_s1,mw-push,41003,2,final,0.1939393939393939,0.0,0.0,100
dino_push_enc_random_s1,mw-push,41003,3,init,0.2985778577857785,0.0,0.0,100
dino_push_enc_random_s1,mw-push,41003,3,final,0.15432343234323428,0.2,0.0,100
dino_push_enc_random_s1,mw-push,41003,4,init,-0.16585658565856587,0.0,0.0,100
dino_push_enc_random_s1,mw-push,41003,4,final,-0.01977797779777977,0.0,0.0,100
dino_push_enc_random_s1,mw-push,41003,5,init,0.1778097809780978,0.0,0.0,100
dino_push_enc_random_s1,mw-push,41003,5,final,0.2665346534653465,0.0,0.0,100
dino_push_enc_random_s1,mw-push,41003,6,init,0.026714671467146713,0.0,0.0,100
dino_push_enc_random_s1,mw-push,41003,6,final,-0.014377437743774377,0.0,0.0,100
dino_push_enc_random_s1,mw-push,41004,0,init,-0.06882688268826882,0.1,0.0,100
dino_push_enc_random_s1,mw-push,41004,0,final,0.1482388238823882,0.0,0.0,100
dino_push_enc_random_s1,mw-push,41004,1,init,0.0333993399339934,0.1,0.0,100
dino_push_enc_random_s1,mw-push,41004,1,final,-0.044968496849684965,0.0,0.0,100
dino_push_enc_random_s1,mw-push,41004,2,init,-0.06351035103510351,0.1,0.0,100
dino_push_enc_random_s1,mw-push,41004,2,final,-0.15924392439243923,0.0,0.0,100
dino_push_enc_random_s1,mw-push,41004,3,init,-0.05309330933093309,0.0,0.0,100
dino_push_enc_random_s1,mw-push,41004,3,final,-0.120996099609961,0.0,0.0,100
dino_push_enc_random_s1,mw-push,41004,4,init,-0.08856885688568855,0.0,0.0,100
dino_push_enc_random_s1,mw-push,41004,4,final,-0.06196219621962196,0.0,0.0,100
dino_push_enc_random_s1,mw-push,41004,5,init,0.011449144914491447,0.3,0.0,100
dino_push_enc_random_s1,mw-push,41004,5,final,0.011869186918691868,0.0,0.0,100
dino_push_enc_random_s1,mw-push,41004,6,init,0.039111911191119106,0.1,0.0,100
dino_push_enc_random_s1,mw-push,41004,6,final,0.044284428442844276,0.0,0.0,100
dino_push_enc_random_s1,mw-push,41005,0,init,-0.6342274227422742,0.0,0.0,100
dino_push_enc_random_s1,mw-push,41005,0,final,-0.38299429942994295,0.0,0.0,100
dino_push_enc_random_s1,mw-push,41005,1,init,-0.3511071107110711,0.0,0.0,100
dino_push_enc_random_s1,mw-push,41005,1,final,-0.22438643864386437,0.0,0.0,100
dino_push_enc_random_s1,mw-push,41005,2,init,-0.401032103210321,0.1,0.0,100
dino_push_enc_random_s1,mw-push,41005,2,final,-0.19954395439543954,0.0,0.0,100
dino_push_enc_random_s1,mw-push,41005,3,init,-0.4084608460846084,0.2,0.0,100
dino_push_enc_random_s1,mw-push,41005,3,final,-0.352979297929793,0.0,0.0,100
dino_push_enc_random_s1,mw-push,41005,4,init,-0.4424602460246024,0.3,0.12674331665039895,100
dino_push_enc_random_s1,mw-push,41005,4,final,-0.44032403240324025,0.0,0.0,100
dino_push_enc_random_s1,mw-push,41005,5,init,-0.4706990699069906,0.1,0.0,100
dino_push_enc_random_s1,mw-push,41005,5,final,-0.24486048604860483,0.0,0.0,100
dino_push_enc_random_s1,mw-push,41005,6,init,-0.495013501350135,0.0,0.0,100
dino_push_enc_random_s1,mw-push,41005,6,final,-0.15333933393339333,0.0,0.0,100
dino_push_enc_random_s1,mw-push,41006,0,init,-0.8368916891689169,0.0,0.0,100
dino_push_enc_random_s1,mw-push,41006,0,final,0.1152115211521152,0.2,0.0,100
dino_push_enc_random_s1,mw-push,41006,1,init,-0.6607740774077407,0.0,0.0,100
dino_push_enc_random_s1,mw-push,41006,1,final,-0.46528652865286524,0.0,0.0,100
dino_push_enc_random_s1,mw-push,41006,2,init,-0.6976177617761775,0.0,0.0,100
dino_push_enc_random_s1,mw-push,41006,2,final,0.2757275727572757,0.0,0.0,100
dino_push_enc_random_s1,mw-push,41006,3,init,-0.346042604260426,0.0,0.0,100
dino_push_enc_random_s1,mw-push,41006,3,final,0.39011101110111,0.1,0.0,100
dino_push_enc_random_s1,mw-push,41006,4,init,0.046660666066606654,0.0,0.0,100
dino_push_enc_random_s1,mw-push,41006,4,final,0.3116471647164716,0.0,0.0,100
dino_push_enc_random_s1,mw-push,41006,5,init,0.07198319831983198,0.0,0.0,100
dino_push_enc_random_s1,mw-push,41006,5,final,0.3158595859585958,0.0,0.0,100
dino_push_enc_random_s1,mw-push,41006,6,init,0.4054245424542454,0.1,0.0,100
dino_push_enc_random_s1,mw-push,41006,6,final,0.1186918691869187,0.0,0.0,100
dino_push_enc_random_s1,mw-push,41007,0,init,-0.08831683168316831,0.3,0.0,100
dino_push_enc_random_s1,mw-push,41007,0,final,0.14847884788478846,0.4,0.056298077106478606,100
dino_push_enc_random_s1,mw-push,41007,1,init,0.29134113411341134,0.3,0.0,100
dino_push_enc_random_s1,mw-push,41007,1,final,-0.22676267626762675,0.0,0.0,100
dino_push_enc_random_s1,mw-push,41007,2,init,0.1537953795379538,0.2,0.0,100
dino_push_enc_random_s1,mw-push,41007,2,final,-0.16210021002100208,0.0,0.0,100
dino_push_enc_random_s1,mw-push,41007,3,init,-0.15221122112211216,0.0,0.0,100
dino_push_enc_random_s1,mw-push,41007,3,final,0.049648964896489636,0.0,0.0,100
dino_push_enc_random_s1,mw-push,41007,4,init,-0.29248124812481247,0.0,0.0,100
dino_push_enc_random_s1,mw-push,41007,4,final,-0.2400960096009601,0.1,0.0,100
dino_push_enc_random_s1,mw-push,41007,5,init,-0.15049504950495046,0.0,0.0,100
dino_push_enc_random_s1,mw-push,41007,5,final,-0.29762976297629756,0.0,0.0,100
dino_push_enc_random_s1,mw-push,41007,6,init,-0.1756975697569757,0.0,0.0,100
dino_push_enc_random_s1,mw-push,41007,6,final,0.2407320732073207,0.1,0.0,100
dino_push_enc_random_s1,mw-push,41008,0,init,0.3256525652565256,0.5,0.0,100
dino_push_enc_random_s1,mw-push,41008,0,final,0.07266726672667266,0.1,0.0,100
dino_push_enc_random_s1,mw-push,41008,1,init,0.4237143714371437,0.2,0.0,100
dino_push_enc_random_s1,mw-push,41008,1,final,-0.1295049504950495,0.0,0.0,100
dino_push_enc_random_s1,mw-push,41008,2,init,-0.11813981398139813,0.0,1.7699480056762695,100
dino_push_enc_random_s1,mw-push,41008,2,final,0.1964236423642364,0.0,0.9931743144989014,100
dino_push_enc_random_s1,mw-push,41008,3,init,-0.26897089708970895,0.0,1.0639727115631104,100
dino_push_enc_random_s1,mw-push,41008,3,final,-0.1247164716471647,0.0,0.0,100
dino_push_enc_random_s1,mw-push,41008,4,init,0.010429042904290427,0.0,2.210986614227295,100
dino_push_enc_random_s1,mw-push,41008,4,final,-0.05299729972997299,0.1,0.0,100
dino_push_enc_random_s1,mw-push,41008,5,init,-0.1878187818781878,0.0,0.18991827964782715,100
dino_push_enc_random_s1,mw-push,41008,5,final,-0.005256525652565256,0.1,0.0,100
dino_push_enc_random_s1,mw-push,41008,6,init,0.21638163816381634,0.0,0.0,100
dino_push_enc_random_s1,mw-push,41008,6,final,0.2311191119111911,0.0,0.0,100
dino_push_enc_random_s1,mw-push,41009,0,init,0.2640864086408641,0.3,0.0,100
dino_push_enc_random_s1,mw-push,41009,0,final,0.13129312931293127,0.2,0.0,100
dino_push_enc_random_s1,mw-push,41009,1,init,0.056165616561656154,0.0,0.0,100
dino_push_enc_random_s1,mw-push,41009,1,final,0.23419141914191416,0.1,0.0,100
dino_push_enc_random_s1,mw-push,41009,2,init,0.3086588658865886,0.2,0.0,100
dino_push_enc_random_s1,mw-push,41009,2,final,0.11945994599459946,0.1,0.0,100
dino_push_enc_random_s1,mw-push,41009,3,init,0.04914491449144914,0.2,0.0,100
dino_push_enc_random_s1,mw-push,41009,3,final,0.09416141614161415,0.2,0.0,100
dino_push_enc_random_s1,mw-push,41009,4,init,-0.05155715571557155,0.1,0.0,100
dino_push_enc_random_s1,mw-push,41009,4,final,0.030339033903390336,0.1,0.0,100
dino_push_enc_random_s1,mw-push,41009,5,init,0.18905490549054904,0.4,0.018680095672612973,100
dino_push_enc_random_s1,mw-push,41009,5,final,0.05800180018001799,0.1,0.0,100
dino_push_enc_random_s1,mw-push,41009,6,init,-0.156039603960396,0.2,0.0,100
dino_push_enc_random_s1,mw-push,41009,6,final,0.061014101410141006,0.0,0.0,100
dino_push_enc_random_s1,mw-push,41010,0,init,0.1333093309330933,0.1,0.0,100
dino_push_enc_random_s1,mw-push,41010,0,final,-0.27925592559255924,0.0,0.0,100
dino_push_enc_random_s1,mw-push,41010,1,init,0.1571197119711971,0.2,0.0,100
dino_push_enc_random_s1,mw-push,41010,1,final,-0.2867566756675667,0.0,0.0,100
dino_push_enc_random_s1,mw-push,41010,2,init,0.020390039003900386,0.1,0.0,100
dino_push_enc_random_s1,mw-push,41010,2,final,-0.33371737173717364,0.0,0.0,100
dino_push_enc_random_s1,mw-push,41010,3,init,-0.20008400840084006,0.3,0.0,100
dino_push_enc_random_s1,mw-push,41010,3,final,-0.1145034503450345,0.1,0.0,100
dino_push_enc_random_s1,mw-push,41010,4,init,-0.022442244224422436,0.1,0.0,100
dino_push_enc_random_s1,mw-push,41010,4,final,-0.024302430243024302,0.0,0.0,100
dino_push_enc_random_s1,mw-push,41010,5,init,-0.13165316531653165,0.0,0.0,100
dino_push_enc_random_s1,mw-push,41010,5,final,-0.02317431743174317,0.0,0.0,100
dino_push_enc_random_s1,mw-push,41010,6,init,-0.03869186918691869,0.0,0.0,100
dino_push_enc_random_s1,mw-push,41010,6,final,-0.08246024602460245,0.1,0.0,100
dino_push_enc_random_s1,mw-push,41011,0,init,0.08858085808580857,0.0,0.0,100
dino_push_enc_random_s1,mw-push,41011,0,final,-0.22057005700570056,0.0,0.0,100
dino_push_enc_random_s1,mw-push,41011,1,init,0.18012601260126013,0.0,0.0,100
dino_push_enc_random_s1,mw-push,41011,1,final,0.04003600360036003,0.0,0.0,100
dino_push_enc_random_s1,mw-push,41011,2,init,0.15621962196219621,0.1,0.0,100
dino_push_enc_random_s1,mw-push,41011,2,final,-0.02613861386138614,0.0,0.0,100
dino_push_enc_random_s1,mw-push,41011,3,init,0.5384218421842184,0.3,0.0,100
dino_push_enc_random_s1,mw-push,41011,3,final,-0.22898289828982896,0.0,0.0,100
dino_push_enc_random_s1,mw-push,41011,4,init,0.21897389738973894,0.2,0.0,100
dino_push_enc_random_s1,mw-push,41011,4,final,0.19395139513951393,0.1,0.0,100
dino_push_enc_random_s1,mw-push,41011,5,init,0.27889588958895883,0.1,0.0,100
dino_push_enc_random_s1,mw-push,41011,5,final,0.252061206120612,0.0,0.0,100
dino_push_enc_random_s1,mw-push,41011,6,init,0.3163036303630362,0.0,0.0,100
dino_push_enc_random_s1,mw-push,41011,6,final,0.027506750675067502,0.1,0.0,100
dino_push_enc_random_s1,mw-push,41012,0,init,0.3555475547554755,0.7,0.0,100
dino_push_enc_random_s1,mw-push,41012,0,final,-0.0045244524452445235,0.0,0.0,100
dino_push_enc_random_s1,mw-push,41012,1,init,0.2601140114011401,0.0,0.0,100
dino_push_enc_random_s1,mw-push,41012,1,final,-0.03625562556255625,0.0,0.0,100
dino_push_enc_random_s1,mw-push,41012,2,init,-0.005568556855685567,0.0,0.0,100
dino_push_enc_random_s1,mw-push,41012,2,final,0.16536453645364535,0.0,0.0,100
dino_push_enc_random_s1,mw-push,41012,3,init,-0.10738673867386739,0.0,0.0,100
dino_push_enc_random_s1,mw-push,41012,3,final,-0.024974497449744972,0.0,0.4023522138595498,100
dino_push_enc_random_s1,mw-push,41012,4,init,0.2576057605760576,0.0,1.6713798046112116,100
dino_push_enc_random_s1,mw-push,41012,4,final,0.026726672667266724,0.0,0.0,100
dino_push_enc_random_s1,mw-push,41012,5,init,0.37776177617761775,0.0,0.0,100
dino_push_enc_random_s1,mw-push,41012,5,final,-0.06759075907590759,0.0,0.0,100
dino_push_enc_random_s1,mw-push,41012,6,init,0.36849684968496843,0.0,0.0,100
dino_push_enc_random_s1,mw-push,41012,6,final,0.04171617161716171,0.0,0.0,100
dino_push_enc_random_s1,mw-push,41013,0,init,-0.3335613561356135,0.2,0.0,100
dino_push_enc_random_s1,mw-push,41013,0,final,-0.3868586858685868,0.0,0.0,100
dino_push_enc_random_s1,mw-push,41013,1,init,-0.28558055805580557,0.2,0.019466876983650905,100
dino_push_enc_random_s1,mw-push,41013,1,final,-0.4361609245771943,0.0,0.0,100
dino_push_enc_random_s1,mw-push,41013,2,init,-0.19434743474347435,0.0,1.7990022897720281,100
dino_push_enc_random_s1,mw-push,41013,2,final,-0.2753915391539154,0.0,0.1510828733444186,100
dino_push_enc_random_s1,mw-push,41013,3,init,-0.4222022202220222,0.0,0.9720116853713989,100
dino_push_enc_random_s1,mw-push,41013,3,final,-0.2126252625262526,0.0,0.0,100
dino_push_enc_random_s1,mw-push,41013,4,init,-0.1268046804680468,0.1,0.0,100
dino_push_enc_random_s1,mw-push,41013,4,final,-0.2145334533453345,0.0,0.0,100
dino_push_enc_random_s1,mw-push,41013,5,init,-0.42232223222322224,0.0,3.2663136720657295,100
dino_push_enc_random_s1,mw-push,41013,5,final,-0.09130513051305131,0.0,0.0,100
dino_push_enc_random_s1,mw-push,41013,6,init,-0.2819201920192019,0.0,0.0,100
dino_push_enc_random_s1,mw-push,41013,6,final,0.004836483648364837,0.0,0.0,100
dino_push_enc_random_s1,mw-push,41014,0,init,-0.02425442544254425,0.4,0.0,100
dino_push_enc_random_s1,mw-push,41014,0,final,-0.42515451545154515,0.0,0.0,100
dino_push_enc_random_s1,mw-push,41014,1,init,-0.07462346234623461,0.3,0.5888342857360923,100
dino_push_enc_random_s1,mw-push,41014,1,final,-0.26108610861086107,0.0,0.013896822929382324,100
dino_push_enc_random_s1,mw-push,41014,2,init,-0.26923492349234923,0.1,0.4186540842056302,100
dino_push_enc_random_s1,mw-push,41014,2,final,-0.3780978097809781,0.0,0.05344897508621216,100
dino_push_enc_random_s1,mw-push,41014,3,init,-0.06468646864686468,0.0,2.5753617286682213,100
dino_push_enc_random_s1,mw-push,41014,3,final,-0.4593339333933392,0.0,0.02663731575012207,100
dino_push_enc_random_s1,mw-push,41014,4,init,-0.09416141614161415,0.0,1.91277414560318,100
dino_push_enc_random_s1,mw-push,41014,4,final,-0.7369816981698168,0.0,0.0,100
dino_push_enc_random_s1,mw-push,41014,5,init,-0.7528712871287128,0.0,0.0,100
dino_push_enc_random_s1,mw-push,41014,5,final,0.33744974497449737,0.0,0.0,100
dino_push_enc_random_s1,mw-push,41014,6,init,-0.517059705970597,0.0,0.0,100
dino_push_enc_random_s1,mw-push,41014,6,final,0.46681068106810675,0.0,0.0,100
dino_push_enc_random_s1,mw-push,41015,0,init,0.19297929792979296,0.0,0.0,100
dino_push_enc_random_s1,mw-push,41015,0,final,0.09945394539453944,0.1,0.0,100
dino_push_enc_random_s1,mw-push,41015,1,init,0.1552115211521152,0.1,0.0,100
dino_push_enc_random_s1,mw-push,41015,1,final,0.12298829882988298,0.0,0.0,100
dino_push_enc_random_s1,mw-push,41015,2,init,0.050753075307530746,0.2,0.0,100
dino_push_enc_random_s1,mw-push,41015,2,final,0.04482448244824482,0.0,0.0,100
dino_push_enc_random_s1,mw-push,41015,3,init,0.3140834083408341,0.2,0.0,100
dino_push_enc_random_s1,mw-push,41015,3,final,-0.072007200720072,0.0,0.0,100
dino_push_enc_random_s1,mw-push,41015,4,init,0.20618061806180615,0.1,0.0,100
dino_push_enc_random_s1,mw-push,41015,4,final,-2.4002400240024e-05,0.0,0.0,100
dino_push_enc_random_s1,mw-push,41015,5,init,0.12468046804680467,0.1,0.0,100
dino_push_enc_random_s1,mw-push,41015,5,final,0.16319231923192315,0.0,0.0,100
dino_push_enc_random_s1,mw-push,41015,6,init,0.001704170417041704,0.1,0.0,100
dino_push_enc_random_s1,mw-push,41015,6,final,-0.11816381638163816,0.0,0.0,100
dino_push_enc_random_s2,mw-push,41000,0,init,-0.2351275127512751,0.2,0.0,100
dino_push_enc_random_s2,mw-push,41000,0,final,-0.0723072307230723,0.0,0.0,100
dino_push_enc_random_s2,mw-push,41000,1,init,-0.24678067806780676,0.0,0.0,100
dino_push_enc_random_s2,mw-push,41000,1,final,-0.28276027602760273,0.0,0.0,100
dino_push_enc_random_s2,mw-push,41000,2,init,0.02879087908790879,0.0,0.0,100
dino_push_enc_random_s2,mw-push,41000,2,final,-0.3426582658265826,0.0,0.0,100
dino_push_enc_random_s2,mw-push,41000,3,init,-0.009144914491449144,0.0,0.0,100
dino_push_enc_random_s2,mw-push,41000,3,final,-0.3247644764476447,0.0,0.0,100
dino_push_enc_random_s2,mw-push,41000,4,init,-0.05155715571557155,0.0,0.0,100
dino_push_enc_random_s2,mw-push,41000,4,final,-0.29776177617761773,0.0,0.0,100
dino_push_enc_random_s2,mw-push,41000,5,init,-0.08153615361536153,0.0,0.0,100
dino_push_enc_random_s2,mw-push,41000,5,final,-0.10505850585058504,0.0,0.0,100
dino_push_enc_random_s2,mw-push,41000,6,init,-0.25341734173417335,0.0,0.0,100
dino_push_enc_random_s2,mw-push,41000,6,final,-0.4336753675367536,0.0,0.0,100
dino_push_enc_random_s2,mw-push,41001,0,init,-0.22999099909990994,0.0,0.0,100
dino_push_enc_random_s2,mw-push,41001,0,final,0.0793159315931593,0.0,0.0,100
dino_push_enc_random_s2,mw-push,41001,1,init,-0.1459225922592259,0.0,0.0,100
dino_push_enc_random_s2,mw-push,41001,1,final,0.11647164716471646,0.0,0.0,100
dino_push_enc_random_s2,mw-push,41001,2,init,-0.07602760276027602,0.0,0.0,100
dino_push_enc_random_s2,mw-push,41001,2,final,-0.18666666666666662,0.0,0.0,100
dino_push_enc_random_s2,mw-push,41001,3,init,-0.1298289828982898,0.0,0.0,100
dino_push_enc_random_s2,mw-push,41001,3,final,0.000684068406840684,0.0,0.0,100
dino_push_enc_random_s2,mw-push,41001,4,init,-0.17656165616561656,0.0,0.0,100
dino_push_enc_random_s2,mw-push,41001,4,final,-0.16997299729972995,0.0,0.0,100
dino_push_enc_random_s2,mw-push,41001,5,init,-0.06761476147614762,0.0,0.0,100
dino_push_enc_random_s2,mw-push,41001,5,final,-0.18925892589258922,0.0,0.0,100
dino_push_enc_random_s2,mw-push,41001,6,init,-0.17048904890489047,0.0,0.0,100
dino_push_enc_random_s2,mw-push,41001,6,final,0.13776177617761776,0.0,0.0,100
dino_push_enc_random_s2,mw-push,41002,0,init,0.18444644464446444,0.1,0.0,100
dino_push_enc_random_s2,mw-push,41002,0,final,0.14567056705670567,0.0,0.0,100
dino_push_enc_random_s2,mw-push,41002,1,init,-0.13786978697869787,0.0,0.0,100
dino_push_enc_random_s2,mw-push,41002,1,final,-0.16680468046804678,0.0,0.0,100
dino_push_enc_random_s2,mw-push,41002,2,init,-0.10696669666966695,0.1,0.0,100
dino_push_enc_random_s2,mw-push,41002,2,final,-0.14678667866786677,0.1,0.0,100
dino_push_enc_random_s2,mw-push,41002,3,init,0.06213021302130212,0.1,0.0,100
dino_push_enc_random_s2,mw-push,41002,3,final,0.27440744074407436,0.1,0.0,100
dino_push_enc_random_s2,mw-push,41002,4,init,0.05724572457245724,0.1,0.0,100
dino_push_enc_random_s2,mw-push,41002,4,final,-0.1098949894989499,0.0,0.0,100
dino_push_enc_random_s2,mw-push,41002,5,init,0.12182418241824182,0.0,0.0,100
dino_push_enc_random_s2,mw-push,41002,5,final,0.2159375937593759,0.0,0.0,100
dino_push_enc_random_s2,mw-push,41002,6,init,-0.30221422142214216,0.0,0.0,100
dino_push_enc_random_s2,mw-push,41002,6,final,0.06899489948994898,0.0,0.0,100
dino_push_enc_random_s2,mw-push,41003,0,init,0.3806780678067806,0.0,0.0,100
dino_push_enc_random_s2,mw-push,41003,0,final,-0.16169216921692167,0.0,0.0,100
dino_push_enc_random_s2,mw-push,41003,1,init,0.18090609060906088,0.0,0.0,100
dino_push_enc_random_s2,mw-push,41003,1,final,-0.02772277227722772,0.0,0.0,100
dino_push_enc_random_s2,mw-push,41003,2,init,0.14571857185718567,0.0,0.16151368618011197,100
dino_push_enc_random_s2,mw-push,41003,2,final,0.11559555955595559,0.0,0.0,100
dino_push_enc_random_s2,mw-push,41003,3,init,0.000144014401440144,0.0,0.0,100
dino_push_enc_random_s2,mw-push,41003,3,final,-0.08859285928592858,0.0,0.0,100
dino_push_enc_random_s2,mw-push,41003,4,init,0.006708670867086708,0.0,0.0,100
dino_push_enc_random_s2,mw-push,41003,4,final,-0.1324212421242124,0.0,0.0,100
dino_push_enc_random_s2,mw-push,41003,5,init,0.14687068706870685,0.0,0.0,100
dino_push_enc_random_s2,mw-push,41003,5,final,0.027638763876387636,0.0,0.0,100
dino_push_enc_random_s2,mw-push,41003,6,init,0.12536453645364537,0.0,0.0,100
dino_push_enc_random_s2,mw-push,41003,6,final,-0.0064086408640864085,0.0,0.0,100
dino_push_enc_random_s2,mw-push,41004,0,init,-0.6915811581158114,0.0,0.0,100
dino_push_enc_random_s2,mw-push,41004,0,final,-0.10069006900690068,0.1,0.0,100
dino_push_enc_random_s2,mw-push,41004,1,init,-0.5633723372337233,0.0,0.0,100
dino_push_enc_random_s2,mw-push,41004,1,final,-0.3267566756675667,0.0,0.0,100
dino_push_enc_random_s2,mw-push,41004,2,init,-0.5116951695169517,0.0,0.0,100
dino_push_enc_random_s2,mw-push,41004,2,final,-0.20027602760276025,0.0,0.0,100
dino_push_enc_random_s2,mw-push,41004,3,init,-0.32932493249324923,0.0,0.0,100
dino_push_enc_random_s2,mw-push,41004,3,final,-0.2617101710171017,0.0,0.0,100
dino_push_enc_random_s2,mw-push,41004,4,init,-0.5642844284428442,0.0,0.0,100
dino_push_enc_random_s2,mw-push,41004,4,final,-0.25483348334833483,0.0,0.0,100
dino_push_enc_random_s2,mw-push,41004,5,init,0.27965196519651964,0.0,0.0,100
dino_push_enc_random_s2,mw-push,41004,5,final,-0.4752115211521152,0.0,0.0,100
dino_push_enc_random_s2,mw-push,41004,6,init,-0.21338133813381335,0.0,0.0,100
dino_push_enc_random_s2,mw-push,41004,6,final,-0.08705670567056706,0.0,0.0,100
dino_push_enc_random_s2,mw-push,41005,0,init,0.6197419741974196,0.6,0.0,100
dino_push_enc_random_s2,mw-push,41005,0,final,0.10987098709870986,0.0,0.0,100
dino_push_enc_random_s2,mw-push,41005,1,init,0.39139513951395133,0.0,0.0,100
dino_push_enc_random_s2,mw-push,41005,1,final,0.04534053405340534,0.1,0.0,100
dino_push_enc_random_s2,mw-push,41005,2,init,0.2536333633363336,0.1,0.039240717887881194,100
dino_push_enc_random_s2,mw-push,41005,2,final,0.3634323432343234,0.4,0.0,100
dino_push_enc_random_s2,mw-push,41005,3,init,0.24573657365736573,0.1,3.1438603997230503,100
dino_push_enc_random_s2,mw-push,41005,3,final,0.05155715571557155,0.0,0.0,100
dino_push_enc_random_s2,mw-push,41005,4,init,0.21566156615661564,0.0,0.7386788725852994,100
dino_push_enc_random_s2,mw-push,41005,4,final,-0.1263966396639664,0.0,0.0,100
dino_push_enc_random_s2,mw-push,41005,5,init,0.28516051605160514,0.0,0.9401470422744695,100
dino_push_enc_random_s2,mw-push,41005,5,final,-0.13329732973297329,0.0,0.0,100
dino_push_enc_random_s2,mw-push,41005,6,init,0.18535853585358533,0.0,0.0,100
dino_push_enc_random_s2,mw-push,41005,6,final,-0.12973297329732972,0.0,0.0,100
dino_push_enc_random_s2,mw-push,41006,0,init,0.8100330033003299,0.7,0.0,100
dino_push_enc_random_s2,mw-push,41006,0,final,-0.01936993699369937,0.0,0.0,100
dino_push_enc_random_s2,mw-push,41006,1,init,0.5388778877887788,0.0,0.0,100
dino_push_enc_random_s2,mw-push,41006,1,final,0.029222922292229222,0.0,0.0,100
dino_push_enc_random_s2,mw-push,41006,2,init,-0.1322052205220522,0.0,0.0,100
dino_push_enc_random_s2,mw-push,41006,2,final,-0.18945094509450944,0.0,0.0,100
dino_push_enc_random_s2,mw-push,41006,3,init,0.17249324932493248,0.0,0.0,100
dino_push_enc_random_s2,mw-push,41006,3,final,0.004296429642964296,0.0,0.0,100
dino_push_enc_random_s2,mw-push,41006,4,init,-0.20108010801080103,0.0,0.0,100
dino_push_enc_random_s2,mw-push,41006,4,final,-0.13629762976297627,0.0,0.0,100
dino_push_enc_random_s2,mw-push,41006,5,init,-0.4105250525052505,0.0,0.0,100
dino_push_enc_random_s2,mw-push,41006,5,final,0.11595559555955594,0.0,0.0,100
dino_push_enc_random_s2,mw-push,41006,6,init,0.03291929192919291,0.0,0.0,100
dino_push_enc_random_s2,mw-push,41006,6,final,-0.3511791179117912,0.0,0.0,100
dino_push_enc_random_s2,mw-push,41007,0,init,-0.05502550255025502,0.0,0.0,100
dino_push_enc_random_s2,mw-push,41007,0,final,0.010789078907890787,0.0,0.0,100
dino_push_enc_random_s2,mw-push,41007,1,init,-0.3425382538253825,0.0,0.0,100
dino_push_enc_random_s2,mw-push,41007,1,final,-0.054161416141614155,0.0,0.0,100
dino_push_enc_random_s2,mw-push,41007,2,init,-0.1991119111911191,0.0,0.0,100
dino_push_enc_random_s2,mw-push,41007,2,final,0.01498949894989499,0.0,0.0,100
dino_push_enc_random_s2,mw-push,41007,3,init,0.10719471947194718,0.0,0.0,100
dino_push_enc_random_s2,mw-push,41007,3,final,0.31363936393639363,0.0,0.0,100
dino_push_enc_random_s2,mw-push,41007,4,init,0.22186618661866186,0.0,0.0,100
dino_push_enc_random_s2,mw-push,41007,4,final,0.41125712571257117,0.2,0.0,100
dino_push_enc_random_s2,mw-push,41007,5,init,0.4056765676567656,0.0,0.0,100
dino_push_enc_random_s2,mw-push,41007,5,final,0.20340834083408338,0.0,0.0,100
dino_push_enc_random_s2,mw-push,41007,6,init,-0.13953795379537953,0.0,0.0,100
dino_push_enc_random_s2,mw-push,41007,6,final,-0.331065106510651,0.0,0.0,100
dino_push_enc_random_s2,mw-push,41008,0,init,-0.4221302130213021,0.1,0.0,100
dino_push_enc_random_s2,mw-push,41008,0,final,0.03665166516651665,0.0,0.0,100
dino_push_enc_random_s2,mw-push,41008,1,init,-0.1802220222022202,0.0,0.0,100
dino_push_enc_random_s2,mw-push,41008,1,final,-0.09132913291329132,0.0,0.0,100
dino_push_enc_random_s2,mw-push,41008,2,init,-0.09512151215121512,0.0,0.0,100
dino_push_enc_random_s2,mw-push,41008,2,final,-0.14184218421842185,0.0,0.0,100
dino_push_enc_random_s2,mw-push,41008,3,init,-0.23708370837083706,0.0,0.0,100
dino_push_enc_random_s2,mw-push,41008,3,final,-0.009744974497449745,0.0,0.0,100
dino_push_enc_random_s2,mw-push,41008,4,init,-0.15563156315631563,0.0,0.0,100
dino_push_enc_random_s2,mw-push,41008,4,final,0.11374737473747373,0.0,0.0,100
dino_push_enc_random_s2,mw-push,41008,5,init,0.08384038403840383,0.0,0.0,100
dino_push_enc_random_s2,mw-push,41008,5,final,0.03174317431743174,0.0,0.0,100
dino_push_enc_random_s2,mw-push,41008,6,init,0.15985598559855985,0.0,0.0,100
dino_push_enc_random_s2,mw-push,41008,6,final,0.314011401140114,0.0,0.0,100
dino_push_enc_random_s2,mw-push,41009,0,init,-0.5983918391839183,0.0,0.0,100
dino_push_enc_random_s2,mw-push,41009,0,final,0.06209420942094209,0.1,0.0,100
dino_push_enc_random_s2,mw-push,41009,1,init,-0.3799099909990999,0.0,0.0,100
dino_push_enc_random_s2,mw-push,41009,1,final,-0.017989798979897987,0.0,0.0,100
dino_push_enc_random_s2,mw-push,41009,2,init,-0.1431263126312631,0.0,0.0,100
dino_push_enc_random_s2,mw-push,41009,2,final,-0.006948694869486947,0.0,0.0,100
dino_push_enc_random_s2,mw-push,41009,3,init,0.17741374137413737,0.2,0.0,100
dino_push_enc_random_s2,mw-push,41009,3,final,0.2615061506150615,0.0,0.0,100
dino_push_enc_random_s2,mw-push,41009,4,init,-0.16328832883288327,0.0,0.0,100
dino_push_enc_random_s2,mw-push,41009,4,final,0.12376837683768374,0.0,0.0,100
dino_push_enc_random_s2,mw-push,41009,5,init,0.4692829282928293,0.0,0.0,100
dino_push_enc_random_s2,mw-push,41009,5,final,0.04768076807680768,0.0,0.0,100
dino_push_enc_random_s2,mw-push,41009,6,init,-0.1772337233723372,0.0,0.0,100
dino_push_enc_random_s2,mw-push,41009,6,final,-0.195019501950195,0.0,0.0,100
dino_push_enc_random_s2,mw-push,41010,0,init,-0.22006600660066003,0.0,0.0,100
dino_push_enc_random_s2,mw-push,41010,0,final,-0.124008400840084,0.0,0.0,100
dino_push_enc_random_s2,mw-push,41010,1,init,-0.3085628562856285,0.0,0.0,100
dino_push_enc_random_s2,mw-push,41010,1,final,0.17410141014101407,0.0,0.0,100
dino_push_enc_random_s2,mw-push,41010,2,init,-0.21664566456645662,0.0,0.0,100
dino_push_enc_random_s2,mw-push,41010,2,final,0.1734533453345334,0.0,0.0,100
dino_push_enc_random_s2,mw-push,41010,3,init,-0.18228622862286228,0.0,0.0,100
dino_push_enc_random_s2,mw-push,41010,3,final,0.005556555655565556,0.0,0.0,100
dino_push_enc_random_s2,mw-push,41010,4,init,-0.3259165916591659,0.0,0.0,100
dino_push_enc_random_s2,mw-push,41010,4,final,0.02148214821482148,0.1,0.0,100
dino_push_enc_random_s2,mw-push,41010,5,init,-0.10663066306630663,0.0,0.0,100
dino_push_enc_random_s2,mw-push,41010,5,final,0.06985898589858985,0.0,0.0,100
dino_push_enc_random_s2,mw-push,41010,6,init,0.41386138613861384,0.0,0.0,100
dino_push_enc_random_s2,mw-push,41010,6,final,0.003984398439843983,0.0,0.0,100
dino_push_enc_random_s2,mw-push,41011,0,init,0.3402100210021001,0.0,0.0,100
dino_push_enc_random_s2,mw-push,41011,0,final,0.14235823582358234,0.0,0.0,100
dino_push_enc_random_s2,mw-push,41011,1,init,0.1477827782778278,0.0,0.0,100
dino_push_enc_random_s2,mw-push,41011,1,final,-0.007308730873087308,0.0,0.0,100
dino_push_enc_random_s2,mw-push,41011,2,init,-0.006696669666966695,0.0,0.0,100
dino_push_enc_random_s2,mw-push,41011,2,final,0.09815781578157814,0.0,0.0,100
dino_push_enc_random_s2,mw-push,41011,3,init,0.19235523552355233,0.1,0.0,100
dino_push_enc_random_s2,mw-push,41011,3,final,-0.2233303330333033,0.0,0.0,100
dino_push_enc_random_s2,mw-push,41011,4,init,0.26395439543954397,0.2,0.0,100
dino_push_enc_random_s2,mw-push,41011,4,final,-0.004908490849084907,0.1,0.0,100
dino_push_enc_random_s2,mw-push,41011,5,init,0.13638163816381635,0.0,0.0,100
dino_push_enc_random_s2,mw-push,41011,5,final,0.11705970597059706,0.0,0.0,100
dino_push_enc_random_s2,mw-push,41011,6,init,-0.3025862586258625,0.0,0.0,100
dino_push_enc_random_s2,mw-push,41011,6,final,-0.10369036903690369,0.0,0.0,100
dino_push_enc_random_s2,mw-push,41012,0,init,-0.09705370537053704,0.3,0.0,100
dino_push_enc_random_s2,mw-push,41012,0,final,-0.019069906990699066,0.0,0.0,100
dino_push_enc_random_s2,mw-push,41012,1,init,0.08217221722172216,0.0,0.0,100
dino_push_enc_random_s2,mw-push,41012,1,final,0.03114311431143114,0.0,0.0,100
dino_push_enc_random_s2,mw-push,41012,2,init,0.05662166216621661,0.0,0.0,100
dino_push_enc_random_s2,mw-push,41012,2,final,0.011953195319531953,0.0,0.0,100
dino_push_enc_random_s2,mw-push,41012,3,init,-0.05033303330333033,0.0,0.0,100
dino_push_enc_random_s2,mw-push,41012,3,final,0.09416141614161415,0.0,0.0,100
dino_push_enc_random_s2,mw-push,41012,4,init,0.20961296129612958,0.0,0.0,100
dino_push_enc_random_s2,mw-push,41012,4,final,0.12422442244224421,0.1,0.0,100
dino_push_enc_random_s2,mw-push,41012,5,init,0.2301110111011101,0.0,0.0,100
dino_push_enc_random_s2,mw-push,41012,5,final,-0.0647944794479448,0.0,0.0,100
dino_push_enc_random_s2,mw-push,41012,6,init,0.18177017701770173,0.0,0.0,100
dino_push_enc_random_s2,mw-push,41012,6,final,0.16337233723372338,0.0,0.0,100
dino_push_enc_random_s2,mw-push,41013,0,init,0.521980198019802,0.4,0.0,100
dino_push_enc_random_s2,mw-push,41013,0,final,0.12006000600060006,0.0,0.0,100
dino_push_enc_random_s2,mw-push,41013,1,init,0.13617761776177614,0.0,0.0,100
dino_push_enc_random_s2,mw-push,41013,1,final,0.1608880888088809,0.0,0.0,100
dino_push_enc_random_s2,mw-push,41013,2,init,-0.07570357035703569,0.0,0.0,100
dino_push_enc_random_s2,mw-push,41013,2,final,0.264026402640264,0.0,0.0,100
dino_push_enc_random_s2,mw-push,41013,3,init,-0.019009900990099006,0.0,0.7294729351997403,100
dino_push_enc_random_s2,mw-push,41013,3,final,0.19387938793879386,0.0,0.0,100
dino_push_enc_random_s2,mw-push,41013,4,init,0.17285328532853284,0.1,0.0,100
dino_push_enc_random_s2,mw-push,41013,4,final,0.22375037503750372,0.0,0.0,100
dino_push_enc_random_s2,mw-push,41013,5,init,0.11512751275127513,0.0,0.16167610883712769,100
dino_push_enc_random_s2,mw-push,41013,5,final,0.1777137713771377,0.0,0.0,100
dino_push_enc_random_s2,mw-push,41013,6,init,0.12019201920192017,0.0,0.0,100
dino_push_enc_random_s2,mw-push,41013,6,final,0.07708370837083708,0.0,0.0,100
dino_push_enc_random_s2,mw-push,41014,0,init,-0.014905490549054904,0.0,0.0,100
dino_push_enc_random_s2,mw-push,41014,0,final,-0.10877887788778876,0.0,0.0,100
dino_push_enc_random_s2,mw-push,41014,1,init,-0.2696669666966697,0.0,0.0,100
dino_push_enc_random_s2,mw-push,41014,1,final,0.1494269426942694,0.2,0.0,100
dino_push_enc_random_s2,mw-push,41014,2,init,-0.17177317731773176,0.0,0.0,100
dino_push_enc_random_s2,mw-push,41014,2,final,0.0022562256225622562,0.0,0.0,100
dino_push_enc_random_s2,mw-push,41014,3,init,0.01434143414341434,0.0,0.0,100
dino_push_enc_random_s2,mw-push,41014,3,final,-0.11548754875487548,0.0,0.0,100
dino_push_enc_random_s2,mw-push,41014,4,init,-0.020246024602460243,0.0,0.0,100
dino_push_enc_random_s2,mw-push,41014,4,final,-0.075007500750075,0.0,0.0,100
dino_push_enc_random_s2,mw-push,41014,5,init,-0.37516951695169515,0.0,0.0,100
dino_push_enc_random_s2,mw-push,41014,5,final,0.1829222922292229,0.0,0.0,100
dino_push_enc_random_s2,mw-push,41014,6,init,-0.06778277827782778,0.0,0.0,100
dino_push_enc_random_s2,mw-push,41014,6,final,-0.003768376837683768,0.0,0.0,100
dino_push_enc_random_s2,mw-push,41015,0,init,-0.8454245424542453,0.0,0.0,100
dino_push_enc_random_s2,mw-push,41015,0,final,-0.19687968796879687,0.0,0.0,100
dino_push_enc_random_s2,mw-push,41015,1,init,-0.5177317731773177,0.0,0.0,100
dino_push_enc_random_s2,mw-push,41015,1,final,-0.12174017401740174,0.0,0.0,100
dino_push_enc_random_s2,mw-push,41015,2,init,-0.14664266426642664,0.0,0.0,100
dino_push_enc_random_s2,mw-push,41015,2,final,-0.03672367236723672,0.1,0.0,100
dino_push_enc_random_s2,mw-push,41015,3,init,0.17380138013801377,0.0,0.0,100
dino_push_enc_random_s2,mw-push,41015,3,final,0.22198619861986196,0.1,0.0,100
dino_push_enc_random_s2,mw-push,41015,4,init,-0.128016801680168,0.0,0.0,100
dino_push_enc_random_s2,mw-push,41015,4,final,0.06252625262526251,0.0,0.0,100
dino_push_enc_random_s2,mw-push,41015,5,init,-0.053045304530453044,0.0,0.0,100
dino_push_enc_random_s2,mw-push,41015,5,final,0.08276027602760275,0.0,0.0,100
dino_push_enc_random_s2,mw-push,41015,6,init,-0.16307230723072305,0.1,0.0,100
dino_push_enc_random_s2,mw-push,41015,6,final,0.07908790879087907,0.0,0.0,100
dino_push_enc_switch_s0,mw-push,41000,0,init,-0.9503270327032702,0.0,0.0,100
dino_push_enc_switch_s0,mw-push,41000,0,final,-0.6142694269426942,0.0,0.0,100
dino_push_enc_switch_s0,mw-push,41000,1,init,-0.932085208520852,0.0,0.0,100
dino_push_enc_switch_s0,mw-push,41000,1,final,-0.13953795379537953,0.1,0.0,100
dino_push_enc_switch_s0,mw-push,41000,2,init,-0.6697509750975097,0.0,0.0,100
dino_push_enc_switch_s0,mw-push,41000,2,final,-0.1748454845484548,0.0,0.0,100
dino_push_enc_switch_s0,mw-push,41000,3,init,-0.3469786978697869,0.0,0.0,100
dino_push_enc_switch_s0,mw-push,41000,3,final,-0.00984098409840984,0.2,0.0,100
dino_push_enc_switch_s0,mw-push,41000,4,init,-0.09102910291029101,0.0,0.0,100
dino_push_enc_switch_s0,mw-push,41000,4,final,-0.06665466546654665,0.0,0.0,100
dino_push_enc_switch_s0,mw-push,41000,5,init,-0.054953495349534955,0.0,0.0,100
dino_push_enc_switch_s0,mw-push,41000,5,final,-0.2530813081308131,0.0,0.0,100
dino_push_enc_switch_s0,mw-push,41000,6,init,-0.09944194419441942,0.1,0.0,100
dino_push_enc_switch_s0,mw-push,41000,6,final,-0.2708430843084308,0.0,0.0,100
dino_push_enc_switch_s0,mw-push,41001,0,init,-0.9243924392439243,0.0,0.0,100
dino_push_enc_switch_s0,mw-push,41001,0,final,-0.629006900690069,0.0,0.0,100
dino_push_enc_switch_s0,mw-push,41001,1,init,-0.8894449444944493,0.0,0.0,100
dino_push_enc_switch_s0,mw-push,41001,1,final,-0.3323492349234923,0.0,0.0,100
dino_push_enc_switch_s0,mw-push,41001,2,init,-0.5429342934293429,0.0,0.0,100
dino_push_enc_switch_s0,mw-push,41001,2,final,0.014677467746774676,0.1,0.0,100
dino_push_enc_switch_s0,mw-push,41001,3,init,-0.3924632463246324,0.0,0.0,100
dino_push_enc_switch_s0,mw-push,41001,3,final,-0.35608760876087603,0.0,0.0,100
dino_push_enc_switch_s0,mw-push,41001,4,init,-0.17207320732073206,0.0,0.0,100
dino_push_enc_switch_s0,mw-push,41001,4,final,-0.20792079207920794,0.0,0.0,100
dino_push_enc_switch_s0,mw-push,41001,5,init,-0.23422742274227418,0.0,0.0,100
dino_push_enc_switch_s0,mw-push,41001,5,final,-0.09982598259825981,0.0,0.0,100
dino_push_enc_switch_s0,mw-push,41001,6,init,-0.37182118211821175,0.0,0.0,100
dino_push_enc_switch_s0,mw-push,41001,6,final,-0.014545454545454544,0.0,0.0,100
dino_push_enc_switch_s0,mw-push,41002,0,init,-0.7493309330933092,0.0,0.0,100
dino_push_enc_switch_s0,mw-push,41002,0,final,-0.6565376537653765,0.0,0.0,100
dino_push_enc_switch_s0,mw-push,41002,1,init,-0.869078907890789,0.0,0.0,100
dino_push_enc_switch_s0,mw-push,41002,1,final,-0.11511551155115511,0.0,0.0,100
dino_push_enc_switch_s0,mw-push,41002,2,init,-0.6570736785918521,0.0,0.0,100
dino_push_enc_switch_s0,mw-push,41002,2,final,-0.07986798679867985,0.0,0.0,100
dino_push_enc_switch_s0,mw-push,41002,3,init,-0.4788598859885988,0.0,0.0,100
dino_push_enc_switch_s0,mw-push,41002,3,final,-0.23735973597359733,0.1,0.0,100
dino_push_enc_switch_s0,mw-push,41002,4,init,-0.36939693969396936,0.0,0.0,100
dino_push_enc_switch_s0,mw-push,41002,4,final,-0.3229522952295229,0.0,0.0,100
dino_push_enc_switch_s0,mw-push,41002,5,init,-0.16622862286228623,0.0,0.0,100
dino_push_enc_switch_s0,mw-push,41002,5,final,-0.0066006600660066,0.0,0.0,100
dino_push_enc_switch_s0,mw-push,41002,6,init,-0.3101590159015901,0.0,0.0,100
dino_push_enc_switch_s0,mw-push,41002,6,final,-0.1802940294029403,0.0,0.0,100
dino_push_enc_switch_s0,mw-push,41003,0,init,-0.17471347134713466,0.0,0.0,100
dino_push_enc_switch_s0,mw-push,41003,0,final,0.001332133213321332,0.1,0.0,100
dino_push_enc_switch_s0,mw-push,41003,1,init,-0.09551755175517551,0.1,0.0,100
dino_push_enc_switch_s0,mw-push,41003,1,final,0.027218721872187213,0.0,0.0,100
dino_push_enc_switch_s0,mw-push,41003,2,init,-0.09774977497749775,0.0,0.0,100
dino_push_enc_switch_s0,mw-push,41003,2,final,-0.04919291929192919,0.0,0.0,100
dino_push_enc_switch_s0,mw-push,41003,3,init,-0.26963096309630963,0.0,0.0,100
dino_push_enc_switch_s0,mw-push,41003,3,final,-0.5464146414641464,0.0,0.0,100
dino_push_enc_switch_s0,mw-push,41003,4,init,-0.5312211221122112,0.0,0.0,100
dino_push_enc_switch_s0,mw-push,41003,4,final,-0.8485088508850883,0.0,0.0,100
dino_push_enc_switch_s0,mw-push,41003,5,init,-0.8265946594659466,0.0,0.0,100
dino_push_enc_switch_s0,mw-push,41003,5,final,-0.6043684368436842,0.0,0.0,100
dino_push_enc_switch_s0,mw-push,41003,6,init,-0.856129612961296,0.0,0.0,100
dino_push_enc_switch_s0,mw-push,41003,6,final,-0.7448184818481847,0.0,0.0,100
dino_push_enc_switch_s0,mw-push,41004,0,init,-0.6853405340534053,0.0,0.0,100
dino_push_enc_switch_s0,mw-push,41004,0,final,-0.5752175217521751,0.0,0.0,100
dino_push_enc_switch_s0,mw-push,41004,1,init,-0.7018181818181818,0.0,0.0,100
dino_push_enc_switch_s0,mw-push,41004,1,final,-0.33215721572157214,0.0,0.0,100
dino_push_enc_switch_s0,mw-push,41004,2,init,-0.633123312331233,0.0,0.0,100
dino_push_enc_switch_s0,mw-push,41004,2,final,-0.07306330633063306,0.0,0.0,100
dino_push_enc_switch_s0,mw-push,41004,3,init,-0.24732073207320726,0.0,0.0,100
dino_push_enc_switch_s0,mw-push,41004,3,final,-0.043852385238523854,0.0,0.0,100
dino_push_enc_switch_s0,mw-push,41004,4,init,0.002736273627362736,0.0,0.0,100
dino_push_enc_switch_s0,mw-push,41004,4,final,0.009720972097209719,0.0,0.0,100
dino_push_enc_switch_s0,mw-push,41004,5,init,0.03356735673567356,0.0,0.0,100
dino_push_enc_switch_s0,mw-push,41004,5,final,0.21766576657665762,0.0,0.0,100
dino_push_enc_switch_s0,mw-push,41004,6,init,0.19715571557155717,0.0,0.0,100
dino_push_enc_switch_s0,mw-push,41004,6,final,0.04667266726672666,0.0,0.0,100
dino_push_enc_switch_s0,mw-push,41005,0,init,-0.892157215721572,0.0,0.0,100
dino_push_enc_switch_s0,mw-push,41005,0,final,-0.737161716171617,0.0,0.0,100
dino_push_enc_switch_s0,mw-push,41005,1,init,-0.8638703870387038,0.0,0.0,100
dino_push_enc_switch_s0,mw-push,41005,1,final,-0.06257425742574257,0.0,0.0,100
dino_push_enc_switch_s0,mw-push,41005,2,init,-0.6781638163816381,0.0,0.0,100
dino_push_enc_switch_s0,mw-push,41005,2,final,-0.24090009000900087,0.0,0.0,100
dino_push_enc_switch_s0,mw-push,41005,3,init,-0.33930993099309925,0.0,0.0,100
dino_push_enc_switch_s0,mw-push,41005,3,final,-0.2792319231923192,0.0,0.0,100
dino_push_enc_switch_s0,mw-push,41005,4,init,-0.26406240624062405,0.0,0.0,100
dino_push_enc_switch_s0,mw-push,41005,4,final,-0.33141314131413135,0.1,0.0,100
dino_push_enc_switch_s0,mw-push,41005,5,init,-0.07375937593759374,0.0,0.0,100
dino_push_enc_switch_s0,mw-push,41005,5,final,-0.06493849384938492,0.0,0.0,100
dino_push_enc_switch_s0,mw-push,41005,6,init,-0.11389138913891388,0.0,0.0,100
dino_push_enc_switch_s0,mw-push,41005,6,final,-0.03221122112211221,0.0,0.0,100
dino_push_enc_switch_s0,mw-push,41006,0,init,0.5679327932793279,0.5,0.0,100
dino_push_enc_switch_s0,mw-push,41006,0,final,0.3274767476747675,0.1,0.0063344836234990876,100
dino_push_enc_switch_s0,mw-push,41006,1,init,0.6784638463846383,0.4,0.7149100303649902,100
dino_push_enc_switch_s0,mw-push,41006,1,final,0.09832583258325832,0.2,1.1331617832183811,100
dino_push_enc_switch_s0,mw-push,41006,2,init,-0.2501170117011701,0.0,11.40927225351333,100
dino_push_enc_switch_s0,mw-push,41006,2,final,0.08907290729072907,0.2,1.8703803420066807,100
dino_push_enc_switch_s0,mw-push,41006,3,init,-0.29825382538253825,0.0,5.372664332389829,100
dino_push_enc_switch_s0,mw-push,41006,3,final,0.001968196819681968,0.0,0.000537931919100676,100
dino_push_enc_switch_s0,mw-push,41006,4,init,0.09072907290729072,0.1,0.20043700933455866,100
dino_push_enc_switch_s0,mw-push,41006,4,final,0.0008040804080408039,0.3,0.0010356307029724121,100
dino_push_enc_switch_s0,mw-push,41006,5,init,0.23816381638163814,0.3,0.4194483160972595,100
dino_push_enc_switch_s0,mw-push,41006,5,final,0.05388538853885388,0.1,4.0233135220613114e-05,100
dino_push_enc_switch_s0,mw-push,41006,6,init,-0.07609960996099609,0.0,0.0,100
dino_push_enc_switch_s0,mw-push,41006,6,final,-0.06527452745274527,0.0,0.0,100
dino_push_enc_switch_s0,mw-push,41007,0,init,-0.7781578157815782,0.0,0.0,100
dino_push_enc_switch_s0,mw-push,41007,0,final,-0.6275547554755475,0.0,0.0,100
dino_push_enc_switch_s0,mw-push,41007,1,init,-0.7868586858685868,0.0,0.0,100
dino_push_enc_switch_s0,mw-push,41007,1,final,-0.36415241524152414,0.0,0.0,100
dino_push_enc_switch_s0,mw-push,41007,2,init,-0.6485808580858085,0.0,0.0,100
dino_push_enc_switch_s0,mw-push,41007,2,final,0.05357335733573356,0.0,0.0,100
dino_push_enc_switch_s0,mw-push,41007,3,init,-0.2398199819981998,0.0,0.0,100
dino_push_enc_switch_s0,mw-push,41007,3,final,-0.032139213921392136,0.0,0.0,100
dino_push_enc_switch_s0,mw-push,41007,4,init,0.03419141914191419,0.0,0.0,100
dino_push_enc_switch_s0,mw-push,41007,4,final,-0.27507950795079505,0.0,0.0,100
dino_push_enc_switch_s0,mw-push,41007,5,init,-0.08223222322232222,0.1,0.0,100
dino_push_enc_switch_s0,mw-push,41007,5,final,0.09234923492349234,0.1,0.0,100
dino_push_enc_switch_s0,mw-push,41007,6,init,-0.2162136213621362,0.0,0.0,100
dino_push_enc_switch_s0,mw-push,41007,6,final,0.07564356435643564,0.0,0.0,100
dino_push_enc_switch_s0,mw-push,41008,0,init,-0.9139273927392738,0.0,0.0,100
dino_push_enc_switch_s0,mw-push,41008,0,final,-0.6044764476447644,0.0,0.0,100
dino_push_enc_switch_s0,mw-push,41008,1,init,-0.783006300630063,0.0,0.0,100
dino_push_enc_switch_s0,mw-push,41008,1,final,-0.3595799579957995,0.0,0.0,100
dino_push_enc_switch_s0,mw-push,41008,2,init,-0.6328712871287128,0.0,0.0,100
dino_push_enc_switch_s0,mw-push,41008,2,final,-0.22948694869486944,0.0,0.0,100
dino_push_enc_switch_s0,mw-push,41008,3,init,-0.3358895889588958,0.0,0.0,100
dino_push_enc_switch_s0,mw-push,41008,3,final,0.025430543054305425,0.0,0.0,100
dino_push_enc_switch_s0,mw-push,41008,4,init,0.029367024803686942,0.0,0.0,100
dino_push_enc_switch_s0,mw-push,41008,4,final,-0.252025202520252,0.0,0.0,100
dino_push_enc_switch_s0,mw-push,41008,5,init,-0.1109030903090309,0.2,0.0,100
dino_push_enc_switch_s0,mw-push,41008,5,final,-0.4126972697269727,0.0,0.0,100
dino_push_enc_switch_s0,mw-push,41008,6,init,-0.3058625862586259,0.0,0.0,100
dino_push_enc_switch_s0,mw-push,41008,6,final,-0.06156615661566155,0.0,0.0,100
dino_push_enc_switch_s0,mw-push,41009,0,init,-0.6958655865586558,0.0,0.0,100
dino_push_enc_switch_s0,mw-push,41009,0,final,-0.467038703870387,0.0,0.0,100
dino_push_enc_switch_s0,mw-push,41009,1,init,-0.866102610261026,0.0,0.0,100
dino_push_enc_switch_s0,mw-push,41009,1,final,-0.28556855685568555,0.0,0.0,100
dino_push_enc_switch_s0,mw-push,41009,2,init,-0.6109930993099308,0.0,0.0,100
dino_push_enc_switch_s0,mw-push,41009,2,final,0.07224722472247223,0.1,0.0,100
dino_push_enc_switch_s0,mw-push,41009,3,init,-0.3582358235823582,0.0,0.0,100
dino_push_enc_switch_s0,mw-push,41009,3,final,-0.15077107710771076,0.0,0.0,100
dino_push_enc_switch_s0,mw-push,41009,4,init,-0.17192919291929193,0.0,0.0,100
dino_push_enc_switch_s0,mw-push,41009,4,final,0.07165916591659165,0.0,0.0,100
dino_push_enc_switch_s0,mw-push,41009,5,init,-0.10072607260726071,0.1,0.0,100
dino_push_enc_switch_s0,mw-push,41009,5,final,-0.20258025802580254,0.0,0.0,100
dino_push_enc_switch_s0,mw-push,41009,6,init,-0.06275427542754275,0.0,0.0,100
dino_push_enc_switch_s0,mw-push,41009,6,final,-0.2699789978997899,0.0,0.0,100
dino_push_enc_switch_s0,mw-push,41010,0,init,-0.725028502850285,0.0,0.0,100
dino_push_enc_switch_s0,mw-push,41010,0,final,-0.5394899489948994,0.0,0.0,100
dino_push_enc_switch_s0,mw-push,41010,1,init,-0.7759135913591358,0.0,0.0,100
dino_push_enc_switch_s0,mw-push,41010,1,final,-0.3035823582358235,0.0,0.0,100
dino_push_enc_switch_s0,mw-push,41010,2,init,-0.7392859285928592,0.0,0.0,100
dino_push_enc_switch_s0,mw-push,41010,2,final,0.03767176717671766,0.0,0.0,100
dino_push_enc_switch_s0,mw-push,41010,3,init,-0.21966996699669966,0.0,0.0,100
dino_push_enc_switch_s0,mw-push,41010,3,final,-0.06515451545154514,0.0,0.0,100
dino_push_enc_switch_s0,mw-push,41010,4,init,0.10316231623162316,0.0,0.0,100
dino_push_enc_switch_s0,mw-push,41010,4,final,-0.017965796579657963,0.0,0.0,100
dino_push_enc_switch_s0,mw-push,41010,5,init,-0.08598859885988598,0.0,0.0,100
dino_push_enc_switch_s0,mw-push,41010,5,final,0.1709090909090909,0.0,0.0,100
dino_push_enc_switch_s0,mw-push,41010,6,init,0.07284728472847284,0.0,0.0,100
dino_push_enc_switch_s0,mw-push,41010,6,final,-0.25516951695169515,0.0,0.0,100
dino_push_enc_switch_s0,mw-push,41011,0,init,-0.3001380138013801,0.0,0.0,100
dino_push_enc_switch_s0,mw-push,41011,0,final,-0.3423222322232223,0.0,0.0,100
dino_push_enc_switch_s0,mw-push,41011,1,init,-0.932961296129613,0.0,0.0,100
dino_push_enc_switch_s0,mw-push,41011,1,final,-0.7084308430843084,0.0,0.0,100
dino_push_enc_switch_s0,mw-push,41011,2,init,-0.7697329732973296,0.0,0.0,100
dino_push_enc_switch_s0,mw-push,41011,2,final,0.3083468346834683,0.0,0.0,100
dino_push_enc_switch_s0,mw-push,41011,3,init,-0.5117911791179117,0.0,0.0,100
dino_push_enc_switch_s0,mw-push,41011,3,final,-0.38021002100210016,0.0,0.0,100
dino_push_enc_switch_s0,mw-push,41011,4,init,-0.3991959195919591,0.0,0.0,100
dino_push_enc_switch_s0,mw-push,41011,4,final,0.030735073507350736,0.0,0.0,100
dino_push_enc_switch_s0,mw-push,41011,5,init,-0.22785478547854784,0.0,0.0,100
dino_push_enc_switch_s0,mw-push,41011,5,final,0.13693369336933692,0.0,0.0,100
dino_push_enc_switch_s0,mw-push,41011,6,init,-0.22006600660066003,0.0,0.0,100
dino_push_enc_switch_s0,mw-push,41011,6,final,-0.34655865586558654,0.0,0.0,100
dino_push_enc_switch_s0,mw-push,41012,0,init,-0.7891749174917491,0.0,0.0,100
dino_push_enc_switch_s0,mw-push,41012,0,final,-0.7662766276627662,0.0,0.0,100
dino_push_enc_switch_s0,mw-push,41012,1,init,-0.9056465646564655,0.0,0.0,100
dino_push_enc_switch_s0,mw-push,41012,1,final,-0.28200420042004193,0.0,0.0,100
dino_push_enc_switch_s0,mw-push,41012,2,init,-0.8145214521452144,0.0,0.0,100
dino_push_enc_switch_s0,mw-push,41012,2,final,-0.08739273927392738,0.0,0.0,100
dino_push_enc_switch_s0,mw-push,41012,3,init,-0.4846204620462045,0.0,0.0,100
dino_push_enc_switch_s0,mw-push,41012,3,final,-0.3398379837983798,0.0,0.0,100
dino_push_enc_switch_s0,mw-push,41012,4,init,-0.3404860486048605,0.0,0.0,100
dino_push_enc_switch_s0,mw-push,41012,4,final,-0.08826882688268826,0.0,0.0,100
dino_push_enc_switch_s0,mw-push,41012,5,init,-0.07774377437743775,0.0,0.0,100
dino_push_enc_switch_s0,mw-push,41012,5,final,0.09150915091509149,0.0,0.0,100
dino_push_enc_switch_s0,mw-push,41012,6,init,-0.11674767476747674,0.0,0.0,100
dino_push_enc_switch_s0,mw-push,41012,6,final,-0.07242724272427242,0.0,0.0,100
dino_push_enc_switch_s0,mw-push,41013,0,init,-0.7810861086108609,0.0,0.0,100
dino_push_enc_switch_s0,mw-push,41013,0,final,-0.6968376837683767,0.0,0.0,100
dino_push_enc_switch_s0,mw-push,41013,1,init,-0.8082208220822081,0.0,0.0,100
dino_push_enc_switch_s0,mw-push,41013,1,final,-0.24884488448844883,0.0,0.0,100
dino_push_enc_switch_s0,mw-push,41013,2,init,-0.6113651365136512,0.0,0.0,100
dino_push_enc_switch_s0,mw-push,41013,2,final,-0.16168016801680163,0.2,0.0,100
dino_push_enc_switch_s0,mw-push,41013,3,init,-0.21784578457845782,0.0,0.0,100
dino_push_enc_switch_s0,mw-push,41013,3,final,-0.23251125112511248,0.0,0.0,100
dino_push_enc_switch_s0,mw-push,41013,4,init,-0.04684068406840684,0.0,0.0,100
dino_push_enc_switch_s0,mw-push,41013,4,final,0.006336633663366335,0.2,0.0,100
dino_push_enc_switch_s0,mw-push,41013,5,init,-0.04505250525052505,0.1,0.0,100
dino_push_enc_switch_s0,mw-push,41013,5,final,-0.2997248716631302,0.0,0.0,100
dino_push_enc_switch_s0,mw-push,41013,6,init,-0.03029102910291029,0.1,0.0,100
dino_push_enc_switch_s0,mw-push,41013,6,final,0.014269426942694268,0.0,0.0,100
dino_push_enc_switch_s0,mw-push,41014,0,init,-0.9200960096009599,0.0,0.0,100
dino_push_enc_switch_s0,mw-push,41014,0,final,-0.6784398439843984,0.0,0.0,100
dino_push_enc_switch_s0,mw-push,41014,1,init,-0.8857605760576057,0.0,0.0,100
dino_push_enc_switch_s0,mw-push,41014,1,final,-0.2611101110111011,0.0,0.0,100
dino_push_enc_switch_s0,mw-push,41014,2,init,-0.5467626762676268,0.0,0.0,100
dino_push_enc_switch_s0,mw-push,41014,2,final,-0.10967896789678967,0.0,0.0,100
dino_push_enc_switch_s0,mw-push,41014,3,init,-0.33207320732073203,0.0,0.0,100
dino_push_enc_switch_s0,mw-push,41014,3,final,0.053825382538253815,0.1,0.0,100
dino_push_enc_switch_s0,mw-push,41014,4,init,-0.06931893189318931,0.0,0.0,100
dino_push_enc_switch_s0,mw-push,41014,4,final,-0.107014701470147,0.0,0.0,100
dino_push_enc_switch_s0,mw-push,41014,5,init,-0.16939693969396938,0.0,0.0,100
dino_push_enc_switch_s0,mw-push,41014,5,final,0.14753075307530752,0.1,0.0,100
dino_push_enc_switch_s0,mw-push,41014,6,init,-0.02216621662166216,0.0,0.0,100
dino_push_enc_switch_s0,mw-push,41014,6,final,0.005508550855085508,0.1,0.0,100
dino_push_enc_switch_s0,mw-push,41015,0,init,0.2852445244524452,0.2,0.0,100
dino_push_enc_switch_s0,mw-push,41015,0,final,-0.05357335733573356,0.0,0.0,100
dino_push_enc_switch_s0,mw-push,41015,1,init,-0.30357035703570356,0.0,0.0,100
dino_push_enc_switch_s0,mw-push,41015,1,final,0.2612421242124212,0.0,0.0,100
dino_push_enc_switch_s0,mw-push,41015,2,init,-0.37143714371437137,0.0,0.0,100
dino_push_enc_switch_s0,mw-push,41015,2,final,0.09884188418841883,0.0,0.0,100
dino_push_enc_switch_s0,mw-push,41015,3,init,0.14897089708970895,0.0,0.0,100
dino_push_enc_switch_s0,mw-push,41015,3,final,-0.13975397539753975,0.0,0.0,100
dino_push_enc_switch_s0,mw-push,41015,4,init,0.13104110411041103,0.1,0.0,100
dino_push_enc_switch_s0,mw-push,41015,4,final,0.07608760876087609,0.1,0.0,100
dino_push_enc_switch_s0,mw-push,41015,5,init,0.42333033303330325,0.2,0.0,100
dino_push_enc_switch_s0,mw-push,41015,5,final,0.30508250825082506,0.0,0.0,100
dino_push_enc_switch_s0,mw-push,41015,6,init,0.1929192919291929,0.0,0.0,100
dino_push_enc_switch_s0,mw-push,41015,6,final,-0.009852985298529853,0.0,0.0,100
dino_push_enc_switch_s1,mw-push,41000,0,init,0.396075607560756,0.1,0.0,100
dino_push_enc_switch_s1,mw-push,41000,0,final,0.005304530453045305,0.0,0.0,100
dino_push_enc_switch_s1,mw-push,41000,1,init,0.2622382238223822,0.0,0.0,100
dino_push_enc_switch_s1,mw-push,41000,1,final,-0.026606660666066602,0.0,0.0,100
dino_push_enc_switch_s1,mw-push,41000,2,init,0.33264926492649255,0.1,0.0,100
dino_push_enc_switch_s1,mw-push,41000,2,final,0.19189918991899188,0.1,0.0,100
dino_push_enc_switch_s1,mw-push,41000,3,init,0.2741794179417942,0.2,0.0,100
dino_push_enc_switch_s1,mw-push,41000,3,final,0.18053405340534054,0.0,0.0,100
dino_push_enc_switch_s1,mw-push,41000,4,init,0.3672487248724872,0.1,0.0,100
dino_push_enc_switch_s1,mw-push,41000,4,final,-0.05435343534353435,0.0,0.0,100
dino_push_enc_switch_s1,mw-push,41000,5,init,0.4039243924392439,0.2,0.0,100
dino_push_enc_switch_s1,mw-push,41000,5,final,0.12915691569156915,0.1,0.0,100
dino_push_enc_switch_s1,mw-push,41000,6,init,0.4486168616861686,0.2,0.0,100
dino_push_enc_switch_s1,mw-push,41000,6,final,0.11864386438643863,0.0,0.0,100
dino_push_enc_switch_s1,mw-push,41001,0,init,0.5867266726672666,0.3,0.0,100
dino_push_enc_switch_s1,mw-push,41001,0,final,-0.023810381038103807,0.0,0.0,100
dino_push_enc_switch_s1,mw-push,41001,1,init,0.288976897689769,0.1,0.0,100
dino_push_enc_switch_s1,mw-push,41001,1,final,0.032007200720072,0.0,0.0,100
dino_push_enc_switch_s1,mw-push,41001,2,init,0.2464326432643264,0.0,0.0,100
dino_push_enc_switch_s1,mw-push,41001,2,final,-0.1606120612061206,0.0,0.0,100
dino_push_enc_switch_s1,mw-push,41001,3,init,0.08741674167416741,0.0,0.0,100
dino_push_enc_switch_s1,mw-push,41001,3,final,0.01153315331533153,0.0,0.0,100
dino_push_enc_switch_s1,mw-push,41001,4,init,0.373081308130813,0.2,0.0,100
dino_push_enc_switch_s1,mw-push,41001,4,final,0.11956795679567955,0.0,0.0,100
dino_push_enc_switch_s1,mw-push,41001,5,init,0.20877287728772875,0.1,0.0,100
dino_push_enc_switch_s1,mw-push,41001,5,final,0.03992799279927992,0.2,0.0,100
dino_push_enc_switch_s1,mw-push,41001,6,init,0.3986318631863186,0.1,0.0,100
dino_push_enc_switch_s1,mw-push,41001,6,final,0.08523252325232522,0.0,0.0,100
dino_push_enc_switch_s1,mw-push,41002,0,init,0.17222922292229217,0.0,0.0,100
dino_push_enc_switch_s1,mw-push,41002,0,final,-0.26835883588358833,0.0,0.0,100
dino_push_enc_switch_s1,mw-push,41002,1,init,0.042832283228322825,0.0,0.0,100
dino_push_enc_switch_s1,mw-push,41002,1,final,-0.003108310831083108,0.2,0.0,100
dino_push_enc_switch_s1,mw-push,41002,2,init,-0.07657965796579656,0.0,0.0,100
dino_push_enc_switch_s1,mw-push,41002,2,final,0.0694989498949895,0.0,0.0,100
dino_push_enc_switch_s1,mw-push,41002,3,init,0.14599459945994597,0.0,0.0,100
dino_push_enc_switch_s1,mw-push,41002,3,final,-0.06243024302430242,0.0,0.0,100
dino_push_enc_switch_s1,mw-push,41002,4,init,0.24969696969696964,0.1,0.0,100
dino_push_enc_switch_s1,mw-push,41002,4,final,0.05647764776477647,0.0,0.0,100
dino_push_enc_switch_s1,mw-push,41002,5,init,0.15183918391839182,0.1,0.0,100
dino_push_enc_switch_s1,mw-push,41002,5,final,0.25350135013501346,0.0,0.0,100
dino_push_enc_switch_s1,mw-push,41002,6,init,0.11669966996699668,0.0,0.0,100
dino_push_enc_switch_s1,mw-push,41002,6,final,0.1727212721272127,0.1,0.0,100
dino_push_enc_switch_s1,mw-push,41003,0,init,-0.48638463846384633,0.0,0.0,100
dino_push_enc_switch_s1,mw-push,41003,0,final,0.010849084908490847,0.0,0.0,100
dino_push_enc_switch_s1,mw-push,41003,1,init,-0.42093009300930084,0.0,0.0,100
dino_push_enc_switch_s1,mw-push,41003,1,final,0.13461746174617462,0.0,0.0,100
dino_push_enc_switch_s1,mw-push,41003,2,init,-0.41789378937893784,0.0,0.0,100
dino_push_enc_switch_s1,mw-push,41003,2,final,0.37323732373237317,0.0,0.0,100
dino_push_enc_switch_s1,mw-push,41003,3,init,0.05570957095709571,0.0,0.0,100
dino_push_enc_switch_s1,mw-push,41003,3,final,0.237023702370237,0.0,0.0,100
dino_push_enc_switch_s1,mw-push,41003,4,init,0.019153915391539152,0.0,0.0,100
dino_push_enc_switch_s1,mw-push,41003,4,final,0.2557575757575757,0.0,0.0,100
dino_push_enc_switch_s1,mw-push,41003,5,init,0.29611761176117607,0.3,0.0,100
dino_push_enc_switch_s1,mw-push,41003,5,final,0.38053405340534047,0.0,0.0,100
dino_push_enc_switch_s1,mw-push,41003,6,init,0.36367236723672364,0.0,0.0,100
dino_push_enc_switch_s1,mw-push,41003,6,final,0.15087908790879087,0.1,0.0,100
dino_push_enc_switch_s1,mw-push,41004,0,init,0.1828982898289829,0.0,0.0,100
dino_push_enc_switch_s1,mw-push,41004,0,final,0.1535313531353135,0.0,0.0,100
dino_push_enc_switch_s1,mw-push,41004,1,init,0.21233723372337232,0.1,0.0,100
dino_push_enc_switch_s1,mw-push,41004,1,final,0.13308130813081306,0.0,0.0,100
dino_push_enc_switch_s1,mw-push,41004,2,init,0.13845784578457845,0.1,0.0,100
dino_push_enc_switch_s1,mw-push,41004,2,final,-0.11890789078907887,0.1,0.0,100
dino_push_enc_switch_s1,mw-push,41004,3,init,0.20328832883288325,0.0,0.0,100
dino_push_enc_switch_s1,mw-push,41004,3,final,0.0800960096009601,0.0,0.0,100
dino_push_enc_switch_s1,mw-push,41004,4,init,0.14523852385238523,0.0,0.0,100
dino_push_enc_switch_s1,mw-push,41004,4,final,0.031263126312631256,0.0,0.0,100
dino_push_enc_switch_s1,mw-push,41004,5,init,0.461014101410141,0.1,0.0,100
dino_push_enc_switch_s1,mw-push,41004,5,final,-0.11073507350735072,0.0,0.0,100
dino_push_enc_switch_s1,mw-push,41004,6,init,0.14606660666066607,0.0,0.0,100
dino_push_enc_switch_s1,mw-push,41004,6,final,0.16745274527452741,0.1,0.0,100
dino_push_enc_switch_s1,mw-push,41005,0,init,-0.09965796579657965,0.2,0.0,100
dino_push_enc_switch_s1,mw-push,41005,0,final,-0.1388898889888989,0.0,0.0,100
dino_push_enc_switch_s1,mw-push,41005,1,init,-0.09945394539453944,0.0,0.0,100
dino_push_enc_switch_s1,mw-push,41005,1,final,-0.18039003900390038,0.1,0.0,100
dino_push_enc_switch_s1,mw-push,41005,2,init,-0.29326132613261324,0.0,0.0,100
dino_push_enc_switch_s1,mw-push,41005,2,final,0.21375337533753372,0.1,0.0,100
dino_push_enc_switch_s1,mw-push,41005,3,init,-0.1233123312331233,0.1,0.0,100
dino_push_enc_switch_s1,mw-push,41005,3,final,0.03936393639363936,0.0,0.0,100
dino_push_enc_switch_s1,mw-push,41005,4,init,-0.12064806480648065,0.0,0.0,100
dino_push_enc_switch_s1,mw-push,41005,4,final,0.0058565856585658565,0.0,0.0,100
dino_push_enc_switch_s1,mw-push,41005,5,init,0.26717071707170714,0.0,0.0,100
dino_push_enc_switch_s1,mw-push,41005,5,final,0.2216141614161416,0.1,0.0,100
dino_push_enc_switch_s1,mw-push,41005,6,init,0.17585358535853582,0.0,0.0,100
dino_push_enc_switch_s1,mw-push,41005,6,final,-0.08716471647164717,0.1,0.0,100
dino_push_enc_switch_s1,mw-push,41006,0,init,0.8683348334833482,0.5,0.0,100
dino_push_enc_switch_s1,mw-push,41006,0,final,-0.21603360336033603,0.1,0.0,100
dino_push_enc_switch_s1,mw-push,41006,1,init,0.6295589558955894,0.3,0.0,100
dino_push_enc_switch_s1,mw-push,41006,1,final,-0.18654665466546652,0.0,0.0,100
dino_push_enc_switch_s1,mw-push,41006,2,init,0.36878487848784874,0.1,0.0,100
dino_push_enc_switch_s1,mw-push,41006,2,final,-0.0792079207920792,0.0,0.0,100
dino_push_enc_switch_s1,mw-push,41006,3,init,0.5026942694269426,0.2,0.0,100
dino_push_enc_switch_s1,mw-push,41006,3,final,-0.1832223222322232,0.0,0.0,100
dino_push_enc_switch_s1,mw-push,41006,4,init,0.17878187818781877,0.0,0.1158982515335083,100
dino_push_enc_switch_s1,mw-push,41006,4,final,-0.17250525052505247,0.0,0.0,100
dino_push_enc_switch_s1,mw-push,41006,5,init,-0.2557335733573357,0.0,0.0,100
dino_push_enc_switch_s1,mw-push,41006,5,final,0.21016501650165015,0.0,0.0,100
dino_push_enc_switch_s1,mw-push,41006,6,init,0.1451185118511851,0.0,0.0,100
dino_push_enc_switch_s1,mw-push,41006,6,final,-0.048100810081008104,0.0,0.0,100
dino_push_enc_switch_s1,mw-push,41007,0,init,0.5112631263126313,0.5,0.0,100
dino_push_enc_switch_s1,mw-push,41007,0,final,-0.03798379837983798,0.0,0.0,100
dino_push_enc_switch_s1,mw-push,41007,1,init,0.26087008700870085,0.2,0.0,100
dino_push_enc_switch_s1,mw-push,41007,1,final,-0.07813981398139815,0.0,0.0,100
dino_push_enc_switch_s1,mw-push,41007,2,init,0.28841284128412836,0.1,0.0,100
dino_push_enc_switch_s1,mw-push,41007,2,final,0.17914191419141912,0.0,0.0,100
dino_push_enc_switch_s1,mw-push,41007,3,init,0.2434203420342034,0.0,0.0,100
dino_push_enc_switch_s1,mw-push,41007,3,final,0.18177017701770173,0.1,0.0,100
dino_push_enc_switch_s1,mw-push,41007,4,init,0.19859585958595855,0.1,0.0,100
dino_push_enc_switch_s1,mw-push,41007,4,final,0.1551035103510351,0.0,0.0,100
dino_push_enc_switch_s1,mw-push,41007,5,init,0.31747974797479744,0.1,0.0,100
dino_push_enc_switch_s1,mw-push,41007,5,final,0.1256405640564056,0.1,0.0,100
dino_push_enc_switch_s1,mw-push,41007,6,init,0.09413741374137413,0.1,0.0,100
dino_push_enc_switch_s1,mw-push,41007,6,final,0.0762076207620762,0.0,0.0,100
dino_push_enc_switch_s1,mw-push,41008,0,init,0.3911431143114311,0.1,0.0,100
dino_push_enc_switch_s1,mw-push,41008,0,final,0.34907890789078905,0.0,0.0,100
dino_push_enc_switch_s1,mw-push,41008,1,init,0.27787578757875786,0.0,0.0,100
dino_push_enc_switch_s1,mw-push,41008,1,final,0.17946594659465942,0.0,0.0,100
dino_push_enc_switch_s1,mw-push,41008,2,init,0.2988538853885388,0.0,0.0,100
dino_push_enc_switch_s1,mw-push,41008,2,final,0.3634083408340834,0.1,0.0,100
dino_push_enc_switch_s1,mw-push,41008,3,init,0.07351935193519352,0.0,0.0,100
dino_push_enc_switch_s1,mw-push,41008,3,final,0.3046264626462646,0.3,0.0,100
dino_push_enc_switch_s1,mw-push,41008,4,init,0.37321332133213314,0.2,0.0,100
dino_push_enc_switch_s1,mw-push,41008,4,final,-0.010165016501650165,0.0,0.0,100
dino_push_enc_switch_s1,mw-push,41008,5,init,0.19474347434743475,0.0,0.0,100
dino_push_enc_switch_s1,mw-push,41008,5,final,0.12565256525652563,0.0,0.0,100
dino_push_enc_switch_s1,mw-push,41008,6,init,0.16264026402640264,0.2,0.0,100
dino_push_enc_switch_s1,mw-push,41008,6,final,0.003672367236723672,0.0,0.0,100
dino_push_enc_switch_s1,mw-push,41009,0,init,0.021842184218421837,0.0,0.0,100
dino_push_enc_switch_s1,mw-push,41009,0,final,0.031227122712271224,0.1,0.0,100
dino_push_enc_switch_s1,mw-push,41009,1,init,-0.12184818481848185,0.1,0.0,100
dino_push_enc_switch_s1,mw-push,41009,1,final,0.10917491749174917,0.2,0.0,100
dino_push_enc_switch_s1,mw-push,41009,2,init,0.21827782778277827,0.2,0.0,100
dino_push_enc_switch_s1,mw-push,41009,2,final,0.051821182118211816,0.1,0.0,100
dino_push_enc_switch_s1,mw-push,41009,3,init,-0.0534053405340534,0.0,0.0,100
dino_push_enc_switch_s1,mw-push,41009,3,final,-0.206024602460246,0.2,0.0,100
dino_push_enc_switch_s1,mw-push,41009,4,init,0.036543654365436544,0.0,0.0,100
dino_push_enc_switch_s1,mw-push,41009,4,final,-0.12741674167416742,0.1,0.0,100
dino_push_enc_switch_s1,mw-push,41009,5,init,0.0964056405640564,0.0,0.0,100
dino_push_enc_switch_s1,mw-push,41009,5,final,0.011305130513051305,0.3,0.0,100
dino_push_enc_switch_s1,mw-push,41009,6,init,0.07045904590459044,0.2,0.0,100
dino_push_enc_switch_s1,mw-push,41009,6,final,-0.10869486948694869,0.1,0.0,100
dino_push_enc_switch_s1,mw-push,41010,0,init,0.5028022802280228,0.2,0.0,100
dino_push_enc_switch_s1,mw-push,41010,0,final,-0.18127812781278127,0.0,0.0,100
dino_push_enc_switch_s1,mw-push,41010,1,init,0.04146414641464147,0.0,0.0,100
dino_push_enc_switch_s1,mw-push,41010,1,final,0.089000900090009,0.0,0.0,100
dino_push_enc_switch_s1,mw-push,41010,2,init,0.09296129612961296,0.0,0.0,100
dino_push_enc_switch_s1,mw-push,41010,2,final,0.20093609360936088,0.0,0.0,100
dino_push_enc_switch_s1,mw-push,41010,3,init,0.2772877287728773,0.0,0.0,100
dino_push_enc_switch_s1,mw-push,41010,3,final,0.19969996999699965,0.0,0.0,100
dino_push_enc_switch_s1,mw-push,41010,4,init,0.2861806180618061,0.1,0.0,100
dino_push_enc_switch_s1,mw-push,41010,4,final,0.25600960096009595,0.0,0.0,100
dino_push_enc_switch_s1,mw-push,41010,5,init,0.3178157815781578,0.0,0.0,100
dino_push_enc_switch_s1,mw-push,41010,5,final,0.21206120612061202,0.1,0.0,100
dino_push_enc_switch_s1,mw-push,41010,6,init,-0.0035403540354035402,0.0,0.0,100
dino_push_enc_switch_s1,mw-push,41010,6,final,0.2504890489048905,0.0,0.0,100
dino_push_enc_switch_s1,mw-push,41011,0,init,-0.43457545754575455,0.1,0.0,100
dino_push_enc_switch_s1,mw-push,41011,0,final,0.15811581158115806,0.0,0.0,100
dino_push_enc_switch_s1,mw-push,41011,1,init,-0.4882928292829282,0.0,0.0,100
dino_push_enc_switch_s1,mw-push,41011,1,final,0.16026402640264026,0.0,0.0,100
dino_push_enc_switch_s1,mw-push,41011,2,init,-0.10642664266426641,0.1,0.0,100
dino_push_enc_switch_s1,mw-push,41011,2,final,0.15194719471947193,0.0,0.0,100
dino_push_enc_switch_s1,mw-push,41011,3,init,-0.1124152415241524,0.0,0.0,100
dino_push_enc_switch_s1,mw-push,41011,3,final,0.33352535253525356,0.0,0.0,100
dino_push_enc_switch_s1,mw-push,41011,4,init,-0.19407140714071405,0.2,0.17761588096619207,100
dino_push_enc_switch_s1,mw-push,41011,4,final,0.3431503150315031,0.0,0.0,100
dino_push_enc_switch_s1,mw-push,41011,5,init,-0.22107410741074104,0.0,0.0,100
dino_push_enc_switch_s1,mw-push,41011,5,final,0.38981098109810974,0.0,0.0,100
dino_push_enc_switch_s1,mw-push,41011,6,init,-0.31675967596759674,0.0,0.0,100
dino_push_enc_switch_s1,mw-push,41011,6,final,-0.05334533453345334,0.0,0.0,100
dino_push_enc_switch_s1,mw-push,41012,0,init,0.57008100810081,0.0,0.0,100
dino_push_enc_switch_s1,mw-push,41012,0,final,0.08926492649264925,0.0,0.0,100
dino_push_enc_switch_s1,mw-push,41012,1,init,0.06016201620162015,0.0,0.0,100
dino_push_enc_switch_s1,mw-push,41012,1,final,0.28994899489948994,0.0,0.0,100
dino_push_enc_switch_s1,mw-push,41012,2,init,-0.11399939993999399,0.0,0.0,100
dino_push_enc_switch_s1,mw-push,41012,2,final,0.20302430243024303,0.0,0.0,100
dino_push_enc_switch_s1,mw-push,41012,3,init,-0.11242724272427242,0.0,0.0,100
dino_push_enc_switch_s1,mw-push,41012,3,final,-0.027386738673867383,0.0,0.0,100
dino_push_enc_switch_s1,mw-push,41012,4,init,0.08945694569456945,0.0,0.0,100
dino_push_enc_switch_s1,mw-push,41012,4,final,0.21549354935493548,0.0,0.0,100
dino_push_enc_switch_s1,mw-push,41012,5,init,-0.2858685868586858,0.0,0.0,100
dino_push_enc_switch_s1,mw-push,41012,5,final,0.10340234023402338,0.0,0.0,100
dino_push_enc_switch_s1,mw-push,41012,6,init,0.5776777677767776,0.0,0.0,100
dino_push_enc_switch_s1,mw-push,41012,6,final,-0.12196819681968196,0.0,0.0,100
dino_push_enc_switch_s1,mw-push,41013,0,init,0.5125832583258325,0.3,0.0,100
dino_push_enc_switch_s1,mw-push,41013,0,final,-0.13324932493249322,0.0,0.0,100
dino_push_enc_switch_s1,mw-push,41013,1,init,0.14486648664866486,0.0,0.0,100
dino_push_enc_switch_s1,mw-push,41013,1,final,-0.06616261626162616,0.0,0.0,100
dino_push_enc_switch_s1,mw-push,41013,2,init,-0.3295289528952895,0.0,0.0,100
dino_push_enc_switch_s1,mw-push,41013,2,final,-0.13700570057005698,0.1,0.0,100
dino_push_enc_switch_s1,mw-push,41013,3,init,-0.2256105610561056,0.0,0.0,100
dino_push_enc_switch_s1,mw-push,41013,3,final,0.06268226822682268,0.0,0.0,100
dino_push_enc_switch_s1,mw-push,41013,4,init,-0.006816681668166816,0.1,0.0,100
dino_push_enc_switch_s1,mw-push,41013,4,final,0.05453345334533453,0.0,0.0,100
dino_push_enc_switch_s1,mw-push,41013,5,init,-0.1491149114911491,0.1,0.0,100
dino_push_enc_switch_s1,mw-push,41013,5,final,-0.014593459345934593,0.0,0.0,100
dino_push_enc_switch_s1,mw-push,41013,6,init,0.2108250825082508,0.0,0.0,100
dino_push_enc_switch_s1,mw-push,41013,6,final,0.012193219321932191,0.0,0.0,100
dino_push_enc_switch_s1,mw-push,41014,0,init,0.4075847584758476,0.3,0.0,100
dino_push_enc_switch_s1,mw-push,41014,0,final,0.017713771377137713,0.2,0.0,100
dino_push_enc_switch_s1,mw-push,41014,1,init,0.09050105010501049,0.1,0.0,100
dino_push_enc_switch_s1,mw-push,41014,1,final,-0.03955595559555954,0.1,0.0,100
dino_push_enc_switch_s1,mw-push,41014,2,init,0.07871587158715872,0.1,0.0,100
dino_push_enc_switch_s1,mw-push,41014,2,final,0.17228922892289225,0.2,0.0,100
dino_push_enc_switch_s1,mw-push,41014,3,init,0.12715271527152713,0.0,0.0,100
dino_push_enc_switch_s1,mw-push,41014,3,final,0.24168016801680164,0.0,0.0,100
dino_push_enc_switch_s1,mw-push,41014,4,init,0.1555595559555955,0.2,0.0,100
dino_push_enc_switch_s1,mw-push,41014,4,final,0.23656765676567654,0.1,0.0,100
dino_push_enc_switch_s1,mw-push,41014,5,init,0.20022802280228022,0.0,0.0,100
dino_push_enc_switch_s1,mw-push,41014,5,final,0.1497029702970297,0.0,0.0,100
dino_push_enc_switch_s1,mw-push,41014,6,init,-0.16859285928592857,0.0,0.0,100
dino_push_enc_switch_s1,mw-push,41014,6,final,-0.062478247824782465,0.2,0.0,100
dino_push_enc_switch_s1,mw-push,41015,0,init,-0.16868886888688867,0.2,0.0,100
dino_push_enc_switch_s1,mw-push,41015,0,final,0.09634563456345634,0.1,0.0,100
dino_push_enc_switch_s1,mw-push,41015,1,init,0.13848184818481846,0.3,0.0,100
dino_push_enc_switch_s1,mw-push,41015,1,final,0.014653465346534651,0.0,0.0,100
dino_push_enc_switch_s1,mw-push,41015,2,init,-0.13222922292229222,0.2,0.0,100
dino_push_enc_switch_s1,mw-push,41015,2,final,0.15414341434143414,0.0,0.0,100
dino_push_enc_switch_s1,mw-push,41015,3,init,-0.01717371737173717,0.0,0.0,100
dino_push_enc_switch_s1,mw-push,41015,3,final,0.07865586558655864,0.1,0.0,100
dino_push_enc_switch_s1,mw-push,41015,4,init,0.10048604860486046,0.3,0.0,100
dino_push_enc_switch_s1,mw-push,41015,4,final,0.10814281428142815,0.1,0.053942203521728516,100
dino_push_enc_switch_s1,mw-push,41015,5,init,-0.03380738073807381,0.1,1.095187664031988,100
dino_push_enc_switch_s1,mw-push,41015,5,final,0.36944494449444937,0.1,0.0,100
dino_push_enc_switch_s1,mw-push,41015,6,init,-0.13189318931893187,0.0,0.03298521041870117,100
dino_push_enc_switch_s1,mw-push,41015,6,final,0.044056405640564046,0.0,0.0,100
dino_push_enc_switch_s2,mw-push,41000,0,init,0.8273627362736272,0.7,0.0,100
dino_push_enc_switch_s2,mw-push,41000,0,final,-0.017293729372937293,0.1,1.9310027360916138,100
dino_push_enc_switch_s2,mw-push,41000,1,init,0.3043144314431443,0.1,2.3572176694869995,100
dino_push_enc_switch_s2,mw-push,41000,1,final,-0.3209600960096009,0.0,0.0,100
dino_push_enc_switch_s2,mw-push,41000,2,init,0.13413741374137414,0.1,0.0,100
dino_push_enc_switch_s2,mw-push,41000,2,final,-0.12914491449144913,0.0,0.0,100
dino_push_enc_switch_s2,mw-push,41000,3,init,0.15015901590159014,0.1,0.0,100
dino_push_enc_switch_s2,mw-push,41000,3,final,0.11009900990099007,0.0,0.0,100
dino_push_enc_switch_s2,mw-push,41000,4,init,0.1304170417041704,0.2,0.0,100
dino_push_enc_switch_s2,mw-push,41000,4,final,-0.23480348034803478,0.0,0.0,100
dino_push_enc_switch_s2,mw-push,41000,5,init,-0.025286528652865282,0.0,0.0,100
dino_push_enc_switch_s2,mw-push,41000,5,final,0.006576657665766576,0.0,0.0,100
dino_push_enc_switch_s2,mw-push,41000,6,init,-0.02515451545154515,0.0,0.0,100
dino_push_enc_switch_s2,mw-push,41000,6,final,-0.20966096609660964,0.0,0.0,100
dino_push_enc_switch_s2,mw-push,41001,0,init,0.8227902790279028,0.4,0.0,100
dino_push_enc_switch_s2,mw-push,41001,0,final,-0.3197359735973597,0.0,0.25022029876708984,100
dino_push_enc_switch_s2,mw-push,41001,1,init,0.09982598259825981,0.0,1.5814900398254395,100
dino_push_enc_switch_s2,mw-push,41001,1,final,-0.029570957095709567,0.0,0.0,100
dino_push_enc_switch_s2,mw-push,41001,2,init,0.06683468346834683,0.0,0.0,100
dino_push_enc_switch_s2,mw-push,41001,2,final,0.08843684368436842,0.0,0.0,100
dino_push_enc_switch_s2,mw-push,41001,3,init,0.21527752775277526,0.1,0.0,100
dino_push_enc_switch_s2,mw-push,41001,3,final,0.177041704170417,0.1,0.0,100
dino_push_enc_switch_s2,mw-push,41001,4,init,0.18654665466546652,0.1,0.0,100
dino_push_enc_switch_s2,mw-push,41001,4,final,0.20145214521452143,0.1,0.0,100
dino_push_enc_switch_s2,mw-push,41001,5,init,0.13874587458745874,0.1,0.0,100
dino_push_enc_switch_s2,mw-push,41001,5,final,0.01060906090609061,0.0,0.0,100
dino_push_enc_switch_s2,mw-push,41001,6,init,0.013057305730573057,0.0,0.0,100
dino_push_enc_switch_s2,mw-push,41001,6,final,0.15696369636963692,0.1,0.0,100
dino_push_enc_switch_s2,mw-push,41002,0,init,0.7998799879987999,0.7,0.0,100
dino_push_enc_switch_s2,mw-push,41002,0,final,0.15335133513351332,0.0,0.8609950542449896,100
dino_push_enc_switch_s2,mw-push,41002,1,init,0.6330033003300329,0.3,0.7620483636856135,100
dino_push_enc_switch_s2,mw-push,41002,1,final,-0.32076807680768066,0.0,2.4540796875953728,100
dino_push_enc_switch_s2,mw-push,41002,2,init,0.3327812781278127,0.2,2.40001380443573,100
dino_push_enc_switch_s2,mw-push,41002,2,final,0.09354935493549353,0.0,0.0,100
dino_push_enc_switch_s2,mw-push,41002,3,init,-0.19727572757275724,0.0,0.0,100
dino_push_enc_switch_s2,mw-push,41002,3,final,-0.014653465346534651,0.0,0.0,100
dino_push_enc_switch_s2,mw-push,41002,4,init,0.0050885088508850875,0.0,0.0,100
dino_push_enc_switch_s2,mw-push,41002,4,final,-0.09582958295829581,0.0,0.0,100
dino_push_enc_switch_s2,mw-push,41002,5,init,-0.17432943294329434,0.0,0.0,100
dino_push_enc_switch_s2,mw-push,41002,5,final,-0.19566756675667565,0.0,0.0,100
dino_push_enc_switch_s2,mw-push,41002,6,init,-0.1242124212421242,0.0,0.0,100
dino_push_enc_switch_s2,mw-push,41002,6,final,-0.27063906390639064,0.0,0.0,100
dino_push_enc_switch_s2,mw-push,41003,0,init,0.8259945994599459,0.5,0.0,100
dino_push_enc_switch_s2,mw-push,41003,0,final,-0.08663666366636663,0.2,0.12348145246506015,100
dino_push_enc_switch_s2,mw-push,41003,1,init,0.5423942394239424,0.3,0.798946619033819,100
dino_push_enc_switch_s2,mw-push,41003,1,final,-0.4324992499249925,0.0,0.0,100
dino_push_enc_switch_s2,mw-push,41003,2,init,-0.08706870687068706,0.0,0.0,100
dino_push_enc_switch_s2,mw-push,41003,2,final,-0.03165916591659165,0.0,0.0,100
dino_push_enc_switch_s2,mw-push,41003,3,init,-0.16934893489348932,0.0,0.0,100
dino_push_enc_switch_s2,mw-push,41003,3,final,-0.34795079507950794,0.0,0.0,100
dino_push_enc_switch_s2,mw-push,41003,4,init,-0.2996939693969397,0.0,0.0,100
dino_push_enc_switch_s2,mw-push,41003,4,final,-0.38035403540354035,0.0,0.0,100
dino_push_enc_switch_s2,mw-push,41003,5,init,-0.42114611461146106,0.0,0.0,100
dino_push_enc_switch_s2,mw-push,41003,5,final,-0.5591599159915991,0.0,0.0,100
dino_push_enc_switch_s2,mw-push,41003,6,init,-0.6705190519051906,0.0,0.0,100
dino_push_enc_switch_s2,mw-push,41003,6,final,-0.25059705970597057,0.0,0.0,100
dino_push_enc_switch_s2,mw-push,41004,0,init,0.6822322232223221,0.3,0.0,100
dino_push_enc_switch_s2,mw-push,41004,0,final,0.2309390939093909,0.1,0.0,100
dino_push_enc_switch_s2,mw-push,41004,1,init,-0.06373837383738373,0.0,0.0,100
dino_push_enc_switch_s2,mw-push,41004,1,final,-0.02617461746174617,0.0,0.0,100
dino_push_enc_switch_s2,mw-push,41004,2,init,0.5048424842484248,0.0,0.0,100
dino_push_enc_switch_s2,mw-push,41004,2,final,-0.2151575157515751,0.0,0.0,100
dino_push_enc_switch_s2,mw-push,41004,3,init,0.286012601260126,0.0,0.0,100
dino_push_enc_switch_s2,mw-push,41004,3,final,-0.0874047404740474,0.0,0.0,100
dino_push_enc_switch_s2,mw-push,41004,4,init,-0.2558535853585358,0.0,0.0,100
dino_push_enc_switch_s2,mw-push,41004,4,final,-0.23027902790279026,0.0,0.0,100
dino_push_enc_switch_s2,mw-push,41004,5,init,0.33378937893789373,0.0,0.0,100
dino_push_enc_switch_s2,mw-push,41004,5,final,0.10387038703870385,0.0,0.0,100
dino_push_enc_switch_s2,mw-push,41004,6,init,-0.0449084908490849,0.0,0.0,100
dino_push_enc_switch_s2,mw-push,41004,6,final,-0.0458085808580858,0.0,0.0,100
dino_push_enc_switch_s2,mw-push,41005,0,init,0.8769516951695169,0.7,0.0,100
dino_push_enc_switch_s2,mw-push,41005,0,final,0.18217821782178217,0.0,0.7252812385559082,100
dino_push_enc_switch_s2,mw-push,41005,1,init,0.9136513651365137,0.6,0.0,100
dino_push_enc_switch_s2,mw-push,41005,1,final,0.09636963696369635,0.0,0.027592480182647705,100
dino_push_enc_switch_s2,mw-push,41005,2,init,0.5442784278427842,0.0,4.6236604452133205,100
dino_push_enc_switch_s2,mw-push,41005,2,final,-0.38857485748574855,0.0,0.0,100
dino_push_enc_switch_s2,mw-push,41005,3,init,-0.10167416741674165,0.0,0.0,100
dino_push_enc_switch_s2,mw-push,41005,3,final,-0.7635163516351634,0.0,0.0,100
dino_push_enc_switch_s2,mw-push,41005,4,init,-0.2661986198619862,0.0,0.0,100
dino_push_enc_switch_s2,mw-push,41005,4,final,-0.48915691569156905,0.0,0.0,100
dino_push_enc_switch_s2,mw-push,41005,5,init,-0.27289528952895287,0.0,0.0,100
dino_push_enc_switch_s2,mw-push,41005,5,final,-0.3857425742574257,0.0,0.0,100
dino_push_enc_switch_s2,mw-push,41005,6,init,-0.4947494749474947,0.0,0.0,100
dino_push_enc_switch_s2,mw-push,41005,6,final,-0.4729192919291929,0.0,0.0,100
dino_push_enc_switch_s2,mw-push,41006,0,init,0.8426762676267626,0.5,0.0,100
dino_push_enc_switch_s2,mw-push,41006,0,final,0.1205160516051605,0.0,0.0,100
dino_push_enc_switch_s2,mw-push,41006,1,init,0.4993459345934593,0.0,0.0,100
dino_push_enc_switch_s2,mw-push,41006,1,final,-0.37951395139513944,0.0,0.0,100
dino_push_enc_switch_s2,mw-push,41006,2,init,-0.3422022202220221,0.0,0.0,100
dino_push_enc_switch_s2,mw-push,41006,2,final,-0.8155175517551755,0.0,0.0,100
dino_push_enc_switch_s2,mw-push,41006,3,init,-0.27907590759075906,0.0,0.0,100
dino_push_enc_switch_s2,mw-push,41006,3,final,-0.20441644164416437,0.0,0.0,100
dino_push_enc_switch_s2,mw-push,41006,4,init,-0.309090909090909,0.0,0.0,100
dino_push_enc_switch_s2,mw-push,41006,4,final,-0.6428562856285629,0.0,0.0,100
dino_push_enc_switch_s2,mw-push,41006,5,init,-0.6281308130813079,0.0,0.0,100
dino_push_enc_switch_s2,mw-push,41006,5,final,-0.1861266126612661,0.0,0.0,100
dino_push_enc_switch_s2,mw-push,41006,6,init,-0.7963996399639962,0.0,0.0,100
dino_push_enc_switch_s2,mw-push,41006,6,final,-0.09304530453045304,0.0,0.0,100
dino_push_enc_switch_s2,mw-push,41007,0,init,0.8882928292829281,0.7,0.0,100
dino_push_enc_switch_s2,mw-push,41007,0,final,-0.5478667866786678,0.0,0.0,100
dino_push_enc_switch_s2,mw-push,41007,1,init,-0.04112811281128112,0.1,1.3218089938163702,100
dino_push_enc_switch_s2,mw-push,41007,1,final,0.04625262526252625,0.0,0.0,100
dino_push_enc_switch_s2,mw-push,41007,2,init,-0.13822982298229822,0.0,0.0,100
dino_push_enc_switch_s2,mw-push,41007,2,final,0.2024122412241224,0.0,0.0,100
dino_push_enc_switch_s2,mw-push,41007,3,init,0.32056405640564056,0.2,0.0,100
dino_push_enc_switch_s2,mw-push,41007,3,final,0.003564356435643564,0.2,0.0,100
dino_push_enc_switch_s2,mw-push,41007,4,init,0.292037203720372,0.2,0.0,100
dino_push_enc_switch_s2,mw-push,41007,4,final,0.22709870987098707,0.1,0.0,100
dino_push_enc_switch_s2,mw-push,41007,5,init,0.026642664266426638,0.1,0.0,100
dino_push_enc_switch_s2,mw-push,41007,5,final,0.08955295529552955,0.1,0.0,100
dino_push_enc_switch_s2,mw-push,41007,6,init,0.1553915391539154,0.1,0.0,100
dino_push_enc_switch_s2,mw-push,41007,6,final,0.06228622862286228,0.0,0.0,100
dino_push_enc_switch_s2,mw-push,41008,0,init,0.8932013201320131,0.7,0.0,100
dino_push_enc_switch_s2,mw-push,41008,0,final,-0.03983198319831983,0.0,1.1994630098342896,100
dino_push_enc_switch_s2,mw-push,41008,1,init,0.6440204020402039,0.4,0.29887855052948,100
dino_push_enc_switch_s2,mw-push,41008,1,final,-0.3698289828982898,0.0,0.0,100
dino_push_enc_switch_s2,mw-push,41008,2,init,-0.08338433843384338,0.0,0.0,100
dino_push_enc_switch_s2,mw-push,41008,2,final,-0.4511851185118511,0.0,0.0,100
dino_push_enc_switch_s2,mw-push,41008,3,init,-0.29539753975397537,0.0,0.0,100
dino_push_enc_switch_s2,mw-push,41008,3,final,-0.10107410741074105,0.0,0.0,100
dino_push_enc_switch_s2,mw-push,41008,4,init,-0.11555955595559556,0.0,0.0,100
dino_push_enc_switch_s2,mw-push,41008,4,final,0.08303630363036305,0.0,0.0,100
dino_push_enc_switch_s2,mw-push,41008,5,init,-0.35726372637263726,0.0,0.0,100
dino_push_enc_switch_s2,mw-push,41008,5,final,-0.11653165316531652,0.1,0.0,100
dino_push_enc_switch_s2,mw-push,41008,6,init,-0.03905190519051904,0.0,0.0,100
dino_push_enc_switch_s2,mw-push,41008,6,final,-0.0608100810081008,0.0,0.0,100
dino_push_enc_switch_s2,mw-push,41009,0,init,0.6685748574857484,0.4,0.0,100
dino_push_enc_switch_s2,mw-push,41009,0,final,0.2207140714071407,0.0,0.4978328943252619,100
dino_push_enc_switch_s2,mw-push,41009,1,init,0.4566336633663366,0.5,0.0,100
dino_push_enc_switch_s2,mw-push,41009,1,final,-0.18513051305130512,0.0,1.521322131156927,100
dino_push_enc_switch_s2,mw-push,41009,2,init,0.16504050405040505,0.1,2.347923815250402,100
dino_push_enc_switch_s2,mw-push,41009,2,final,-0.15912391239123908,0.0,0.0,100
dino_push_enc_switch_s2,mw-push,41009,3,init,-0.2585778577857786,0.0,0.22001564502716064,100
dino_push_enc_switch_s2,mw-push,41009,3,final,-0.3418301830183018,0.0,0.0,100
dino_push_enc_switch_s2,mw-push,41009,4,init,-0.27752775277527747,0.0,0.0,100
dino_push_enc_switch_s2,mw-push,41009,4,final,-0.27414341434143413,0.0,0.0,100
dino_push_enc_switch_s2,mw-push,41009,5,init,-0.2932973297329733,0.0,0.0,100
dino_push_enc_switch_s2,mw-push,41009,5,final,-0.1670927092709271,0.0,0.0,100
dino_push_enc_switch_s2,mw-push,41009,6,init,-0.45699369936993695,0.0,0.0,100
dino_push_enc_switch_s2,mw-push,41009,6,final,-0.18797479747974796,0.0,0.0,100
dino_push_enc_switch_s2,mw-push,41010,0,init,0.8214101410141014,0.6,0.0,100
dino_push_enc_switch_s2,mw-push,41010,0,final,-0.2318391839183918,0.0,0.0,100
dino_push_enc_switch_s2,mw-push,41010,1,init,0.19039903990399037,0.0,0.0,100
dino_push_enc_switch_s2,mw-push,41010,1,final,-0.1061986198619862,0.0,0.0,100
dino_push_enc_switch_s2,mw-push,41010,2,init,-0.04603660366036603,0.0,0.0,100
dino_push_enc_switch_s2,mw-push,41010,2,final,0.2052925292529253,0.0,0.0,100
dino_push_enc_switch_s2,mw-push,41010,3,init,0.3266726672667266,0.3,0.0,100
dino_push_enc_switch_s2,mw-push,41010,3,final,-0.03865586558655865,0.0,0.0,100
dino_push_enc_switch_s2,mw-push,41010,4,init,0.44338433843384334,0.1,0.0,100
dino_push_enc_switch_s2,mw-push,41010,4,final,0.039147914791479145,0.0,0.0,100
dino_push_enc_switch_s2,mw-push,41010,5,init,0.3633843384338433,0.1,0.0,100
dino_push_enc_switch_s2,mw-push,41010,5,final,0.11859585958595859,0.0,0.0,100
dino_push_enc_switch_s2,mw-push,41010,6,init,0.1227122712271227,0.0,0.0,100
dino_push_enc_switch_s2,mw-push,41010,6,final,0.08222022202220221,0.0,0.0,100
dino_push_enc_switch_s2,mw-push,41011,0,init,0.8738193819381938,0.5,0.0,100
dino_push_enc_switch_s2,mw-push,41011,0,final,-0.013681368136813678,0.0,0.0,100
dino_push_enc_switch_s2,mw-push,41011,1,init,0.5587278727872788,0.2,1.6371652483940098,100
dino_push_enc_switch_s2,mw-push,41011,1,final,-0.3111671167116711,0.0,0.0,100
dino_push_enc_switch_s2,mw-push,41011,2,init,-0.1682208220822082,0.0,0.0,100
dino_push_enc_switch_s2,mw-push,41011,2,final,-0.36564056405640555,0.0,0.0,100
dino_push_enc_switch_s2,mw-push,41011,3,init,-0.14197419741974196,0.0,0.0,100
dino_push_enc_switch_s2,mw-push,41011,3,final,-0.38651065106510646,0.0,0.0,100
dino_push_enc_switch_s2,mw-push,41011,4,init,-0.23048304830483046,0.0,0.0,100
dino_push_enc_switch_s2,mw-push,41011,4,final,-0.48104410441044104,0.0,0.0,100
dino_push_enc_switch_s2,mw-push,41011,5,init,-0.26669066906690664,0.0,0.0,100
dino_push_enc_switch_s2,mw-push,41011,5,final,-0.4694389438943894,0.0,0.0,100
dino_push_enc_switch_s2,mw-push,41011,6,init,-0.6544494449444944,0.0,0.0,100
dino_push_enc_switch_s2,mw-push,41011,6,final,-0.6299309930993099,0.0,0.0,100
dino_push_enc_switch_s2,mw-push,41012,0,init,0.8784998499849983,0.6,0.0,100
dino_push_enc_switch_s2,mw-push,41012,0,final,-0.038379837983798376,0.0,0.5012765526771518,100
dino_push_enc_switch_s2,mw-push,41012,1,init,0.6012601260126013,0.3,0.41703432798385065,100
dino_push_enc_switch_s2,mw-push,41012,1,final,-0.3487668766876687,0.0,0.0,100
dino_push_enc_switch_s2,mw-push,41012,2,init,-0.045388538853885385,0.0,0.0,100
dino_push_enc_switch_s2,mw-push,41012,2,final,-0.3822022202220221,0.0,0.0,100
dino_push_enc_switch_s2,mw-push,41012,3,init,-0.30599459945994595,0.0,0.0,100
dino_push_enc_switch_s2,mw-push,41012,3,final,-0.04162016201620161,0.0,0.0,100
dino_push_enc_switch_s2,mw-push,41012,4,init,-0.24886888688868886,0.0,0.0,100
dino_push_enc_switch_s2,mw-push,41012,4,final,0.000468046804680468,0.0,0.0,100
dino_push_enc_switch_s2,mw-push,41012,5,init,-0.3357695769576957,0.0,0.0,100
dino_push_enc_switch_s2,mw-push,41012,5,final,-0.08854485448544852,0.0,0.0,100
dino_push_enc_switch_s2,mw-push,41012,6,init,-0.6496129612961296,0.0,0.0,100
dino_push_enc_switch_s2,mw-push,41012,6,final,0.01908190819081908,0.0,0.0,100
dino_push_enc_switch_s2,mw-push,41013,0,init,0.808952895289529,0.8,0.0,100
dino_push_enc_switch_s2,mw-push,41013,0,final,0.5643924392439243,0.1,0.794258713722229,100
dino_push_enc_switch_s2,mw-push,41013,1,init,0.8762196219621962,0.7,1.3878598809242304,100
dino_push_enc_switch_s2,mw-push,41013,1,final,-0.672943294329433,0.0,4.990227520465848,100
dino_push_enc_switch_s2,mw-push,41013,2,init,0.3062826282628262,0.0,1.8600270152091896,100
dino_push_enc_switch_s2,mw-push,41013,2,final,-0.6726792679267927,0.0,0.0,100
dino_push_enc_switch_s2,mw-push,41013,3,init,-0.568964896489649,0.0,0.0,100
dino_push_enc_switch_s2,mw-push,41013,3,final,-0.5206960696069607,0.0,0.0,100
dino_push_enc_switch_s2,mw-push,41013,4,init,-0.6954815481548153,0.0,0.0,100
dino_push_enc_switch_s2,mw-push,41013,4,final,-0.021374137413741372,0.1,0.0,100
dino_push_enc_switch_s2,mw-push,41013,5,init,-0.7305850585058505,0.0,0.0,100
dino_push_enc_switch_s2,mw-push,41013,5,final,0.3595079507950794,0.0,0.0,100
dino_push_enc_switch_s2,mw-push,41013,6,init,0.3133033303330333,0.1,0.0,100
dino_push_enc_switch_s2,mw-push,41013,6,final,-0.079015901590159,0.0,0.0,100
dino_push_enc_switch_s2,mw-push,41014,0,init,0.8289348934893488,0.5,0.0,100
dino_push_enc_switch_s2,mw-push,41014,0,final,-0.4689588958895889,0.0,1.7272740602493313,100
dino_push_enc_switch_s2,mw-push,41014,1,init,0.12766876687668766,0.0,0.01649409532546997,100
dino_push_enc_switch_s2,mw-push,41014,1,final,-0.30285028502850286,0.0,0.0,100
dino_push_enc_switch_s2,mw-push,41014,2,init,-0.06886288628862886,0.0,0.0,100
dino_push_enc_switch_s2,mw-push,41014,2,final,-0.32886888688868887,0.0,0.0,100
dino_push_enc_switch_s2,mw-push,41014,3,init,0.6542094209420941,0.1,0.0,100
dino_push_enc_switch_s2,mw-push,41014,3,final,-0.0062046204620462035,0.0,0.0,100
dino_push_enc_switch_s2,mw-push,41014,4,init,0.15602760276027602,0.0,0.0,100
dino_push_enc_switch_s2,mw-push,41014,4,final,0.09491749174917491,0.0,0.0,100
dino_push_enc_switch_s2,mw-push,41014,5,init,0.21687368736873686,0.0,0.0,100
dino_push_enc_switch_s2,mw-push,41014,5,final,0.10349834983498349,0.1,0.0,100
dino_push_enc_switch_s2,mw-push,41014,6,init,-0.13377737773777376,0.1,0.0,100
dino_push_enc_switch_s2,mw-push,41014,6,final,0.12062406240624061,0.2,0.0,100
dino_push_enc_switch_s2,mw-push,41015,0,init,0.005484548454845484,0.1,0.0,100
dino_push_enc_switch_s2,mw-push,41015,0,final,-0.16084008400840083,0.0,0.0,100
dino_push_enc_switch_s2,mw-push,41015,1,init,-0.2254185418541854,0.0,0.0,100
dino_push_enc_switch_s2,mw-push,41015,1,final,-0.35181518151815183,0.0,0.0,100
dino_push_enc_switch_s2,mw-push,41015,2,init,-0.3804740474047404,0.0,0.0620424747467041,100
dino_push_enc_switch_s2,mw-push,41015,2,final,-0.32986498649864987,0.0,0.0,100
dino_push_enc_switch_s2,mw-push,41015,3,init,-0.4508370837083708,0.0,1.7853260040283203,100
dino_push_enc_switch_s2,mw-push,41015,3,final,-0.3044224422442243,0.0,0.0,100
dino_push_enc_switch_s2,mw-push,41015,4,init,-0.0908130813081308,0.0,0.0,100
dino_push_enc_switch_s2,mw-push,41015,4,final,-0.2816321632163216,0.0,0.0,100
dino_push_enc_switch_s2,mw-push,41015,5,init,-0.344002400240024,0.0,0.023990869522100278,100
dino_push_enc_switch_s2,mw-push,41015,5,final,-0.17536153615361533,0.0,0.0,100
dino_push_enc_switch_s2,mw-push,41015,6,init,-0.7427662766276626,0.0,0.0,100
dino_push_enc_switch_s2,mw-push,41015,6,final,-0.2312391239123912,0.0,0.0,100
