tag,task,seed,replan,phase,rho,recall,r_sel_cm,n
dino_pick_l2,mw-pick-place,41000,0,init,0.1675487548754875,0.2,0.0,100
dino_pick_l2,mw-pick-place,41000,0,final,-0.7953435343534352,0.0,0.0,100
dino_pick_l2,mw-pick-place,41000,1,init,-0.1797299729972997,0.0,0.0,100
dino_pick_l2,mw-pick-place,41000,1,final,-0.19182718271827182,0.0,0.0,100
dino_pick_l2,mw-pick-place,41000,2,init,-0.3857305730573057,0.0,0.0,100
dino_pick_l2,mw-pick-place,41000,2,final,-0.24008400840084007,0.0,0.0,100
dino_pick_l2,mw-pick-place,41000,3,init,-0.28768076807680765,0.0,0.0,100
dino_pick_l2,mw-pick-place,41000,3,final,0.03905190519051904,0.0,0.0,100
dino_pick_l2,mw-pick-place,41000,4,init,-0.30448244824482446,0.1,0.0,100
dino_pick_l2,mw-pick-place,41000,4,final,-0.13704170417041703,0.0,0.0,100
dino_pick_l2,mw-pick-place,41000,5,init,0.14298229822982295,0.1,0.0,100
dino_pick_l2,mw-pick-place,41000,5,final,0.331005100510051,0.0,0.0,100
dino_pick_l2,mw-pick-place,41000,6,init,0.4512451245124512,0.0,0.0,100
dino_pick_l2,mw-pick-place,41000,6,final,0.045892589258925885,0.0,0.0,100
dino_pick_l2,mw-pick-place,41001,0,init,0.29503750375037496,0.0,0.0,100
dino_pick_l2,mw-pick-place,41001,0,final,-0.01843384338433843,0.0,0.0,100
dino_pick_l2,mw-pick-place,41001,1,init,-0.13389738973897386,0.0,0.0,100
dino_pick_l2,mw-pick-place,41001,1,final,-0.8055205520552055,0.0,0.0,100
dino_pick_l2,mw-pick-place,41001,2,init,-0.3902910291029103,0.0,0.0,100
dino_pick_l2,mw-pick-place,41001,2,final,-0.03799579957995799,0.0,0.0,100
dino_pick_l2,mw-pick-place,41001,3,init,-0.5666126612661265,0.0,0.0,100
dino_pick_l2,mw-pick-place,41001,3,final,-0.09939393939393938,0.0,0.0,100
dino_pick_l2,mw-pick-place,41001,4,init,-0.15403540354035403,0.0,0.0,100
dino_pick_l2,mw-pick-place,41001,4,final,0.10396639663966396,0.0,0.0,100
dino_pick_l2,mw-pick-place,41001,5,init,-0.27762376237623765,0.0,0.0,100
dino_pick_l2,mw-pick-place,41001,5,final,0.1511191119111911,0.0,0.0,100
dino_pick_l2,mw-pick-place,41001,6,init,0.12924092409240923,0.1,0.0,100
dino_pick_l2,mw-pick-place,41001,6,final,-0.12756075607560755,0.0,0.0,100
dino_pick_l2,mw-pick-place,41002,0,init,0.7068826882688267,0.2,0.0,100
dino_pick_l2,mw-pick-place,41002,0,final,0.15697569756975696,0.1,0.0,100
dino_pick_l2,mw-pick-place,41002,1,init,0.1987158715871587,0.2,0.0070989131927490234,100
dino_pick_l2,mw-pick-place,41002,1,final,0.01585358535853585,0.0,0.0,100
dino_pick_l2,mw-pick-place,41002,2,init,-0.26895889588958893,0.0,0.0,100
dino_pick_l2,mw-pick-place,41002,2,final,-0.3709450945094509,0.0,0.0,100
dino_pick_l2,mw-pick-place,41002,3,init,-0.587074707470747,0.0,0.0,100
dino_pick_l2,mw-pick-place,41002,3,final,0.28398439843984397,0.1,0.0,100
dino_pick_l2,mw-pick-place,41002,4,init,0.42514251425142513,0.3,0.0,100
dino_pick_l2,mw-pick-place,41002,4,final,0.3033663366336633,0.0,0.0,100
dino_pick_l2,mw-pick-place,41002,5,init,0.7852505250525053,0.5,0.0,100
dino_pick_l2,mw-pick-place,41002,5,final,0.10178217821782176,0.0,0.0,100
dino_pick_l2,mw-pick-place,41002,6,init,0.3946354635463546,0.3,0.0,100
dino_pick_l2,mw-pick-place,41002,6,final,-0.11433543354335432,0.0,0.0,100
dino_pick_l2,mw-pick-place,41003,0,init,0.13393339333933393,0.0,0.0,100
dino_pick_l2,mw-pick-place,41003,0,final,-0.16969696969696968,0.0,0.0,100
dino_pick_l2,mw-pick-place,41003,1,init,-0.18214221422142213,0.0,0.0,100
dino_pick_l2,mw-pick-place,41003,1,final,0.006336633663366335,0.0,0.0,100
dino_pick_l2,mw-pick-place,41003,2,init,-0.6277707770777077,0.0,0.0,100
dino_pick_l2,mw-pick-place,41003,2,final,0.002724272427242724,0.0,0.0,100
dino_pick_l2,mw-pick-place,41003,3,init,0.4788358835883588,0.0,0.0,100
dino_pick_l2,mw-pick-place,41003,3,final,0.041008100810081,0.0,0.0,100
dino_pick_l2,mw-pick-place,41003,4,init,0.022394239423942395,0.0,0.0,100
dino_pick_l2,mw-pick-place,41003,4,final,-0.0848964896489649,0.0,0.0,100
dino_pick_l2,mw-pick-place,41003,5,init,-0.14280228022802277,0.0,0.0,100
dino_pick_l2,mw-pick-place,41003,5,final,0.12414041404140413,0.0,0.0,100
dino_pick_l2,mw-pick-place,41003,6,init,-0.36716471647164717,0.0,0.0,100
dino_pick_l2,mw-pick-place,41003,6,final,-0.056453645364536446,0.0,0.0,100
dino_pick_l2,mw-pick-place,41004,0,init,0.2696069606960696,0.0,0.0,100
dino_pick_l2,mw-pick-place,41004,0,final,0.0396039603960396,0.0,0.0,100
dino_pick_l2,mw-pick-place,41004,1,init,-0.17237323732373233,0.0,0.0,100
dino_pick_l2,mw-pick-place,41004,1,final,-0.03185118511851185,0.0,0.0,100
dino_pick_l2,mw-pick-place,41004,2,init,-0.2384398439843984,0.0,0.0,100
dino_pick_l2,mw-pick-place,41004,2,final,-0.25801380138013796,0.0,0.0,100
dino_pick_l2,mw-pick-place,41004,3,init,-0.41285328532853277,0.0,0.0,100
dino_pick_l2,mw-pick-place,41004,3,final,-0.040756075607560754,0.0,0.0,100
dino_pick_l2,mw-pick-place,41004,4,init,-0.454041404140414,0.0,0.0,100
dino_pick_l2,mw-pick-place,41004,4,final,-0.02994299429942994,0.0,0.0,100
dino_pick_l2,mw-pick-place,41004,5,init,0.2275307530753075,0.0,0.0,100
dino_pick_l2,mw-pick-place,41004,5,final,0.050669066906690666,0.1,0.0,100
dino_pick_l2,mw-pick-place,41004,6,init,0.4772517251725172,0.4,0.0,100
dino_pick_l2,mw-pick-place,41004,6,final,-0.07327932793279328,0.0,0.0,100
dino_pick_l2,mw-pick-place,41005,0,init,0.7903510351035101,0.4,0.0,100
dino_pick_l2,mw-pick-place,41005,0,final,-0.19727572757275724,0.0,0.0,100
dino_pick_l2,mw-pick-place,41005,1,init,0.21131713171317132,0.1,0.0,100
dino_pick_l2,mw-pick-place,41005,1,final,-0.49844584458445834,0.1,0.0,100
dino_pick_l2,mw-pick-place,41005,2,init,-0.19249924992499245,0.0,0.0,100
dino_pick_l2,mw-pick-place,41005,2,final,0.14526252625262526,0.0,0.0,100
dino_pick_l2,mw-pick-place,41005,3,init,0.2713471347134713,0.0,0.0,100
dino_pick_l2,mw-pick-place,41005,3,final,0.1148154815481548,0.0,0.0,100
dino_pick_l2,mw-pick-place,41005,4,init,0.519075907590759,0.4,0.0,100
dino_pick_l2,mw-pick-place,41005,4,final,-0.053765376537653765,0.0,0.0,100
dino_pick_l2,mw-pick-place,41005,5,init,0.6278787878787879,0.2,0.0,100
dino_pick_l2,mw-pick-place,41005,5,final,-0.009936993699369937,0.0,0.0,100
dino_pick_l2,mw-pick-place,41005,6,init,0.5754575457545754,0.2,0.0,100
dino_pick_l2,mw-pick-place,41005,6,final,-0.06190219021902189,0.0,0.0,100
dino_pick_l2,mw-pick-place,41006,0,init,0.5375577557755775,0.4,0.0,100
dino_pick_l2,mw-pick-place,41006,0,final,0.2427362736273627,0.1,0.0,100
dino_pick_l2,mw-pick-place,41006,1,init,0.2745634563456345,0.1,0.0,100
dino_pick_l2,mw-pick-place,41006,1,final,-0.09929792979297927,0.0,0.0,100
dino_pick_l2,mw-pick-place,41006,2,init,-0.03515151515151515,0.0,0.3076791763305581,100
dino_pick_l2,mw-pick-place,41006,2,final,-0.08901290129012901,0.0,0.0,100
dino_pick_l2,mw-pick-place,41006,3,init,-0.28045604560456044,0.0,0.0,100
dino_pick_l2,mw-pick-place,41006,3,final,-0.10534653465346533,0.0,0.0,100
dino_pick_l2,mw-pick-place,41006,4,init,-0.20337233723372333,0.0,0.0,100
dino_pick_l2,mw-pick-place,41006,4,final,0.09048904890489047,0.1,0.0,100
dino_pick_l2,mw-pick-place,41006,5,init,-0.18538253825382536,0.0,0.0,100
dino_pick_l2,mw-pick-place,41006,5,final,0.10826282628262825,0.1,0.0,100
dino_pick_l2,mw-pick-place,41006,6,init,0.3163756375637563,0.1,0.0,100
dino_pick_l2,mw-pick-place,41006,6,final,0.09155715571557155,0.1,0.0,100
dino_pick_l2,mw-pick-place,41007,0,init,0.562052205220522,0.3,0.0,100
dino_pick_l2,mw-pick-place,41007,0,final,-0.3037623762376237,0.0,0.0,100
dino_pick_l2,mw-pick-place,41007,1,init,0.04330033003300329,0.0,0.0,100
dino_pick_l2,mw-pick-place,41007,1,final,-0.3751215121512151,0.0,0.0,100
dino_pick_l2,mw-pick-place,41007,2,init,-0.488016801680168,0.0,0.0,100
dino_pick_l2,mw-pick-place,41007,2,final,0.37736573657365735,0.0,0.0,100
dino_pick_l2,mw-pick-place,41007,3,init,0.3605880588058806,0.2,0.0,100
dino_pick_l2,mw-pick-place,41007,3,final,0.2255265526552655,0.0,0.0,100
dino_pick_l2,mw-pick-place,41007,4,init,0.7420582058205819,0.5,0.0,100
dino_pick_l2,mw-pick-place,41007,4,final,0.21807380738073803,0.0,0.0,100
dino_pick_l2,mw-pick-place,41007,5,init,0.6814041404140414,0.1,0.0,100
dino_pick_l2,mw-pick-place,41007,5,final,0.1269246924692469,0.0,0.0,100
dino_pick_l2,mw-pick-place,41007,6,init,0.11986798679867985,0.0,0.0,100
dino_pick_l2,mw-pick-place,41007,6,final,-0.10973897389738972,0.0,0.0,100
dino_pick_l2,mw-pick-place,41008,0,init,0.72010801080108,0.5,0.0,100
dino_pick_l2,mw-pick-place,41008,0,final,0.1382058205820582,0.1,0.0,100
dino_pick_l2,mw-pick-place,41008,1,init,0.2959615961596159,0.1,0.905486941337591,100
dino_pick_l2,mw-pick-place,41008,1,final,-0.23828382838283826,0.0,0.0,100
dino_pick_l2,mw-pick-place,41008,2,init,-0.18474647464746471,0.0,0.1986712217330988,100
dino_pick_l2,mw-pick-place,41008,2,final,-0.6114731473147315,0.0,0.0,100
dino_pick_l2,mw-pick-place,41008,3,init,-0.5548154815481546,0.0,0.0,100
dino_pick_l2,mw-pick-place,41008,3,final,-0.2414161416141614,0.0,0.0,100
dino_pick_l2,mw-pick-place,41008,4,init,-0.16265226522652262,0.0,0.0,100
dino_pick_l2,mw-pick-place,41008,4,final,-0.4159855985598559,0.0,0.0,100
dino_pick_l2,mw-pick-place,41008,5,init,-0.1713051305130513,0.1,0.0,100
dino_pick_l2,mw-pick-place,41008,5,final,-0.20937293729372936,0.1,0.0,100
dino_pick_l2,mw-pick-place,41008,6,init,-0.32049204920492047,0.0,0.0,100
dino_pick_l2,mw-pick-place,41008,6,final,-0.12067206720672066,0.0,0.0,100
dino_pick_l2,mw-pick-place,41009,0,init,-0.2927452745274527,0.0,0.0,100
dino_pick_l2,mw-pick-place,41009,0,final,0.1603240324032403,0.0,0.0,100
dino_pick_l2,mw-pick-place,41009,1,init,-0.32830483048304826,0.0,0.0,100
dino_pick_l2,mw-pick-place,41009,1,final,-0.3848664866486648,0.0,0.0,100
dino_pick_l2,mw-pick-place,41009,2,init,-0.6922172217221721,0.0,0.0,100
dino_pick_l2,mw-pick-place,41009,2,final,-0.30441044104410436,0.0,0.0,100
dino_pick_l2,mw-pick-place,41009,3,init,-0.36273627362736266,0.0,0.0,100
dino_pick_l2,mw-pick-place,41009,3,final,-0.2566096609660966,0.0,0.0,100
dino_pick_l2,mw-pick-place,41009,4,init,0.3649444944494449,0.0,0.0,100
dino_pick_l2,mw-pick-place,41009,4,final,0.36529252925292527,0.0,0.0,100
dino_pick_l2,mw-pick-place,41009,5,init,0.2836243624362436,0.3,0.0,100
dino_pick_l2,mw-pick-place,41009,5,final,-0.25264926492649264,0.0,0.0,100
dino_pick_l2,mw-pick-place,41009,6,init,0.040804080408040795,0.1,0.0,100
dino_pick_l2,mw-pick-place,41009,6,final,-0.4553255325532553,0.0,0.0,100
dino_pick_l2,mw-pick-place,41010,0,init,0.1124992499249925,0.0,0.0,100
dino_pick_l2,mw-pick-place,41010,0,final,-0.3506990699069907,0.0,0.0,100
dino_pick_l2,mw-pick-place,41010,1,init,-0.378061806180618,0.0,0.0,100
dino_pick_l2,mw-pick-place,41010,1,final,-0.4242064206420642,0.0,0.0,100
dino_pick_l2,mw-pick-place,41010,2,init,-0.2971017101710171,0.1,0.0,100
dino_pick_l2,mw-pick-place,41010,2,final,0.3157995799579957,0.0,0.0,100
dino_pick_l2,mw-pick-place,41010,3,init,0.3416141614161416,0.1,0.0,100
dino_pick_l2,mw-pick-place,41010,3,final,-0.05546954695469546,0.0,0.0,100
dino_pick_l2,mw-pick-place,41010,4,init,0.3573237323732373,0.1,0.0,100
dino_pick_l2,mw-pick-place,41010,4,final,-0.010585058505850585,0.0,0.0,100
dino_pick_l2,mw-pick-place,41010,5,init,0.20600060006000598,0.1,0.0,100
dino_pick_l2,mw-pick-place,41010,5,final,-0.08206420642064205,0.0,0.0,100
dino_pick_l2,mw-pick-place,41010,6,init,-0.13785778577857785,0.0,0.0,100
dino_pick_l2,mw-pick-place,41010,6,final,-0.13777377737773777,0.0,0.0,100
dino_pick_l2,mw-pick-place,41011,0,init,0.4844404440444044,0.0,0.0,100
dino_pick_l2,mw-pick-place,41011,0,final,-0.04950495049504951,0.0,0.0,100
dino_pick_l2,mw-pick-place,41011,1,init,0.2851845184518451,0.0,0.0,100
dino_pick_l2,mw-pick-place,41011,1,final,-0.12370837083708369,0.0,0.0,100
dino_pick_l2,mw-pick-place,41011,2,init,0.10473447344734471,0.1,0.0,100
dino_pick_l2,mw-pick-place,41011,2,final,-0.12346834683468345,0.0,0.0,100
dino_pick_l2,mw-pick-place,41011,3,init,0.15621962196219621,0.0,0.0,100
dino_pick_l2,mw-pick-place,41011,3,final,-0.6215541554155415,0.0,0.0,100
dino_pick_l2,mw-pick-place,41011,4,init,0.033135313531353135,0.1,0.0,100
dino_pick_l2,mw-pick-place,41011,4,final,-0.24126012601260124,0.0,0.0,100
dino_pick_l2,mw-pick-place,41011,5,init,0.037047704770477044,0.0,0.0,100
dino_pick_l2,mw-pick-place,41011,5,final,-0.20366036603660362,0.0,0.0,100
dino_pick_l2,mw-pick-place,41011,6,init,-0.03135913591359135,0.0,0.0,100
dino_pick_l2,mw-pick-place,41011,6,final,-0.11057905790579056,0.0,0.0,100
dino_pick_l2,mw-pick-place,41012,0,init,0.3984878487848785,0.6,0.0,100
dino_pick_l2,mw-pick-place,41012,0,final,-0.34143414341434136,0.0,0.0,100
dino_pick_l2,mw-pick-place,41012,1,init,0.012265226522652262,0.1,0.0,100
dino_pick_l2,mw-pick-place,41012,1,final,-0.23720372037203719,0.0,0.0,100
dino_pick_l2,mw-pick-place,41012,2,init,-0.24164416441644163,0.0,0.0,100
dino_pick_l2,mw-pick-place,41012,2,final,-0.23542754275427538,0.0,0.0,100
dino_pick_l2,mw-pick-place,41012,3,init,-0.26499849984998497,0.0,0.0,100
dino_pick_l2,mw-pick-place,41012,3,final,-0.275031503150315,0.0,0.0,100
dino_pick_l2,mw-pick-place,41012,4,init,-0.20033603360336033,0.0,0.0,100
dino_pick_l2,mw-pick-place,41012,4,final,-0.06156615661566155,0.0,0.0,100
dino_pick_l2,mw-pick-place,41012,5,init,-0.12357635763576356,0.0,0.0,100
dino_pick_l2,mw-pick-place,41012,5,final,-0.4249504950495049,0.0,0.0,100
dino_pick_l2,mw-pick-place,41012,6,init,-0.09142514251425142,0.0,0.0,100
dino_pick_l2,mw-pick-place,41012,6,final,0.2612901290129013,0.1,0.0,100
dino_pick_l2,mw-pick-place,41013,0,init,0.4837083708370837,0.2,0.0,100
dino_pick_l2,mw-pick-place,41013,0,final,-0.09782178217821783,0.0,0.0,100
dino_pick_l2,mw-pick-place,41013,1,init,-0.12618061806180617,0.0,0.0,100
dino_pick_l2,mw-pick-place,41013,1,final,-0.8272067206720671,0.0,0.0,100
dino_pick_l2,mw-pick-place,41013,2,init,-0.7149834983498349,0.0,0.0,100
dino_pick_l2,mw-pick-place,41013,2,final,0.2275427542754275,0.1,0.0,100
dino_pick_l2,mw-pick-place,41013,3,init,-0.5026462646264626,0.0,0.0,100
dino_pick_l2,mw-pick-place,41013,3,final,0.10455445544554456,0.0,0.0,100
dino_pick_l2,mw-pick-place,41013,4,init,0.0577137713771377,0.0,0.0,100
dino_pick_l2,mw-pick-place,41013,4,final,0.015049504950495047,0.0,0.0,100
dino_pick_l2,mw-pick-place,41013,5,init,-0.013261326132613261,0.0,0.0,100
dino_pick_l2,mw-pick-place,41013,5,final,0.0634143414341434,0.0,0.0,100
dino_pick_l2,mw-pick-place,41013,6,init,0.31348334833483343,0.0,0.0,100
dino_pick_l2,mw-pick-place,41013,6,final,0.11768376837683767,0.0,0.0,100
dino_pick_l2,mw-pick-place,41014,0,init,-0.08657665766576657,0.0,0.0,100
dino_pick_l2,mw-pick-place,41014,0,final,-0.3305130513051305,0.1,0.0,100
dino_pick_l2,mw-pick-place,41014,1,init,-0.1704290429042904,0.0,0.0,100
dino_pick_l2,mw-pick-place,41014,1,final,-0.6542574257425743,0.0,0.0,100
dino_pick_l2,mw-pick-place,41014,2,init,-0.5067506750675067,0.0,0.0,100
dino_pick_l2,mw-pick-place,41014,2,final,-0.04968496849684968,0.0,0.0,100
dino_pick_l2,mw-pick-place,41014,3,init,-0.08406840684068406,0.0,0.0,100
dino_pick_l2,mw-pick-place,41014,3,final,-0.0699189918991899,0.0,0.0,100
dino_pick_l2,mw-pick-place,41014,4,init,0.37776177617761775,0.1,0.0,100
dino_pick_l2,mw-pick-place,41014,4,final,-0.20902490249024902,0.0,0.0,100
dino_pick_l2,mw-pick-place,41014,5,init,0.1392379237923792,0.0,0.0,100
dino_pick_l2,mw-pick-place,41014,5,final,0.05045304530453045,0.0,0.0,100
dino_pick_l2,mw-pick-place,41014,6,init,0.2442484248424842,0.0,0.0,100
dino_pick_l2,mw-pick-place,41014,6,final,0.1045064506450645,0.0,0.0,100
dino_pick_l2,mw-pick-place,41015,0,init,-0.02028202820282028,0.0,0.0,100
dino_pick_l2,mw-pick-place,41015,0,final,-0.17921445909009281,0.0,0.0,100
dino_pick_l2,mw-pick-place,41015,1,init,-0.15193519351935192,0.0,0.0,100
dino_pick_l2,mw-pick-place,41015,1,final,-0.19884788478847884,0.0,0.0,100
dino_pick_l2,mw-pick-place,41015,2,init,-0.4105730573057305,0.0,0.0,100
dino_pick_l2,mw-pick-place,41015,2,final,0.09947794779477948,0.0,0.0,100
dino_pick_l2,mw-pick-place,41015,3,init,0.33339333933393334,0.0,0.0,100
dino_pick_l2,mw-pick-place,41015,3,final,0.11725172517251724,0.0,0.0,100
dino_pick_l2,mw-pick-place,41015,4,init,0.058037803780378025,0.0,0.0,100
dino_pick_l2,mw-pick-place,41015,4,final,-0.19954395439543954,0.0,0.0,100
dino_pick_l2,mw-pick-place,41015,5,init,-0.37700570057005695,0.0,0.0,100
dino_pick_l2,mw-pick-place,41015,5,final,-0.13126912691269127,0.0,0.0,100
dino_pick_l2,mw-pick-place,41015,6,init,-0.1862106210621062,0.0,0.0,100
dino_pick_l2,mw-pick-place,41015,6,final,-0.06165016501650165,0.0,0.0,100
dino_push_l2,mw-push,41000,0,init,0.6877407740774076,0.6,0.0,100
dino_push_l2,mw-push,41000,0,final,-0.020906090609060905,0.0,0.0,100
dino_push_l2,mw-push,41000,1,init,0.2544134413441344,0.0,0.046956539154052734,100
dino_push_l2,mw-push,41000,1,final,-0.5403660366036603,0.0,0.0,100
dino_push_l2,mw-push,41000,2,init,-0.37104110411041097,0.0,0.0,100
dino_push_l2,mw-push,41000,2,final,-0.10474647464746473,0.0,0.0,100
dino_push_l2,mw-push,41000,3,init,0.10847884788478847,0.0,0.0,100
dino_push_l2,mw-push,41000,3,final,-0.5803540354035402,0.0,0.0,100
dino_push_l2,mw-push,41000,4,init,0.33306930693069303,0.2,0.0,100
dino_push_l2,mw-push,41000,4,final,0.07804380438043804,0.0,0.0,100
dino_push_l2,mw-push,41000,5,init,-0.009036903690369035,0.2,0.0,100
dino_push_l2,mw-push,41000,5,final,0.23227122712271225,0.0,0.0,100
dino_push_l2,mw-push,41000,6,init,0.03162316231623162,0.0,0.0,100
dino_push_l2,mw-push,41000,6,final,-0.04594059405940594,0.0,0.0,100
dino_push_l2,mw-push,41001,0,init,0.7753735373537353,0.4,0.0,100
dino_push_l2,mw-push,41001,0,final,0.21954995499549954,0.0,0.0,100
dino_push_l2,mw-push,41001,1,init,0.23435943594359435,0.1,0.00152587890625,100
dino_push_l2,mw-push,41001,1,final,-0.5387818781878188,0.0,0.0,100
dino_push_l2,mw-push,41001,2,init,-0.1311251125112511,0.0,0.0,100
dino_push_l2,mw-push,41001,2,final,-0.628226822682268,0.0,0.0,100
dino_push_l2,mw-push,41001,3,init,-0.24957695769576957,0.0,0.0,100
dino_push_l2,mw-push,41001,3,final,-0.1571197119711971,0.0,0.0,100
dino_push_l2,mw-push,41001,4,init,0.5373657365736573,0.1,0.0,100
dino_push_l2,mw-push,41001,4,final,-0.39139513951395133,0.0,0.0,100
dino_push_l2,mw-push,41001,5,init,0.5301170117011701,0.2,0.0,100
dino_push_l2,mw-push,41001,5,final,-0.3168076807680768,0.0,0.0,100
dino_push_l2,mw-push,41001,6,init,0.2642424242424242,0.2,0.0,100
dino_push_l2,mw-push,41001,6,final,0.10607860786078606,0.1,0.0,100
dino_push_l2,mw-push,41002,0,init,0.6837083708370836,0.2,0.0,100
dino_push_l2,mw-push,41002,0,final,0.12768076807680767,0.0,0.0,100
dino_push_l2,mw-push,41002,1,init,0.13028502850285026,0.0,0.0,100
dino_push_l2,mw-push,41002,1,final,0.10684668466846685,0.0,0.0,100
dino_push_l2,mw-push,41002,2,init,-0.2531293129312931,0.0,0.0,100
dino_push_l2,mw-push,41002,2,final,-0.6834683468346834,0.0,0.0,100
dino_push_l2,mw-push,41002,3,init,-0.43813981398139806,0.0,0.0,100
dino_push_l2,mw-push,41002,3,final,0.30532253225322525,0.1,0.0,100
dino_push_l2,mw-push,41002,4,init,0.38247824782478246,0.0,0.0,100
dino_push_l2,mw-push,41002,4,final,-0.24871287128712868,0.0,0.0,100
dino_push_l2,mw-push,41002,5,init,0.806012601260126,0.5,0.0,100
dino_push_l2,mw-push,41002,5,final,0.31339427961221045,0.1,0.0,100
dino_push_l2,mw-push,41002,6,init,0.6088928892889288,0.3,0.0,100
dino_push_l2,mw-push,41002,6,final,0.005388538853885388,0.0,0.0,100
dino_push_l2,mw-push,41003,0,init,0.8000600060006,0.1,0.0,100
dino_push_l2,mw-push,41003,0,final,-0.40919414699898243,0.0,0.0,100
dino_push_l2,mw-push,41003,1,init,0.03066306630663066,0.0,1.2303739786148098,100
dino_push_l2,mw-push,41003,1,final,-0.5068226822682268,0.0,0.0,100
dino_push_l2,mw-push,41003,2,init,-0.32523252325232527,0.0,0.0,100
dino_push_l2,mw-push,41003,2,final,-0.27548754875487547,0.0,0.0,100
dino_push_l2,mw-push,41003,3,init,0.8341434143414341,0.4,0.0,100
dino_push_l2,mw-push,41003,3,final,0.14717071707170717,0.0,0.0,100
dino_push_l2,mw-push,41003,4,init,0.7212241224122412,0.5,0.0,100
dino_push_l2,mw-push,41003,4,final,-0.11383138313831383,0.0,0.0,100
dino_push_l2,mw-push,41003,5,init,0.38127812781278125,0.1,0.0,100
dino_push_l2,mw-push,41003,5,final,0.09072907290729072,0.0,0.0,100
dino_push_l2,mw-push,41003,6,init,0.1607440744074407,0.2,0.0,100
dino_push_l2,mw-push,41003,6,final,0.0869126912691269,0.0,0.0,100
dino_push_l2,mw-push,41004,0,init,0.4427602760276027,0.1,0.0,100
dino_push_l2,mw-push,41004,0,final,0.1821182118211821,0.2,0.0,100
dino_push_l2,mw-push,41004,1,init,-0.07573957395739574,0.0,0.0,100
dino_push_l2,mw-push,41004,1,final,-0.22586258625862582,0.0,0.0,100
dino_push_l2,mw-push,41004,2,init,-0.29662166216621655,0.0,0.0,100
dino_push_l2,mw-push,41004,2,final,-0.0942094209420942,0.0,0.0,100
dino_push_l2,mw-push,41004,3,init,-0.07068706870687069,0.0,0.0,100
dino_push_l2,mw-push,41004,3,final,-0.3111440478383276,0.0,0.0,100
dino_push_l2,mw-push,41004,4,init,0.665070507050705,0.1,0.0,100
dino_push_l2,mw-push,41004,4,final,-0.11907590759075906,0.0,0.0,100
dino_push_l2,mw-push,41004,5,init,0.7940834083408341,0.5,0.0,100
dino_push_l2,mw-push,41004,5,final,-0.042256225622562246,0.0,0.0,100
dino_push_l2,mw-push,41004,6,init,-0.012985298529852984,0.0,0.0,100
dino_push_l2,mw-push,41004,6,final,-0.0251065106510651,0.0,0.0,100
dino_push_l2,mw-push,41005,0,init,0.8313591359135912,0.5,0.0,100
dino_push_l2,mw-push,41005,0,final,-0.2104170417041704,0.0,0.0,100
dino_push_l2,mw-push,41005,1,init,0.2581578157815781,0.2,0.0,100
dino_push_l2,mw-push,41005,1,final,-0.4478007800780078,0.1,0.0,100
dino_push_l2,mw-push,41005,2,init,-0.3061746174617462,0.0,0.0,100
dino_push_l2,mw-push,41005,2,final,-0.29326132613261324,0.1,0.0,100
dino_push_l2,mw-push,41005,3,init,0.44698469846984695,0.0,0.0,100
dino_push_l2,mw-push,41005,3,final,-0.020162016201620163,0.0,0.0,100
dino_push_l2,mw-push,41005,4,init,0.943054305430543,0.8,0.0,100
dino_push_l2,mw-push,41005,4,final,-0.073999399939994,0.0,0.0,100
dino_push_l2,mw-push,41005,5,init,0.8083528352835282,0.4,0.0,100
dino_push_l2,mw-push,41005,5,final,-0.3165316531653165,0.0,0.0,100
dino_push_l2,mw-push,41005,6,init,0.4036723672367237,0.0,0.0,100
dino_push_l2,mw-push,41005,6,final,-0.26657065706570654,0.0,0.0,100
dino_push_l2,mw-push,41006,0,init,0.908082808280828,0.9,0.0,100
dino_push_l2,mw-push,41006,0,final,0.6233903390339034,0.4,0.0025391578674316406,100
dino_push_l2,mw-push,41006,1,init,0.7827422742274226,0.6,0.12390613555907926,100
dino_push_l2,mw-push,41006,1,final,0.2705310531053105,0.2,2.823586761951438,100
dino_push_l2,mw-push,41006,2,init,-0.004608460846084608,0.2,1.4844253659248297,100
dino_push_l2,mw-push,41006,2,final,-0.4934893489348935,0.0,0.27224272489548007,100
dino_push_l2,mw-push,41006,3,init,-0.11504350435043503,0.0,0.0,100
dino_push_l2,mw-push,41006,3,final,0.06474647464746475,0.0,0.0,100
dino_push_l2,mw-push,41006,4,init,-0.0445004500450045,0.0,0.0,100
dino_push_l2,mw-push,41006,4,final,0.2083408340834083,0.0,0.0,100
dino_push_l2,mw-push,41006,5,init,0.02478247824782478,0.0,0.0,100
dino_push_l2,mw-push,41006,5,final,0.18559855985598558,0.0,0.0,100
dino_push_l2,mw-push,41006,6,init,0.11165916591659165,0.0,0.0,100
dino_push_l2,mw-push,41006,6,final,0.0541134113411341,0.0,0.0,100
dino_push_l2,mw-push,41007,0,init,0.551750830338008,0.3,0.0,100
dino_push_l2,mw-push,41007,0,final,-0.3997479747974797,0.0,0.0,100
dino_push_l2,mw-push,41007,1,init,0.08939693969396939,0.0,0.0,100
dino_push_l2,mw-push,41007,1,final,-0.2301350135013501,0.0,0.0,100
dino_push_l2,mw-push,41007,2,init,-0.38970297029702966,0.0,0.0,100
dino_push_l2,mw-push,41007,2,final,-0.06222622262226221,0.0,0.0,100
dino_push_l2,mw-push,41007,3,init,-0.002496249624962496,0.1,0.0,100
dino_push_l2,mw-push,41007,3,final,0.1139153915391539,0.0,0.0,100
dino_push_l2,mw-push,41007,4,init,0.8511371137113709,0.4,0.0,100
dino_push_l2,mw-push,41007,4,final,0.26663066306630656,0.0,0.0,100
dino_push_l2,mw-push,41007,5,init,0.9392859285928591,0.6,0.0,100
dino_push_l2,mw-push,41007,5,final,0.4331473147314731,0.1,0.0,100
dino_push_l2,mw-push,41007,6,init,0.5623402340234024,0.0,0.0,100
dino_push_l2,mw-push,41007,6,final,0.05896189618961895,0.1,0.0,100
dino_push_l2,mw-push,41008,0,init,0.7677047704770477,0.6,0.0,100
dino_push_l2,mw-push,41008,0,final,0.034515451545154514,0.0,0.0,100
dino_push_l2,mw-push,41008,1,init,0.3761296129612961,0.1,0.45836567878723145,100
dino_push_l2,mw-push,41008,1,final,-0.2498529852985298,0.0,0.0,100
dino_push_l2,mw-push,41008,2,init,-0.16010801080108011,0.0,0.2021878957748413,100
dino_push_l2,mw-push,41008,2,final,-0.36895289528952896,0.0,0.0,100
dino_push_l2,mw-push,41008,3,init,-0.4697269726972697,0.0,0.0,100
dino_push_l2,mw-push,41008,3,final,-0.4945934593459345,0.0,0.0,100
dino_push_l2,mw-push,41008,4,init,0.14673867386738673,0.0,0.0,100
dino_push_l2,mw-push,41008,4,final,-0.33034503450345026,0.0,0.0,100
dino_push_l2,mw-push,41008,5,init,-0.2576177617761776,0.0,0.0,100
dino_push_l2,mw-push,41008,5,final,-0.03791179117911791,0.0,0.0,100
dino_push_l2,mw-push,41008,6,init,-0.29178517851785174,0.0,0.0,100
dino_push_l2,mw-push,41008,6,final,0.12397239723972396,0.0,0.0,100
dino_push_l2,mw-push,41009,0,init,0.42373837383738366,0.3,0.0,100
dino_push_l2,mw-push,41009,0,final,-0.014653465346534651,0.0,0.0,100
dino_push_l2,mw-push,41009,1,init,0.25000900090009,0.0,0.0,100
dino_push_l2,mw-push,41009,1,final,-0.24678067806780676,0.0,0.0,100
dino_push_l2,mw-push,41009,2,init,-0.25827782778277825,0.0,0.0,100
dino_push_l2,mw-push,41009,2,final,0.10648664866486647,0.0,0.0,100
dino_push_l2,mw-push,41009,3,init,-0.6132253225322531,0.0,0.0,100
dino_push_l2,mw-push,41009,3,final,0.358007800780078,0.0,0.0,100
dino_push_l2,mw-push,41009,4,init,0.6175097509750975,0.2,0.0,100
dino_push_l2,mw-push,41009,4,final,0.03350735073507351,0.0,0.0,100
dino_push_l2,mw-push,41009,5,init,0.8193699369936993,0.6,0.0,100
dino_push_l2,mw-push,41009,5,final,0.04794479447944794,0.1,0.0,100
dino_push_l2,mw-push,41009,6,init,0.6837323732373236,0.2,0.0,100
dino_push_l2,mw-push,41009,6,final,0.020942094209420937,0.0,0.0,100
dino_push_l2,mw-push,41010,0,init,0.5691569156915691,0.1,0.0,100
dino_push_l2,mw-push,41010,0,final,-0.35890789078907887,0.0,0.0,100
dino_push_l2,mw-push,41010,1,init,0.13606960696069606,0.2,0.0,100
dino_push_l2,mw-push,41010,1,final,-0.5518511851185118,0.0,0.0,100
dino_push_l2,mw-push,41010,2,init,-0.31495949594959494,0.0,0.0,100
dino_push_l2,mw-push,41010,2,final,0.3258805880588058,0.0,0.0,100
dino_push_l2,mw-push,41010,3,init,0.05020102010201019,0.0,0.0,100
dino_push_l2,mw-push,41010,3,final,0.2294269426942694,0.0,0.0,100
dino_push_l2,mw-push,41010,4,init,0.8277227722772277,0.4,0.0,100
dino_push_l2,mw-push,41010,4,final,0.06813081308130813,0.0,0.0,100
dino_push_l2,mw-push,41010,5,init,0.8228742874287428,0.5,0.0,100
dino_push_l2,mw-push,41010,5,final,-0.10255025502550254,0.0,0.0,100
dino_push_l2,mw-push,41010,6,init,0.5104950495049504,0.0,0.0,100
dino_push_l2,mw-push,41010,6,final,0.23053774538881253,0.0,0.0,100
dino_push_l2,mw-push,41011,0,init,0.7926432643264325,0.3,0.0,100
dino_push_l2,mw-push,41011,0,final,0.10156615661566157,0.0,0.0,100
dino_push_l2,mw-push,41011,1,init,0.39852385238523846,0.0,1.1527091264724676,100
dino_push_l2,mw-push,41011,1,final,-0.1686408640864086,0.0,1.541648805141449,100
dino_push_l2,mw-push,41011,2,init,-0.19434743474347435,0.0,0.0,100
dino_push_l2,mw-push,41011,2,final,0.051101110111011094,0.1,0.0,100
dino_push_l2,mw-push,41011,3,init,-0.5460186018601859,0.0,0.0,100
dino_push_l2,mw-push,41011,3,final,-0.5885628562856285,0.0,0.0,100
dino_push_l2,mw-push,41011,4,init,0.42373837383738366,0.0,0.0,100
dino_push_l2,mw-push,41011,4,final,-0.4148694869486948,0.0,0.0,100
dino_push_l2,mw-push,41011,5,init,0.41545754575457544,0.1,0.0,100
dino_push_l2,mw-push,41011,5,final,-0.0038043804380438044,0.1,0.0,100
dino_push_l2,mw-push,41011,6,init,-0.09033303330333033,0.0,0.0,100
dino_push_l2,mw-push,41011,6,final,0.2704470447044704,0.4,0.0,100
dino_push_l2,mw-push,41012,0,init,0.8477887788778877,0.8,0.0,100
dino_push_l2,mw-push,41012,0,final,0.20001200120012,0.2,0.09460598230362216,100
dino_push_l2,mw-push,41012,1,init,0.42432643264326425,0.2,1.9270777702331487,100
dino_push_l2,mw-push,41012,1,final,-0.3877227722772277,0.0,1.2633472681045506,100
dino_push_l2,mw-push,41012,2,init,-0.05874587458745874,0.1,5.20840585231781,100
dino_push_l2,mw-push,41012,2,final,-0.1646084608460846,0.0,0.0,100
dino_push_l2,mw-push,41012,3,init,0.21909390939093906,0.0,0.0,100
dino_push_l2,mw-push,41012,3,final,0.07687968796879688,0.1,0.0,100
dino_push_l2,mw-push,41012,4,init,0.5212001200120012,0.2,0.0,100
dino_push_l2,mw-push,41012,4,final,0.1137113711371137,0.0,0.0,100
dino_push_l2,mw-push,41012,5,init,0.4861806180618062,0.4,0.0,100
dino_push_l2,mw-push,41012,5,final,-0.002892289228922892,0.0,0.0,100
dino_push_l2,mw-push,41012,6,init,0.1776057605760576,0.2,0.0,100
dino_push_l2,mw-push,41012,6,final,0.000672067206720672,0.0,0.0,100
dino_push_l2,mw-push,41013,0,init,0.7258325832583258,0.3,0.0,100
dino_push_l2,mw-push,41013,0,final,-0.28780078007800775,0.0,0.0,100
dino_push_l2,mw-push,41013,1,init,0.031827182718271826,0.0,0.0,100
dino_push_l2,mw-push,41013,1,final,-0.6129252925292529,0.0,0.0,100
dino_push_l2,mw-push,41013,2,init,-0.39648364836483646,0.0,0.0,100
dino_push_l2,mw-push,41013,2,final,0.024554455445544552,0.0,0.0,100
dino_push_l2,mw-push,41013,3,init,0.3882508250825082,0.0,0.0,100
dino_push_l2,mw-push,41013,3,final,-0.019957995799579954,0.0,0.0,100
dino_push_l2,mw-push,41013,4,init,0.8118571857185718,0.3,0.0,100
dino_push_l2,mw-push,41013,4,final,0.04058805880588059,0.0,0.0,100
dino_push_l2,mw-push,41013,5,init,0.5808100810081007,0.1,0.0,100
dino_push_l2,mw-push,41013,5,final,-0.015085508550855083,0.0,0.0,100
dino_push_l2,mw-push,41013,6,init,-0.4299309930993099,0.0,0.0,100
dino_push_l2,mw-push,41013,6,final,-0.10235823582358233,0.0,0.0,100
dino_push_l2,mw-push,41014,0,init,0.6965016501650164,0.2,0.0,100
dino_push_l2,mw-push,41014,0,final,0.046240624062406234,0.0,0.0,100
dino_push_l2,mw-push,41014,1,init,0.12247224722472244,0.0,0.535380840301522,100
dino_push_l2,mw-push,41014,1,final,-0.17134113411341131,0.0,0.0,100
dino_push_l2,mw-push,41014,2,init,-0.19443144314431443,0.0,0.0,100
dino_push_l2,mw-push,41014,2,final,-0.5027062706270626,0.0,0.0,100
dino_push_l2,mw-push,41014,3,init,-0.04811281128112811,0.0,0.0,100
dino_push_l2,mw-push,41014,3,final,0.23974797479747972,0.0,0.0,100
dino_push_l2,mw-push,41014,4,init,0.6929852985298529,0.0,0.0,100
dino_push_l2,mw-push,41014,4,final,0.3882388238823882,0.0,0.0,100
dino_push_l2,mw-push,41014,5,init,0.7555955595559555,0.6,0.0,100
dino_push_l2,mw-push,41014,5,final,0.12399639963996398,0.0,0.0,100
dino_push_l2,mw-push,41014,6,init,0.5006660666066607,0.3,0.0,100
dino_push_l2,mw-push,41014,6,final,-0.12976897689768974,0.0,0.0,100
dino_push_l2,mw-push,41015,0,init,-0.3404380438043804,0.0,0.0,100
dino_push_l2,mw-push,41015,0,final,-0.8111371137113711,0.0,0.0,100
dino_push_l2,mw-push,41015,1,init,-0.7853345334533454,0.0,0.0,100
dino_push_l2,mw-push,41015,1,final,-0.1848064806480648,0.0,0.0,100
dino_push_l2,mw-push,41015,2,init,-0.563036303630363,0.0,0.0,100
dino_push_l2,mw-push,41015,2,final,-0.28050405040504045,0.0,0.0,100
dino_push_l2,mw-push,41015,3,init,-0.005256525652565256,0.0,0.0,100
dino_push_l2,mw-push,41015,3,final,0.08946894689468947,0.0,0.0,100
dino_push_l2,mw-push,41015,4,init,0.07197119711971196,0.0,0.0,100
dino_push_l2,mw-push,41015,4,final,-0.17525352535253522,0.0,0.0,100
dino_push_l2,mw-push,41015,5,init,0.0471047104710471,0.1,0.0,100
dino_push_l2,mw-push,41015,5,final,-0.11743174317431743,0.0,0.0,100
dino_push_l2,mw-push,41015,6,init,-0.023402340234023402,0.0,0.0,100
dino_push_l2,mw-push,41015,6,final,-0.015409540954095408,0.0,0.0,100
dino_pick_straight_none,mw-pick-place,41000,0,init,0.5146114611461146,0.7,0.0,100
dino_pick_straight_none,mw-pick-place,41000,0,final,-0.3489588958895889,0.0,0.0,100
dino_pick_straight_none,mw-pick-place,41000,1,init,0.562004200420042,0.1,0.0,100
dino_pick_straight_none,mw-pick-place,41000,1,final,-0.027062706270627058,0.0,0.0,100
dino_pick_straight_none,mw-pick-place,41000,2,init,0.3552835283528353,0.0,0.5472898483276367,100
dino_pick_straight_none,mw-pick-place,41000,2,final,-0.2044524452445244,0.2,0.0,100
dino_pick_straight_none,mw-pick-place,41000,3,init,0.08686468646864685,0.0,0.0,100
dino_pick_straight_none,mw-pick-place,41000,3,final,-0.05306930693069306,0.1,0.0,100
dino_pick_straight_none,mw-pick-place,41000,4,init,-0.038523852385238526,0.1,0.0,100
dino_pick_straight_none,mw-pick-place,41000,4,final,-0.3949834983498349,0.0,0.0,100
dino_pick_straight_none,mw-pick-place,41000,5,init,0.18809480948094806,0.0,0.0,100
dino_pick_straight_none,mw-pick-place,41000,5,final,-0.2539333933393339,0.1,0.0,100
dino_pick_straight_none,mw-pick-place,41000,6,init,-0.020162016201620163,0.3,0.0,100
dino_pick_straight_none,mw-pick-place,41000,6,final,-0.2145454545454545,0.2,0.0,100
dino_pick_straight_none,mw-pick-place,41001,0,init,0.4194419441944194,0.7,0.0,100
dino_pick_straight_none,mw-pick-place,41001,0,final,-0.07677167716771677,0.0,0.0,100
dino_pick_straight_none,mw-pick-place,41001,1,init,0.5356135613561356,0.2,0.0,100
dino_pick_straight_none,mw-pick-place,41001,1,final,-0.16324032403240324,0.0,0.004380941390996762,100
dino_pick_straight_none,mw-pick-place,41001,2,init,0.18461446144614457,0.0,0.007870793342590332,100
dino_pick_straight_none,mw-pick-place,41001,2,final,0.15775577557755777,0.1,0.0,100
dino_pick_straight_none,mw-pick-place,41001,3,init,-0.055589558955895575,0.0,0.5161821842193604,100
dino_pick_straight_none,mw-pick-place,41001,3,final,-0.08774077407740774,0.0,0.0,100
dino_pick_straight_none,mw-pick-place,41001,4,init,-0.026978697869786974,0.0,1.067611575126648,100
dino_pick_straight_none,mw-pick-place,41001,4,final,0.05437743774377437,0.0,0.12511312961578924,100
dino_pick_straight_none,mw-pick-place,41001,5,init,-0.25124512451245123,0.0,0.5719959735870361,100
dino_pick_straight_none,mw-pick-place,41001,5,final,-0.09215721572157214,0.0,0.0,100
dino_pick_straight_none,mw-pick-place,41001,6,init,0.0031683168316831677,0.0,0.0,100
dino_pick_straight_none,mw-pick-place,41001,6,final,-0.08250825082508251,0.0,0.0,100
dino_pick_straight_none,mw-pick-place,41002,0,init,0.3047584758475847,0.2,0.0,100
dino_pick_straight_none,mw-pick-place,41002,0,final,-0.40205220522052204,0.0,0.0,100
dino_pick_straight_none,mw-pick-place,41002,1,init,-0.5101470147014701,0.0,0.0,100
dino_pick_straight_none,mw-pick-place,41002,1,final,0.09075307530753075,0.0,0.0,100
dino_pick_straight_none,mw-pick-place,41002,2,init,-0.2693429342934293,0.0,0.0,100
dino_pick_straight_none,mw-pick-place,41002,2,final,-0.04078007800780077,0.0,0.0,100
dino_pick_straight_none,mw-pick-place,41002,3,init,0.002448244824482448,0.0,0.0,100
dino_pick_straight_none,mw-pick-place,41002,3,final,0.29308130813081307,0.0,0.0,100
dino_pick_straight_none,mw-pick-place,41002,4,init,-0.055529552955295526,0.0,0.0,100
dino_pick_straight_none,mw-pick-place,41002,4,final,-0.13429342934293428,0.0,0.0,100
dino_pick_straight_none,mw-pick-place,41002,5,init,0.027506833203943797,0.0,0.0,100
dino_pick_straight_none,mw-pick-place,41002,5,final,0.09899789978997899,0.0,0.0,100
dino_pick_straight_none,mw-pick-place,41002,6,init,-0.16298829882988297,0.0,0.0,100
dino_pick_straight_none,mw-pick-place,41002,6,final,0.0647104710471047,0.3,0.0,100
dino_pick_straight_none,mw-pick-place,41003,0,init,0.08408040804080406,0.0,0.0,100
dino_pick_straight_none,mw-pick-place,41003,0,final,-0.3958475847584758,0.0,0.0,100
dino_pick_straight_none,mw-pick-place,41003,1,init,-0.4807920792079207,0.0,0.0,100
dino_pick_straight_none,mw-pick-place,41003,1,final,-0.2238343834383438,0.0,0.0,100
dino_pick_straight_none,mw-pick-place,41003,2,init,-0.2684908490849085,0.0,0.0,100
dino_pick_straight_none,mw-pick-place,41003,2,final,-0.15293129312931295,0.0,0.0,100
dino_pick_straight_none,mw-pick-place,41003,3,init,0.18205820582058202,0.0,0.0,100
dino_pick_straight_none,mw-pick-place,41003,3,final,0.07943594359435945,0.0,0.0,100
dino_pick_straight_none,mw-pick-place,41003,4,init,-0.12096009600960095,0.0,0.0,100
dino_pick_straight_none,mw-pick-place,41003,4,final,-0.2309630963096309,0.0,0.0,100
dino_pick_straight_none,mw-pick-place,41003,5,init,-0.06622262226222622,0.0,0.0,100
dino_pick_straight_none,mw-pick-place,41003,5,final,0.0036603660366036597,0.1,0.0,100
dino_pick_straight_none,mw-pick-place,41003,6,init,0.10528652865286527,0.1,0.0,100
dino_pick_straight_none,mw-pick-place,41003,6,final,0.3912751275127512,0.1,0.0,100
dino_pick_straight_none,mw-pick-place,41004,0,init,0.14745874587458746,0.1,0.0,100
dino_pick_straight_none,mw-pick-place,41004,0,final,-0.035703570357035704,0.0,0.0,100
dino_pick_straight_none,mw-pick-place,41004,1,init,-0.2547134713471347,0.0,0.0,100
dino_pick_straight_none,mw-pick-place,41004,1,final,0.028010801080108005,0.0,0.0,100
dino_pick_straight_none,mw-pick-place,41004,2,init,-0.1419381938193819,0.0,0.0,100
dino_pick_straight_none,mw-pick-place,41004,2,final,0.07716771677167716,0.0,0.0,100
dino_pick_straight_none,mw-pick-place,41004,3,init,-0.026618661866186614,0.0,0.0,100
dino_pick_straight_none,mw-pick-place,41004,3,final,0.08138013801380135,0.0,0.0,100
dino_pick_straight_none,mw-pick-place,41004,4,init,0.006828682868286829,0.0,0.0,100
dino_pick_straight_none,mw-pick-place,41004,4,final,-0.05273327332733273,0.0,0.0,100
dino_pick_straight_none,mw-pick-place,41004,5,init,0.3034743474347434,0.0,0.0,100
dino_pick_straight_none,mw-pick-place,41004,5,final,-0.20955295529552953,0.0,0.0,100
dino_pick_straight_none,mw-pick-place,41004,6,init,0.08354035403540352,0.0,0.0,100
dino_pick_straight_none,mw-pick-place,41004,6,final,0.13992199219921989,0.0,0.0,100
dino_pick_straight_none,mw-pick-place,41005,0,init,0.17489348934893487,0.2,0.0,100
dino_pick_straight_none,mw-pick-place,41005,0,final,-0.31517551755175516,0.0,0.0,100
dino_pick_straight_none,mw-pick-place,41005,1,init,-0.20240024002400236,0.1,0.0,100
dino_pick_straight_none,mw-pick-place,41005,1,final,0.000312031203120312,0.0,0.0,100
dino_pick_straight_none,mw-pick-place,41005,2,init,-0.17203720372037204,0.0,0.0,100
dino_pick_straight_none,mw-pick-place,41005,2,final,-0.19107110711071107,0.1,0.0,100
dino_pick_straight_none,mw-pick-place,41005,3,init,-0.04894089408940894,0.0,0.0,100
dino_pick_straight_none,mw-pick-place,41005,3,final,0.11402340234023402,0.0,0.0,100
dino_pick_straight_none,mw-pick-place,41005,4,init,-0.035355535553555355,0.0,0.0,100
dino_pick_straight_none,mw-pick-place,41005,4,final,0.06226222622262225,0.0,0.0,100
dino_pick_straight_none,mw-pick-place,41005,5,init,0.21032103210321032,0.1,0.0,100
dino_pick_straight_none,mw-pick-place,41005,5,final,0.056309630963096304,0.1,0.0,100
dino_pick_straight_none,mw-pick-place,41005,6,init,0.3446144614461446,0.1,0.0,100
dino_pick_straight_none,mw-pick-place,41005,6,final,0.21410805313043602,0.0,0.0,100
dino_pick_straight_none,mw-pick-place,41006,0,init,0.24021602160216016,0.5,0.0,100
dino_pick_straight_none,mw-pick-place,41006,0,final,0.27360336033603355,0.2,0.0,100
dino_pick_straight_none,mw-pick-place,41006,1,init,0.2754275427542754,0.2,0.0,100
dino_pick_straight_none,mw-pick-place,41006,1,final,0.1286288628862886,0.0,0.0,100
dino_pick_straight_none,mw-pick-place,41006,2,init,-0.040948094809480945,0.0,0.28562992811203003,100
dino_pick_straight_none,mw-pick-place,41006,2,final,-0.024962496249624957,0.0,0.0,100
dino_pick_straight_none,mw-pick-place,41006,3,init,-0.13076507650765076,0.0,0.21506845951080045,100
dino_pick_straight_none,mw-pick-place,41006,3,final,0.05525352535253525,0.0,0.0,100
dino_pick_straight_none,mw-pick-place,41006,4,init,-0.05408940894089408,0.0,0.0,100
dino_pick_straight_none,mw-pick-place,41006,4,final,0.16975697569756976,0.0,0.0,100
dino_pick_straight_none,mw-pick-place,41006,5,init,0.023030303030303026,0.0,0.0,100
dino_pick_straight_none,mw-pick-place,41006,5,final,0.03530753075307531,0.0,0.0,100
dino_pick_straight_none,mw-pick-place,41006,6,init,-0.2695949594959496,0.0,0.0,100
dino_pick_straight_none,mw-pick-place,41006,6,final,0.10895889588958894,0.0,0.0,100
dino_pick_straight_none,mw-pick-place,41007,0,init,0.11086708670867086,0.2,0.0,100
dino_pick_straight_none,mw-pick-place,41007,0,final,-0.5837383738373836,0.0,0.0,100
dino_pick_straight_none,mw-pick-place,41007,1,init,-0.5853585358535852,0.0,0.0,100
dino_pick_straight_none,mw-pick-place,41007,1,final,-0.06040822204714271,0.0,0.0,100
dino_pick_straight_none,mw-pick-place,41007,2,init,-0.3678967896789679,0.0,0.0,100
dino_pick_straight_none,mw-pick-place,41007,2,final,0.1148034803480348,0.0,0.0,100
dino_pick_straight_none,mw-pick-place,41007,3,init,-0.1467146714671467,0.0,0.0,100
dino_pick_straight_none,mw-pick-place,41007,3,final,-0.09267326732673266,0.0,0.0,100
dino_pick_straight_none,mw-pick-place,41007,4,init,-0.30817881788178814,0.0,0.0,100
dino_pick_straight_none,mw-pick-place,41007,4,final,0.2047524752475247,0.2,0.0,100
dino_pick_straight_none,mw-pick-place,41007,5,init,-0.1123072307230723,0.0,0.0,100
dino_pick_straight_none,mw-pick-place,41007,5,final,0.16564056405640562,0.0,0.0,100
dino_pick_straight_none,mw-pick-place,41007,6,init,0.008604860486048603,0.0,0.0,100
dino_pick_straight_none,mw-pick-place,41007,6,final,0.021962196219621963,0.0,0.0,100
dino_pick_straight_none,mw-pick-place,41008,0,init,0.373117311731173,0.4,0.0,100
dino_pick_straight_none,mw-pick-place,41008,0,final,-0.06798679867986798,0.0,0.0,100
dino_pick_straight_none,mw-pick-place,41008,1,init,-0.18058205820582054,0.0,0.0,100
dino_pick_straight_none,mw-pick-place,41008,1,final,-0.024494449444944492,0.0,0.0,100
dino_pick_straight_none,mw-pick-place,41008,2,init,-0.4543054305430542,0.0,0.0,100
dino_pick_straight_none,mw-pick-place,41008,2,final,-0.09942994299429941,0.1,0.0,100
dino_pick_straight_none,mw-pick-place,41008,3,init,-0.08435643564356435,0.0,0.0,100
dino_pick_straight_none,mw-pick-place,41008,3,final,0.056633833285083236,0.0,0.0,100
dino_pick_straight_none,mw-pick-place,41008,4,init,0.1272967296729673,0.0,0.0,100
dino_pick_straight_none,mw-pick-place,41008,4,final,0.19024302430243023,0.2,0.0,100
dino_pick_straight_none,mw-pick-place,41008,5,init,0.056885688568856875,0.0,0.0,100
dino_pick_straight_none,mw-pick-place,41008,5,final,0.17178517851785177,0.0,0.0,100
dino_pick_straight_none,mw-pick-place,41008,6,init,0.22490249024902487,0.1,0.0,100
dino_pick_straight_none,mw-pick-place,41008,6,final,0.19870387038703866,0.0,0.0,100
dino_pick_straight_none,mw-pick-place,41009,0,init,0.20022802280228022,0.1,0.0,100
dino_pick_straight_none,mw-pick-place,41009,0,final,-0.06075007500750074,0.0,0.0,100
dino_pick_straight_none,mw-pick-place,41009,1,init,0.10456645664566457,0.0,0.0,100
dino_pick_straight_none,mw-pick-place,41009,1,final,0.13130513051305132,0.1,0.0,100
dino_pick_straight_none,mw-pick-place,41009,2,init,0.14573057305730572,0.0,0.0,100
dino_pick_straight_none,mw-pick-place,41009,2,final,-0.24584458445844584,0.0,0.0,100
dino_pick_straight_none,mw-pick-place,41009,3,init,0.00048004800480048,0.0,0.0,100
dino_pick_straight_none,mw-pick-place,41009,3,final,0.037575757575757575,0.0,0.0,100
dino_pick_straight_none,mw-pick-place,41009,4,init,0.16501650165016502,0.0,0.0,100
dino_pick_straight_none,mw-pick-place,41009,4,final,0.12122412241224122,0.0,0.0,100
dino_pick_straight_none,mw-pick-place,41009,5,init,0.0979177917791779,0.0,0.0,100
dino_pick_straight_none,mw-pick-place,41009,5,final,-0.1267326732673267,0.0,0.0,100
dino_pick_straight_none,mw-pick-place,41009,6,init,-0.11683168316831681,0.3,0.0,100
dino_pick_straight_none,mw-pick-place,41009,6,final,-0.17840984098409837,0.0,0.0,100
dino_pick_straight_none,mw-pick-place,41010,0,init,0.4746594659465946,0.4,0.0,100
dino_pick_straight_none,mw-pick-place,41010,0,final,0.1139153915391539,0.1,0.0,100
dino_pick_straight_none,mw-pick-place,41010,1,init,0.3165316531653165,0.1,0.0,100
dino_pick_straight_none,mw-pick-place,41010,1,final,0.2179177917791779,0.1,0.0,100
dino_pick_straight_none,mw-pick-place,41010,2,init,0.3302610261026102,0.2,0.0,100
dino_pick_straight_none,mw-pick-place,41010,2,final,0.32142814281428145,0.0,0.0,100
dino_pick_straight_none,mw-pick-place,41010,3,init,0.26868286828682864,0.5,0.0,100
dino_pick_straight_none,mw-pick-place,41010,3,final,0.18079807980798077,0.1,0.0,100
dino_pick_straight_none,mw-pick-place,41010,4,init,0.1407020702070207,0.1,0.0,100
dino_pick_straight_none,mw-pick-place,41010,4,final,0.04722472247224722,0.0,0.0,100
dino_pick_straight_none,mw-pick-place,41010,5,init,0.36838883888388835,0.2,0.0,100
dino_pick_straight_none,mw-pick-place,41010,5,final,0.2266306630663066,0.2,0.0,100
dino_pick_straight_none,mw-pick-place,41010,6,init,0.30177017701770176,0.2,0.0,100
dino_pick_straight_none,mw-pick-place,41010,6,final,-0.05245724572457245,0.0,0.0,100
dino_pick_straight_none,mw-pick-place,41011,0,init,0.18397839783978398,0.3,0.0,100
dino_pick_straight_none,mw-pick-place,41011,0,final,-0.0063006300630063005,0.0,0.0,100
dino_pick_straight_none,mw-pick-place,41011,1,init,0.2667506750675067,0.0,0.0,100
dino_pick_straight_none,mw-pick-place,41011,1,final,0.06954695469546954,0.0,0.0,100
dino_pick_straight_none,mw-pick-place,41011,2,init,0.1406060606060606,0.0,0.0,100
dino_pick_straight_none,mw-pick-place,41011,2,final,-0.003852385238523852,0.0,0.0,100
dino_pick_straight_none,mw-pick-place,41011,3,init,0.16976897689768977,0.0,0.0,100
dino_pick_straight_none,mw-pick-place,41011,3,final,-0.1502190219021902,0.0,0.0,100
dino_pick_straight_none,mw-pick-place,41011,4,init,0.14460246024602458,0.0,0.0,100
dino_pick_straight_none,mw-pick-place,41011,4,final,0.08549654965496549,0.0,0.0,100
dino_pick_straight_none,mw-pick-place,41011,5,init,0.22143414341434142,0.0,0.0,100
dino_pick_straight_none,mw-pick-place,41011,5,final,0.13035703570357035,0.0,0.0,100
dino_pick_straight_none,mw-pick-place,41011,6,init,0.2927332733273327,0.0,0.0,100
dino_pick_straight_none,mw-pick-place,41011,6,final,0.034743474347434744,0.0,0.0,100
dino_pick_straight_none,mw-pick-place,41012,0,init,0.3405100510051005,0.5,0.0,100
dino_pick_straight_none,mw-pick-place,41012,0,final,-0.059669966996699665,0.0,0.0,100
dino_pick_straight_none,mw-pick-place,41012,1,init,0.4462046204620462,0.1,0.0,100
dino_pick_straight_none,mw-pick-place,41012,1,final,0.17795379537953793,0.0,0.0,100
dino_pick_straight_none,mw-pick-place,41012,2,init,-0.13003300330033002,0.0,0.0,100
dino_pick_straight_none,mw-pick-place,41012,2,final,0.2774797479747974,0.0,0.0,100
dino_pick_straight_none,mw-pick-place,41012,3,init,0.00522052205220522,0.0,0.0,100
dino_pick_straight_none,mw-pick-place,41012,3,final,0.035199519951995197,0.0,0.0,100
dino_pick_straight_none,mw-pick-place,41012,4,init,-0.07993999399939992,0.0,2.751077711582181,100
dino_pick_straight_none,mw-pick-place,41012,4,final,0.27576357635763576,0.0,0.0,100
dino_pick_straight_none,mw-pick-place,41012,5,init,0.18233423342334232,0.0,0.0,100
dino_pick_straight_none,mw-pick-place,41012,5,final,0.009252925292529253,0.0,0.0,100
dino_pick_straight_none,mw-pick-place,41012,6,init,0.6393879387938795,0.0,0.0,100
dino_pick_straight_none,mw-pick-place,41012,6,final,0.25729372937293726,0.0,0.0,100
dino_pick_straight_none,mw-pick-place,41013,0,init,0.41302130213021293,0.4,0.0,100
dino_pick_straight_none,mw-pick-place,41013,0,final,0.03471947194719471,0.1,0.0,100
dino_pick_straight_none,mw-pick-place,41013,1,init,0.3627482748274827,0.2,0.0,100
dino_pick_straight_none,mw-pick-place,41013,1,final,-0.09462946294629461,0.1,0.0,100
dino_pick_straight_none,mw-pick-place,41013,2,init,0.18984698469846983,0.0,2.162748575210566,100
dino_pick_straight_none,mw-pick-place,41013,2,final,0.12883288328832881,0.1,0.0,100
dino_pick_straight_none,mw-pick-place,41013,3,init,0.1575037503750375,0.1,0.22487044334411066,100
dino_pick_straight_none,mw-pick-place,41013,3,final,0.10533453345334533,0.0,0.0,100
dino_pick_straight_none,mw-pick-place,41013,4,init,0.03359135913591359,0.0,1.8802672624588013,100
dino_pick_straight_none,mw-pick-place,41013,4,final,-0.2296069606960696,0.0,0.0,100
dino_pick_straight_none,mw-pick-place,41013,5,init,-0.2514851485148515,0.0,2.2517830133438164,100
dino_pick_straight_none,mw-pick-place,41013,5,final,-0.028694869486948688,0.1,0.0,100
dino_pick_straight_none,mw-pick-place,41013,6,init,0.2396399639963996,0.1,0.0,100
dino_pick_straight_none,mw-pick-place,41013,6,final,-0.13996999699969997,0.0,0.0,100
dino_pick_straight_none,mw-pick-place,41014,0,init,0.006000600060006,0.0,0.0,100
dino_pick_straight_none,mw-pick-place,41014,0,final,-0.1059105910591059,0.0,0.0,100
dino_pick_straight_none,mw-pick-place,41014,1,init,-0.1281128112811281,0.0,0.0,100
dino_pick_straight_none,mw-pick-place,41014,1,final,-0.47302730273027294,0.0,0.0,100
dino_pick_straight_none,mw-pick-place,41014,2,init,-0.3013981398139814,0.0,0.0,100
dino_pick_straight_none,mw-pick-place,41014,2,final,-0.14415841584158415,0.0,0.0,100
dino_pick_straight_none,mw-pick-place,41014,3,init,-0.002388238823882388,0.0,0.0,100
dino_pick_straight_none,mw-pick-place,41014,3,final,0.18808280828082807,0.0,0.0,100
dino_pick_straight_none,mw-pick-place,41014,4,init,-0.1079147914791479,0.0,0.0,100
dino_pick_straight_none,mw-pick-place,41014,4,final,0.10874287428742872,0.1,0.0,100
dino_pick_straight_none,mw-pick-place,41014,5,init,-0.18059405940594056,0.0,0.0,100
dino_pick_straight_none,mw-pick-place,41014,5,final,0.12009600960096006,0.0,0.0,100
dino_pick_straight_none,mw-pick-place,41014,6,init,-0.17546407280028806,0.0,0.0,100
dino_pick_straight_none,mw-pick-place,41014,6,final,0.21374137413741373,0.1,0.0,100
dino_pick_straight_none,mw-pick-place,41015,0,init,0.30485448544854477,0.3,0.0,100
dino_pick_straight_none,mw-pick-place,41015,0,final,-0.3771257125712571,0.0,0.0,100
dino_pick_straight_none,mw-pick-place,41015,1,init,-0.13747374737473744,0.0,0.0,100
dino_pick_straight_none,mw-pick-place,41015,1,final,-0.008556855685568555,0.0,0.0,100
dino_pick_straight_none,mw-pick-place,41015,2,init,-0.14057005700570055,0.0,0.0,100
dino_pick_straight_none,mw-pick-place,41015,2,final,0.06575457545754575,0.1,0.0,100
dino_pick_straight_none,mw-pick-place,41015,3,init,0.20306030603060307,0.1,0.0,100
dino_pick_straight_none,mw-pick-place,41015,3,final,-0.014509450945094506,0.0,0.0,100
dino_pick_straight_none,mw-pick-place,41015,4,init,-0.13720972097209722,0.0,0.0,100
dino_pick_straight_none,mw-pick-place,41015,4,final,-0.03392739273927392,0.0,0.0,100
dino_pick_straight_none,mw-pick-place,41015,5,init,-0.31265526552655265,0.0,0.0,100
dino_pick_straight_none,mw-pick-place,41015,5,final,-0.04768076807680768,0.1,0.0,100
dino_pick_straight_none,mw-pick-place,41015,6,init,-0.2393999399939994,0.1,0.0,100
dino_pick_straight_none,mw-pick-place,41015,6,final,-0.012973297329732972,0.0,0.0,100
dino_pick_straight_off,mw-pick-place,41000,0,init,-0.06312631263126312,0.2,0.0,100
dino_pick_straight_off,mw-pick-place,41000,0,final,-0.27866786678667865,0.0,0.0,100
dino_pick_straight_off,mw-pick-place,41000,1,init,-0.07369936993699369,0.0,0.0,100
dino_pick_straight_off,mw-pick-place,41000,1,final,-0.09297329732973296,0.0,0.0,100
dino_pick_straight_off,mw-pick-place,41000,2,init,-0.0036483648364836483,0.0,0.0,100
dino_pick_straight_off,mw-pick-place,41000,2,final,0.003576357635763576,0.0,0.0,100
dino_pick_straight_off,mw-pick-place,41000,3,init,-0.005268526852685268,0.2,0.0,100
dino_pick_straight_off,mw-pick-place,41000,3,final,-0.04640864086408641,0.0,0.0,100
dino_pick_straight_off,mw-pick-place,41000,4,init,0.05874587458745874,0.1,0.0,100
dino_pick_straight_off,mw-pick-place,41000,4,final,-0.12171617161716171,0.0,0.0,100
dino_pick_straight_off,mw-pick-place,41000,5,init,-0.042484248424842476,0.1,0.0,100
dino_pick_straight_off,mw-pick-place,41000,5,final,0.14085808580858084,0.0,0.0,100
dino_pick_straight_off,mw-pick-place,41000,6,init,0.5655925592559256,0.1,0.0,100
dino_pick_straight_off,mw-pick-place,41000,6,final,-0.010777077707770776,0.0,0.0,100
dino_pick_straight_off,mw-pick-place,41001,0,init,0.1844344434443444,0.3,0.0,100
dino_pick_straight_off,mw-pick-place,41001,0,final,0.1392139213921392,0.0,0.0,100
dino_pick_straight_off,mw-pick-place,41001,1,init,0.19933993399339933,0.3,0.0,100
dino_pick_straight_off,mw-pick-place,41001,1,final,0.18633063306330633,0.1,0.014483928680419922,100
dino_pick_straight_off,mw-pick-place,41001,2,init,0.188022802280228,0.1,0.10486841201782227,100
dino_pick_straight_off,mw-pick-place,41001,2,final,0.04289228922892289,0.0,0.0,100
dino_pick_straight_off,mw-pick-place,41001,3,init,0.1264086408640864,0.1,0.5725711584091187,100
dino_pick_straight_off,mw-pick-place,41001,3,final,0.13134113411341133,0.0,0.4726469516754206,100
dino_pick_straight_off,mw-pick-place,41001,4,init,0.08283228322832283,0.1,1.6231834888458307,100
dino_pick_straight_off,mw-pick-place,41001,4,final,0.35690369036903685,0.2,0.0,100
dino_pick_straight_off,mw-pick-place,41001,5,init,0.17686168616861686,0.0,0.15551149845123846,100
dino_pick_straight_off,mw-pick-place,41001,5,final,0.24884488448844883,0.0,0.0,100
dino_pick_straight_off,mw-pick-place,41001,6,init,0.6075607560756076,0.2,0.0,100
dino_pick_straight_off,mw-pick-place,41001,6,final,-0.05208520852085208,0.0,0.0,100
dino_pick_straight_off,mw-pick-place,41002,0,init,0.038355835583558345,0.5,0.0,100
dino_pick_straight_off,mw-pick-place,41002,0,final,-0.0033603360336033603,0.3,0.0,100
dino_pick_straight_off,mw-pick-place,41002,1,init,0.12210021002100209,0.3,0.014483928680419922,100
dino_pick_straight_off,mw-pick-place,41002,1,final,0.17947794779477946,0.1,0.0,100
dino_pick_straight_off,mw-pick-place,41002,2,init,0.10748274827482747,0.1,0.0,100
dino_pick_straight_off,mw-pick-place,41002,2,final,0.1921152115211521,0.2,0.03215074539184015,100
dino_pick_straight_off,mw-pick-place,41002,3,init,-0.018253825382538252,0.1,0.0,100
dino_pick_straight_off,mw-pick-place,41002,3,final,-0.02789078907890789,0.0,0.0,100
dino_pick_straight_off,mw-pick-place,41002,4,init,0.17320132013201317,0.0,0.0,100
dino_pick_straight_off,mw-pick-place,41002,4,final,0.034407440744074404,0.0,0.0,100
dino_pick_straight_off,mw-pick-place,41002,5,init,0.023810381038103807,0.0,0.0,100
dino_pick_straight_off,mw-pick-place,41002,5,final,-0.08308430843084308,0.0,0.0,100
dino_pick_straight_off,mw-pick-place,41002,6,init,0.18107410741074106,0.2,0.0,100
dino_pick_straight_off,mw-pick-place,41002,6,final,-0.051329132913291324,0.1,0.0,100
dino_pick_straight_off,mw-pick-place,41003,0,init,0.1108190819081908,0.4,0.0,100
dino_pick_straight_off,mw-pick-place,41003,0,final,0.11638763876387638,0.1,0.0,100
dino_pick_straight_off,mw-pick-place,41003,1,init,0.26180618061806177,0.1,0.10889172554016113,100
dino_pick_straight_off,mw-pick-place,41003,1,final,0.23119111911191118,0.0,0.0,100
dino_pick_straight_off,mw-pick-place,41003,2,init,0.31476747674767475,0.1,0.2680331468582181,100
dino_pick_straight_off,mw-pick-place,41003,2,final,0.27705970597059704,0.1,0.0,100
dino_pick_straight_off,mw-pick-place,41003,3,init,0.5317971797179718,0.1,0.2669110894203186,100
dino_pick_straight_off,mw-pick-place,41003,3,final,0.2275187518751875,0.0,0.0,100
dino_pick_straight_off,mw-pick-place,41003,4,init,0.09329732973297328,0.1,0.0,100
dino_pick_straight_off,mw-pick-place,41003,4,final,0.36680468046804676,0.1,0.0,100
dino_pick_straight_off,mw-pick-place,41003,5,init,0.18736273627362737,0.2,0.0,100
dino_pick_straight_off,mw-pick-place,41003,5,final,0.2660906090609061,0.1,0.0,100
dino_pick_straight_off,mw-pick-place,41003,6,init,0.06355835583558356,0.1,0.0,100
dino_pick_straight_off,mw-pick-place,41003,6,final,0.10505850585058504,0.1,0.0,100
dino_pick_straight_off,mw-pick-place,41004,0,init,0.09892589258925892,0.3,0.0,100
dino_pick_straight_off,mw-pick-place,41004,0,final,0.023738373837383735,0.1,0.0,100
dino_pick_straight_off,mw-pick-place,41004,1,init,-0.019717971797179715,0.0,0.0,100
dino_pick_straight_off,mw-pick-place,41004,1,final,-0.03251125112511251,0.0,0.0,100
dino_pick_straight_off,mw-pick-place,41004,2,init,-0.24318031803180318,0.0,0.0,100
dino_pick_straight_off,mw-pick-place,41004,2,final,-0.06615061506150614,0.0,0.0,100
dino_pick_straight_off,mw-pick-place,41004,3,init,-0.03471947194719471,0.0,0.0,100
dino_pick_straight_off,mw-pick-place,41004,3,final,-0.02712271227122712,0.2,0.0,100
dino_pick_straight_off,mw-pick-place,41004,4,init,-0.14100210021002096,0.0,0.0,100
dino_pick_straight_off,mw-pick-place,41004,4,final,-0.023234323432343232,0.0,0.0,100
dino_pick_straight_off,mw-pick-place,41004,5,init,-0.1228202820282028,0.0,0.0,100
dino_pick_straight_off,mw-pick-place,41004,5,final,-0.2438643864386438,0.0,0.0,100
dino_pick_straight_off,mw-pick-place,41004,6,init,-0.05087308730873087,0.0,0.0,100
dino_pick_straight_off,mw-pick-place,41004,6,final,0.1291209120912091,0.0,0.0,100
dino_pick_straight_off,mw-pick-place,41005,0,init,-0.31516351635163514,0.1,0.0,100
dino_pick_straight_off,mw-pick-place,41005,0,final,-0.4673627362736273,0.0,0.0,100
dino_pick_straight_off,mw-pick-place,41005,1,init,-0.3326972697269726,0.1,0.0,100
dino_pick_straight_off,mw-pick-place,41005,1,final,-0.12310831083108309,0.0,0.0,100
dino_pick_straight_off,mw-pick-place,41005,2,init,-0.3438343834383438,0.2,0.0,100
dino_pick_straight_off,mw-pick-place,41005,2,final,-0.10961896189618961,0.0,0.0,100
dino_pick_straight_off,mw-pick-place,41005,3,init,-0.3399579957995799,0.0,0.0,100
dino_pick_straight_off,mw-pick-place,41005,3,final,-0.030843084308430843,0.0,0.0,100
dino_pick_straight_off,mw-pick-place,41005,4,init,-0.1105070507050705,0.1,0.0,100
dino_pick_straight_off,mw-pick-place,41005,4,final,-0.18745874587458744,0.0,0.0,100
dino_pick_straight_off,mw-pick-place,41005,5,init,0.013885388538853885,0.0,0.0,100
dino_pick_straight_off,mw-pick-place,41005,5,final,-0.1449144914491449,0.0,0.0,100
dino_pick_straight_off,mw-pick-place,41005,6,init,-0.2721992199219922,0.0,0.0,100
dino_pick_straight_off,mw-pick-place,41005,6,final,0.26769876987698765,0.0,0.0,100
dino_pick_straight_off,mw-pick-place,41006,0,init,-0.6239183918391839,0.1,0.0,100
dino_pick_straight_off,mw-pick-place,41006,0,final,-0.3653885388538854,0.0,0.0,100
dino_pick_straight_off,mw-pick-place,41006,1,init,-0.2695109510951095,0.0,0.0,100
dino_pick_straight_off,mw-pick-place,41006,1,final,-0.17940594059405937,0.0,0.0,100
dino_pick_straight_off,mw-pick-place,41006,2,init,-0.4529372937293728,0.0,0.0,100
dino_pick_straight_off,mw-pick-place,41006,2,final,0.07239123912391238,0.0,0.0,100
dino_pick_straight_off,mw-pick-place,41006,3,init,0.09842184218421841,0.1,0.0,100
dino_pick_straight_off,mw-pick-place,41006,3,final,0.19113111311131112,0.0,0.0,100
dino_pick_straight_off,mw-pick-place,41006,4,init,0.06647464746474648,0.1,0.0,100
dino_pick_straight_off,mw-pick-place,41006,4,final,-0.30997899789978994,0.0,0.0,100
dino_pick_straight_off,mw-pick-place,41006,5,init,-0.3193399339933993,0.1,0.0,100
dino_pick_straight_off,mw-pick-place,41006,5,final,0.1295289528952895,0.0,0.0,100
dino_pick_straight_off,mw-pick-place,41006,6,init,-0.2855925592559255,0.0,0.0,100
dino_pick_straight_off,mw-pick-place,41006,6,final,0.06969096909690968,0.0,0.0,100
dino_pick_straight_off,mw-pick-place,41007,0,init,-0.2707950795079508,0.0,0.0,100
dino_pick_straight_off,mw-pick-place,41007,0,final,-0.30174617461746167,0.0,0.0,100
dino_pick_straight_off,mw-pick-place,41007,1,init,-0.13698169816981698,0.0,0.0,100
dino_pick_straight_off,mw-pick-place,41007,1,final,-0.2002040204020402,0.0,0.0,100
dino_pick_straight_off,mw-pick-place,41007,2,init,-0.11085508550855083,0.0,0.0,100
dino_pick_straight_off,mw-pick-place,41007,2,final,-0.039759975997599756,0.0,0.0,100
dino_pick_straight_off,mw-pick-place,41007,3,init,0.11878787878787878,0.1,0.0,100
dino_pick_straight_off,mw-pick-place,41007,3,final,-0.27583558355835586,0.0,0.0,100
dino_pick_straight_off,mw-pick-place,41007,4,init,-0.09102910291029101,0.1,0.0,100
dino_pick_straight_off,mw-pick-place,41007,4,final,0.07978397839783978,0.0,0.0,100
dino_pick_straight_off,mw-pick-place,41007,5,init,-0.025262526252625258,0.1,0.0,100
dino_pick_straight_off,mw-pick-place,41007,5,final,-0.0999219921992199,0.0,0.0,100
dino_pick_straight_off,mw-pick-place,41007,6,init,-0.16380438043804382,0.0,0.0,100
dino_pick_straight_off,mw-pick-place,41007,6,final,0.17248124812481244,0.2,0.0,100
dino_pick_straight_off,mw-pick-place,41008,0,init,-0.5317491749174916,0.0,0.0,100
dino_pick_straight_off,mw-pick-place,41008,0,final,-0.21096909690969096,0.0,0.0,100
dino_pick_straight_off,mw-pick-place,41008,1,init,-0.352067206720672,0.0,0.0,100
dino_pick_straight_off,mw-pick-place,41008,1,final,-0.17276927692769273,0.0,0.0,100
dino_pick_straight_off,mw-pick-place,41008,2,init,-0.26437443744374434,0.0,0.0,100
dino_pick_straight_off,mw-pick-place,41008,2,final,0.13072907290729072,0.0,0.0,100
dino_pick_straight_off,mw-pick-place,41008,3,init,-0.19141914191419138,0.1,0.0,100
dino_pick_straight_off,mw-pick-place,41008,3,final,-0.19486348634863482,0.0,0.0,100
dino_pick_straight_off,mw-pick-place,41008,4,init,0.13362136213621362,0.2,0.0,100
dino_pick_straight_off,mw-pick-place,41008,4,final,-0.26525052505250524,0.0,0.0,100
dino_pick_straight_off,mw-pick-place,41008,5,init,-0.2761596159615961,0.1,0.0,100
dino_pick_straight_off,mw-pick-place,41008,5,final,-0.21346534653465343,0.1,0.0,100
dino_pick_straight_off,mw-pick-place,41008,6,init,-0.24146414641464142,0.0,0.0,100
dino_pick_straight_off,mw-pick-place,41008,6,final,-0.09485748574857485,0.0,0.0,100
dino_pick_straight_off,mw-pick-place,41009,0,init,0.061590159015901584,0.0,0.0,100
dino_pick_straight_off,mw-pick-place,41009,0,final,0.3072787278727872,0.2,0.0,100
dino_pick_straight_off,mw-pick-place,41009,1,init,0.2949534953495349,0.1,0.0,100
dino_pick_straight_off,mw-pick-place,41009,1,final,0.11335133513351334,0.0,0.0,100
dino_pick_straight_off,mw-pick-place,41009,2,init,0.21848184818481847,0.0,0.0,100
dino_pick_straight_off,mw-pick-place,41009,2,final,0.17840984098409837,0.0,0.0,100
dino_pick_straight_off,mw-pick-place,41009,3,init,0.4092649264926492,0.2,0.0,100
dino_pick_straight_off,mw-pick-place,41009,3,final,0.0722112211221122,0.1,0.0,100
dino_pick_straight_off,mw-pick-place,41009,4,init,0.2402520252025202,0.1,0.0,100
dino_pick_straight_off,mw-pick-place,41009,4,final,-0.050801080108010786,0.0,0.0,100
dino_pick_straight_off,mw-pick-place,41009,5,init,-0.029402940294029404,0.1,0.0,100
dino_pick_straight_off,mw-pick-place,41009,5,final,-0.015409540954095408,0.1,0.0,100
dino_pick_straight_off,mw-pick-place,41009,6,init,0.30622262226222624,0.0,0.0,100
dino_pick_straight_off,mw-pick-place,41009,6,final,-0.2114011401140114,0.1,0.0,100
dino_pick_straight_off,mw-pick-place,41010,0,init,-0.056453645364536446,0.2,0.0,100
dino_pick_straight_off,mw-pick-place,41010,0,final,-0.29711371137113707,0.1,0.0,100
dino_pick_straight_off,mw-pick-place,41010,1,init,0.14225022502250223,0.2,0.0,100
dino_pick_straight_off,mw-pick-place,41010,1,final,-0.11158715871587158,0.2,0.0,100
dino_pick_straight_off,mw-pick-place,41010,2,init,-0.209036903690369,0.1,0.0,100
dino_pick_straight_off,mw-pick-place,41010,2,final,-0.21405340534053402,0.0,0.0,100
dino_pick_straight_off,mw-pick-place,41010,3,init,0.20177617761776176,0.1,0.0,100
dino_pick_straight_off,mw-pick-place,41010,3,final,0.18145814581458145,0.2,0.0,100
dino_pick_straight_off,mw-pick-place,41010,4,init,0.16595259525952594,0.1,0.0,100
dino_pick_straight_off,mw-pick-place,41010,4,final,-0.03873987398739874,0.1,0.0,100
dino_pick_straight_off,mw-pick-place,41010,5,init,0.14939093909390935,0.0,0.0,100
dino_pick_straight_off,mw-pick-place,41010,5,final,0.0006480648064806481,0.0,0.0,100
dino_pick_straight_off,mw-pick-place,41010,6,init,0.046156615661566154,0.0,0.0,100
dino_pick_straight_off,mw-pick-place,41010,6,final,0.03875187518751875,0.2,0.0,100
dino_pick_straight_off,mw-pick-place,41011,0,init,-0.005568556855685567,0.5,0.0,100
dino_pick_straight_off,mw-pick-place,41011,0,final,0.13756975697569754,0.1,0.013262033462518863,100
dino_pick_straight_off,mw-pick-place,41011,1,init,0.2851125112511251,0.2,0.04761219024658203,100
dino_pick_straight_off,mw-pick-place,41011,1,final,0.18687068706870685,0.1,0.027826428413391113,100
dino_pick_straight_off,mw-pick-place,41011,2,init,0.13896189618961896,0.0,2.1513998508453316,100
dino_pick_straight_off,mw-pick-place,41011,2,final,0.028538853885388536,0.0,0.0,100
dino_pick_straight_off,mw-pick-place,41011,3,init,0.2173177317731773,0.1,0.0,100
dino_pick_straight_off,mw-pick-place,41011,3,final,-0.17016501650165014,0.0,0.8053570985794012,100
dino_pick_straight_off,mw-pick-place,41011,4,init,0.012409240924092407,0.0,2.1136701107025093,100
dino_pick_straight_off,mw-pick-place,41011,4,final,0.19005100510051004,0.4,0.00425279140471857,100
dino_pick_straight_off,mw-pick-place,41011,5,init,-0.02088208820882088,0.1,1.0191500186920222,100
dino_pick_straight_off,mw-pick-place,41011,5,final,0.12686468646864685,0.0,0.0,100
dino_pick_straight_off,mw-pick-place,41011,6,init,-0.0132013201320132,0.0,0.47244131565093994,100
dino_pick_straight_off,mw-pick-place,41011,6,final,-0.1085148514851485,0.0,0.0,100
dino_pick_straight_off,mw-pick-place,41012,0,init,-0.01626162616261626,0.2,0.0,100
dino_pick_straight_off,mw-pick-place,41012,0,final,-0.2496009600960096,0.0,0.0,100
dino_pick_straight_off,mw-pick-place,41012,1,init,-0.09822982298229821,0.1,0.0,100
dino_pick_straight_off,mw-pick-place,41012,1,final,0.10547854785478547,0.1,0.0,100
dino_pick_straight_off,mw-pick-place,41012,2,init,0.021338133813381337,0.0,0.0,100
dino_pick_straight_off,mw-pick-place,41012,2,final,-0.12954095409540953,0.1,0.0,100
dino_pick_straight_off,mw-pick-place,41012,3,init,-0.07831983198319832,0.0,0.0,100
dino_pick_straight_off,mw-pick-place,41012,3,final,0.023114311431143113,0.1,0.0,100
dino_pick_straight_off,mw-pick-place,41012,4,init,-0.10054605460546054,0.0,0.0,100
dino_pick_straight_off,mw-pick-place,41012,4,final,-0.010417041704170415,0.0,0.0,100
dino_pick_straight_off,mw-pick-place,41012,5,init,-0.1876867686768677,0.0,0.0,100
dino_pick_straight_off,mw-pick-place,41012,5,final,-0.08163216321632162,0.0,0.0,100
dino_pick_straight_off,mw-pick-place,41012,6,init,0.16306030603060304,0.0,0.0,100
dino_pick_straight_off,mw-pick-place,41012,6,final,0.13806180618061806,0.0,0.0,100
dino_pick_straight_off,mw-pick-place,41013,0,init,-0.06317431743174316,0.0,0.0,100
dino_pick_straight_off,mw-pick-place,41013,0,final,0.07026702670267025,0.0,0.0,100
dino_pick_straight_off,mw-pick-place,41013,1,init,0.08354035403540352,0.0,0.0,100
dino_pick_straight_off,mw-pick-place,41013,1,final,0.18659465946594656,0.1,0.0,100
dino_pick_straight_off,mw-pick-place,41013,2,init,-0.03530753075307531,0.0,0.0,100
dino_pick_straight_off,mw-pick-place,41013,2,final,0.11425142514251424,0.0,0.0,100
dino_pick_straight_off,mw-pick-place,41013,3,init,-0.1123192319231923,0.0,0.0,100
dino_pick_straight_off,mw-pick-place,41013,3,final,0.20825682568256823,0.3,0.0,100
dino_pick_straight_off,mw-pick-place,41013,4,init,0.12234023402340233,0.1,0.0,100
dino_pick_straight_off,mw-pick-place,41013,4,final,0.01399339933993399,0.2,0.0,100
dino_pick_straight_off,mw-pick-place,41013,5,init,0.2144374437443744,0.1,0.0,100
dino_pick_straight_off,mw-pick-place,41013,5,final,0.024866486648664865,0.0,0.0,100
dino_pick_straight_off,mw-pick-place,41013,6,init,0.10166216621662165,0.0,0.0,100
dino_pick_straight_off,mw-pick-place,41013,6,final,0.03135913591359135,0.1,0.0,100
dino_pick_straight_off,mw-pick-place,41014,0,init,-0.025130513051305124,0.0,0.0,100
dino_pick_straight_off,mw-pick-place,41014,0,final,-0.20738073807380739,0.2,0.0,100
dino_pick_straight_off,mw-pick-place,41014,1,init,-0.12787278727872786,0.0,0.0,100
dino_pick_straight_off,mw-pick-place,41014,1,final,-0.14757875787578756,0.1,0.0,100
dino_pick_straight_off,mw-pick-place,41014,2,init,0.10631863186318632,0.0,0.0,100
dino_pick_straight_off,mw-pick-place,41014,2,final,-0.08753675367536752,0.1,0.0,100
dino_pick_straight_off,mw-pick-place,41014,3,init,0.02461446144614461,0.0,0.0,100
dino_pick_straight_off,mw-pick-place,41014,3,final,0.01657365736573657,0.1,0.0,100
dino_pick_straight_off,mw-pick-place,41014,4,init,0.1994959495949595,0.0,0.0,100
dino_pick_straight_off,mw-pick-place,41014,4,final,-0.19345934593459346,0.0,0.0,100
dino_pick_straight_off,mw-pick-place,41014,5,init,0.10738673867386739,0.1,0.0,100
dino_pick_straight_off,mw-pick-place,41014,5,final,0.12807680768076807,0.0,0.0,100
dino_pick_straight_off,mw-pick-place,41014,6,init,-0.06197419741974197,0.0,0.0,100
dino_pick_straight_off,mw-pick-place,41014,6,final,0.1373297329732973,0.0,0.0,100
dino_pick_straight_off,mw-pick-place,41015,0,init,-0.22574257425742572,0.1,0.0,100
dino_pick_straight_off,mw-pick-place,41015,0,final,-0.19857185718571854,0.0,0.0,100
dino_pick_straight_off,mw-pick-place,41015,1,init,-0.14473447344734472,0.1,0.0,100
dino_pick_straight_off,mw-pick-place,41015,1,final,-0.024746474647464742,0.1,0.0,100
dino_pick_straight_off,mw-pick-place,41015,2,init,-0.15264326432643263,0.1,0.0,100
dino_pick_straight_off,mw-pick-place,41015,2,final,0.09210921092109209,0.0,0.0,100
dino_pick_straight_off,mw-pick-place,41015,3,init,0.006504650465046504,0.0,0.0,100
dino_pick_straight_off,mw-pick-place,41015,3,final,0.19318331833183316,0.1,0.0,100
dino_pick_straight_off,mw-pick-place,41015,4,init,0.08398439843984397,0.0,0.0,100
dino_pick_straight_off,mw-pick-place,41015,4,final,0.14827482748274826,0.2,0.0,100
dino_pick_straight_off,mw-pick-place,41015,5,init,-0.09593759375937592,0.0,0.0,100
dino_pick_straight_off,mw-pick-place,41015,5,final,0.07371137113711371,0.0,0.0,100
dino_pick_straight_off,mw-pick-place,41015,6,init,0.15935193519351934,0.1,0.0,100
dino_pick_straight_off,mw-pick-place,41015,6,final,-0.007032703270327032,0.1,0.0,100
dino_pick_straight_switch,mw-pick-place,41000,0,init,0.4589378937893789,0.6,0.0,100
dino_pick_straight_switch,mw-pick-place,41000,0,final,0.20196819681968195,0.0,0.0,100
dino_pick_straight_switch,mw-pick-place,41000,1,init,0.5828982898289827,0.1,0.0,100
dino_pick_straight_switch,mw-pick-place,41000,1,final,0.19698769876987698,0.0,0.0,100
dino_pick_straight_switch,mw-pick-place,41000,2,init,0.3245724572457245,0.0,0.7037401199340765,100
dino_pick_straight_switch,mw-pick-place,41000,2,final,-0.19390339033903387,0.0,0.0,100
dino_pick_straight_switch,mw-pick-place,41000,3,init,0.08708070807080708,0.0,0.042435526847839355,100
dino_pick_straight_switch,mw-pick-place,41000,3,final,-0.15738373837383737,0.0,0.0,100
dino_pick_straight_switch,mw-pick-place,41000,4,init,-0.26213021302130207,0.0,0.0,100
dino_pick_straight_switch,mw-pick-place,41000,4,final,-0.09261953981301757,0.0,0.0,100
dino_pick_straight_switch,mw-pick-place,41000,5,init,-0.03734773477347734,0.0,0.0,100
dino_pick_straight_switch,mw-pick-place,41000,5,final,-0.13678967896789676,0.0,0.0,100
dino_pick_straight_switch,mw-pick-place,41000,6,init,0.26466246624662465,0.0,0.0,100
dino_pick_straight_switch,mw-pick-place,41000,6,final,-0.06264626462646264,0.0,0.0,100
dino_pick_straight_switch,mw-pick-place,41001,0,init,0.288004800480048,0.2,0.0,100
dino_pick_straight_switch,mw-pick-place,41001,0,final,-0.10673867386738674,0.0,0.0,100
dino_pick_straight_switch,mw-pick-place,41001,1,init,0.07983198319831981,0.0,0.2547740936279297,100
dino_pick_straight_switch,mw-pick-place,41001,1,final,-0.06592259225922592,0.0,0.0,100
dino_pick_straight_switch,mw-pick-place,41001,2,init,0.17940594059405937,0.0,0.0,100
dino_pick_straight_switch,mw-pick-place,41001,2,final,-0.09362136213621361,0.0,0.0,100
dino_pick_straight_switch,mw-pick-place,41001,3,init,-0.1764056405640564,0.0,0.0,100
dino_pick_straight_switch,mw-pick-place,41001,3,final,0.04118811881188119,0.0,0.0,100
dino_pick_straight_switch,mw-pick-place,41001,4,init,0.023270327032703268,0.1,0.0,100
dino_pick_straight_switch,mw-pick-place,41001,4,final,-0.2076207620762076,0.0,0.0,100
dino_pick_straight_switch,mw-pick-place,41001,5,init,-0.05556555655565556,0.0,0.0,100
dino_pick_straight_switch,mw-pick-place,41001,5,final,-0.1309210921092109,0.0,0.0,100
dino_pick_straight_switch,mw-pick-place,41001,6,init,0.059669966996699665,0.0,0.0,100
dino_pick_straight_switch,mw-pick-place,41001,6,final,0.012913291329132912,0.0,0.0,100
dino_pick_straight_switch,mw-pick-place,41002,0,init,0.4441404140414041,0.6,0.0,100
dino_pick_straight_switch,mw-pick-place,41002,0,final,0.002808280828082808,0.0,0.0,100
dino_pick_straight_switch,mw-pick-place,41002,1,init,0.39247524752475244,0.3,0.0,100
dino_pick_straight_switch,mw-pick-place,41002,1,final,0.2515211521152115,0.3,0.0,100
dino_pick_straight_switch,mw-pick-place,41002,2,init,0.3259405940594059,0.2,0.0,100
dino_pick_straight_switch,mw-pick-place,41002,2,final,0.09653765376537653,0.3,0.0,100
dino_pick_straight_switch,mw-pick-place,41002,3,init,0.23445544554455441,0.2,0.0003516674041803558,100
dino_pick_straight_switch,mw-pick-place,41002,3,final,0.17950195019501947,0.3,0.0,100
dino_pick_straight_switch,mw-pick-place,41002,4,init,0.26660666066606653,0.3,0.8726626634597778,100
dino_pick_straight_switch,mw-pick-place,41002,4,final,0.341026102610261,0.2,0.0,100
dino_pick_straight_switch,mw-pick-place,41002,5,init,0.17176117611761174,0.0,0.4324018955230713,100
dino_pick_straight_switch,mw-pick-place,41002,5,final,0.11092709270927091,0.1,0.0,100
dino_pick_straight_switch,mw-pick-place,41002,6,init,0.16160816081608156,0.2,0.0,100
dino_pick_straight_switch,mw-pick-place,41002,6,final,0.15174317431743173,0.3,0.0,100
dino_pick_straight_switch,mw-pick-place,41003,0,init,-0.21638163816381634,0.0,0.0,100
dino_pick_straight_switch,mw-pick-place,41003,0,final,-0.15834383438343833,0.0,0.0,100
dino_pick_straight_switch,mw-pick-place,41003,1,init,-0.49848184818481844,0.0,0.0,100
dino_pick_straight_switch,mw-pick-place,41003,1,final,-0.06827482748274827,0.1,0.0,100
dino_pick_straight_switch,mw-pick-place,41003,2,init,-0.3107230723072307,0.0,0.0,100
dino_pick_straight_switch,mw-pick-place,41003,2,final,-0.05980198019801979,0.0,0.0,100
dino_pick_straight_switch,mw-pick-place,41003,3,init,0.07386738673867385,0.0,0.0,100
dino_pick_straight_switch,mw-pick-place,41003,3,final,-0.1521152115211521,0.0,0.0,100
dino_pick_straight_switch,mw-pick-place,41003,4,init,-0.16600060006000597,0.0,0.0,100
dino_pick_straight_switch,mw-pick-place,41003,4,final,-0.1974317431743174,0.0,0.0,100
dino_pick_straight_switch,mw-pick-place,41003,5,init,-0.021062106210621063,0.2,0.0,100
dino_pick_straight_switch,mw-pick-place,41003,5,final,-0.09519351935193518,0.2,0.0,100
dino_pick_straight_switch,mw-pick-place,41003,6,init,-0.11713171317131711,0.0,0.0,100
dino_pick_straight_switch,mw-pick-place,41003,6,final,-0.10727872787278728,0.1,0.0,100
dino_pick_straight_switch,mw-pick-place,41004,0,init,0.23665166516651662,0.2,0.0,100
dino_pick_straight_switch,mw-pick-place,41004,0,final,0.30089499218554927,0.0,0.0,100
dino_pick_straight_switch,mw-pick-place,41004,1,init,0.3783858385838583,0.1,0.0,100
dino_pick_straight_switch,mw-pick-place,41004,1,final,-0.17566156615661566,0.1,0.0,100
dino_pick_straight_switch,mw-pick-place,41004,2,init,0.2545694569456945,0.0,0.0,100
dino_pick_straight_switch,mw-pick-place,41004,2,final,-0.06228622862286228,0.0,0.0,100
dino_pick_straight_switch,mw-pick-place,41004,3,init,0.30333033303330326,0.1,0.0,100
dino_pick_straight_switch,mw-pick-place,41004,3,final,-0.14297029702970296,0.0,0.0,100
dino_pick_straight_switch,mw-pick-place,41004,4,init,-0.025562556255625556,0.1,0.0,100
dino_pick_straight_switch,mw-pick-place,41004,4,final,-0.1678127812781278,0.0,0.0,100
dino_pick_straight_switch,mw-pick-place,41004,5,init,0.22459045904590458,0.1,0.0,100
dino_pick_straight_switch,mw-pick-place,41004,5,final,0.10732673267326731,0.1,0.0,100
dino_pick_straight_switch,mw-pick-place,41004,6,init,0.10055805580558055,0.0,0.0,100
dino_pick_straight_switch,mw-pick-place,41004,6,final,-0.08865286528652863,0.1,0.0,100
dino_pick_straight_switch,mw-pick-place,41005,0,init,0.344002400240024,0.5,0.0,100
dino_pick_straight_switch,mw-pick-place,41005,0,final,0.08976897689768974,0.0,0.0,100
dino_pick_straight_switch,mw-pick-place,41005,1,init,0.4637503750375037,0.3,0.43871849775314053,100
dino_pick_straight_switch,mw-pick-place,41005,1,final,0.13488789345363278,0.0,0.11238008737564087,100
dino_pick_straight_switch,mw-pick-place,41005,2,init,0.3627962796279628,0.2,2.54367738962174,100
dino_pick_straight_switch,mw-pick-place,41005,2,final,0.15966396639663963,0.0,0.0,100
dino_pick_straight_switch,mw-pick-place,41005,3,init,0.16656465646564653,0.1,0.5899772047996493,100
dino_pick_straight_switch,mw-pick-place,41005,3,final,0.21975397539753974,0.1,0.0,100
dino_pick_straight_switch,mw-pick-place,41005,4,init,0.002436243624362436,0.0,2.431762218475339,100
dino_pick_straight_switch,mw-pick-place,41005,4,final,0.10504650465046504,0.0,0.0,100
dino_pick_straight_switch,mw-pick-place,41005,5,init,0.23720372037203719,0.1,1.3759240508079613,100
dino_pick_straight_switch,mw-pick-place,41005,5,final,0.09720972097209721,0.2,0.0,100
dino_pick_straight_switch,mw-pick-place,41005,6,init,-0.00576057605760576,0.0,0.0,100
dino_pick_straight_switch,mw-pick-place,41005,6,final,0.0685988598859886,0.1,0.0,100
dino_pick_straight_switch,mw-pick-place,41006,0,init,0.26969096909690965,0.3,0.0,100
dino_pick_straight_switch,mw-pick-place,41006,0,final,0.17453345334533452,0.0,0.0,100
dino_pick_straight_switch,mw-pick-place,41006,1,init,0.23768376837683766,0.1,0.0,100
dino_pick_straight_switch,mw-pick-place,41006,1,final,0.0803120312031203,0.0,0.0,100
dino_pick_straight_switch,mw-pick-place,41006,2,init,-0.05724572457245724,0.0,0.0,100
dino_pick_straight_switch,mw-pick-place,41006,2,final,0.020954095409540952,0.0,0.0,100
dino_pick_straight_switch,mw-pick-place,41006,3,init,-0.022910291029102907,0.0,0.18830746412276944,100
dino_pick_straight_switch,mw-pick-place,41006,3,final,-0.05071707170717071,0.0,0.0,100
dino_pick_straight_switch,mw-pick-place,41006,4,init,-0.009156915691569156,0.1,0.0,100
dino_pick_straight_switch,mw-pick-place,41006,4,final,0.10053405340534051,0.0,0.0,100
dino_pick_straight_switch,mw-pick-place,41006,5,init,0.14875487548754873,0.2,0.0,100
dino_pick_straight_switch,mw-pick-place,41006,5,final,0.037119711971197115,0.0,0.0,100
dino_pick_straight_switch,mw-pick-place,41006,6,init,0.37999399939993994,0.1,0.0,100
dino_pick_straight_switch,mw-pick-place,41006,6,final,0.17047704770477046,0.0,0.0,100
dino_pick_straight_switch,mw-pick-place,41007,0,init,0.37740174017401734,0.4,0.0,100
dino_pick_straight_switch,mw-pick-place,41007,0,final,0.10014431486488176,0.0,0.0,100
dino_pick_straight_switch,mw-pick-place,41007,1,init,0.3486948694869486,0.2,0.0,100
dino_pick_straight_switch,mw-pick-place,41007,1,final,0.2321392139213921,0.1,1.9770324230194092,100
dino_pick_straight_switch,mw-pick-place,41007,2,init,0.4966456645664566,0.3,1.2221440672874506,100
dino_pick_straight_switch,mw-pick-place,41007,2,final,0.22208220822082209,0.0,0.0,100
dino_pick_straight_switch,mw-pick-place,41007,3,init,0.4044764476447645,0.2,0.7428288459777804,100
dino_pick_straight_switch,mw-pick-place,41007,3,final,0.32091209120912084,0.1,0.0,100
dino_pick_straight_switch,mw-pick-place,41007,4,init,0.09996999699969995,0.1,0.0,100
dino_pick_straight_switch,mw-pick-place,41007,4,final,0.3294569456945694,0.2,0.0,100
dino_pick_straight_switch,mw-pick-place,41007,5,init,0.46940294029402935,0.1,0.12167096137999933,100
dino_pick_straight_switch,mw-pick-place,41007,5,final,0.33783378337833775,0.1,0.0,100
dino_pick_straight_switch,mw-pick-place,41007,6,init,0.24108010801080107,0.0,0.0,100
dino_pick_straight_switch,mw-pick-place,41007,6,final,0.03561956195619562,0.0,0.0,100
dino_pick_straight_switch,mw-pick-place,41008,0,init,0.4634143414341434,0.6,0.0,100
dino_pick_straight_switch,mw-pick-place,41008,0,final,-0.06795079507950795,0.0,0.5048006772994995,100
dino_pick_straight_switch,mw-pick-place,41008,1,init,0.6776237623762376,0.5,2.706792950630188,100
dino_pick_straight_switch,mw-pick-place,41008,1,final,0.05594959495949594,0.0,0.3732472658157404,100
dino_pick_straight_switch,mw-pick-place,41008,2,init,0.1876867686768677,0.0,4.418385028839106,100
dino_pick_straight_switch,mw-pick-place,41008,2,final,0.0678067806780678,0.0,2.369704842567449,100
dino_pick_straight_switch,mw-pick-place,41008,3,init,0.14355835583558355,0.0,4.84619140625,100
dino_pick_straight_switch,mw-pick-place,41008,3,final,-0.1348934893489349,0.0,2.2430062294006294,100
dino_pick_straight_switch,mw-pick-place,41008,4,init,-0.0071887188718871885,0.1,3.4946441650390625,100
dino_pick_straight_switch,mw-pick-place,41008,4,final,0.015997599759975997,0.0,2.3840457201003975,100
dino_pick_straight_switch,mw-pick-place,41008,5,init,0.14569456945694567,0.0,3.1200230121612496,100
dino_pick_straight_switch,mw-pick-place,41008,5,final,0.19243924392439243,0.2,0.247877836227417,100
dino_pick_straight_switch,mw-pick-place,41008,6,init,0.33467746774677465,0.2,0.6182789802551325,100
dino_pick_straight_switch,mw-pick-place,41008,6,final,-0.20682930341918296,0.0,0.3694295883178711,100
dino_pick_straight_switch,mw-pick-place,41009,0,init,-0.32314431443144304,0.0,0.0,100
dino_pick_straight_switch,mw-pick-place,41009,0,final,-0.19374737473747372,0.0,0.0,100
dino_pick_straight_switch,mw-pick-place,41009,1,init,-0.22147014701470144,0.0,0.0,100
dino_pick_straight_switch,mw-pick-place,41009,1,final,0.031959195919591954,0.1,0.0,100
dino_pick_straight_switch,mw-pick-place,41009,2,init,-0.6340234023402339,0.0,0.0,100
dino_pick_straight_switch,mw-pick-place,41009,2,final,-0.09113711371137112,0.0,0.0,100
dino_pick_straight_switch,mw-pick-place,41009,3,init,-0.41561356135613553,0.0,0.0,100
dino_pick_straight_switch,mw-pick-place,41009,3,final,-0.03667566756675668,0.0,0.0,100
dino_pick_straight_switch,mw-pick-place,41009,4,init,-0.03296729672967297,0.1,0.0,100
dino_pick_straight_switch,mw-pick-place,41009,4,final,0.2083408340834083,0.0,0.0,100
dino_pick_straight_switch,mw-pick-place,41009,5,init,0.2627662766276627,0.0,0.0,100
dino_pick_straight_switch,mw-pick-place,41009,5,final,-0.20577257725772574,0.0,0.0,100
dino_pick_straight_switch,mw-pick-place,41009,6,init,0.10635463546354634,0.1,0.0,100
dino_pick_straight_switch,mw-pick-place,41009,6,final,0.15720372037203717,0.0,0.0,100
dino_pick_straight_switch,mw-pick-place,41010,0,init,0.46301830183018294,0.1,0.0,100
dino_pick_straight_switch,mw-pick-place,41010,0,final,-0.13431743174317431,0.0,0.0,100
dino_pick_straight_switch,mw-pick-place,41010,1,init,0.2027122712271227,0.0,0.0,100
dino_pick_straight_switch,mw-pick-place,41010,1,final,0.02071407140714071,0.0,0.0,100
dino_pick_straight_switch,mw-pick-place,41010,2,init,0.2225382538253825,0.0,0.0,100
dino_pick_straight_switch,mw-pick-place,41010,2,final,0.11347134713471348,0.1,0.0,100
dino_pick_straight_switch,mw-pick-place,41010,3,init,0.11300330033003299,0.1,0.0,100
dino_pick_straight_switch,mw-pick-place,41010,3,final,0.10957095709570956,0.0,0.0,100
dino_pick_straight_switch,mw-pick-place,41010,4,init,0.1448184818481848,0.1,0.0,100
dino_pick_straight_switch,mw-pick-place,41010,4,final,0.037683768376837685,0.0,0.0,100
dino_pick_straight_switch,mw-pick-place,41010,5,init,0.2129492949294929,0.0,0.0,100
dino_pick_straight_switch,mw-pick-place,41010,5,final,0.06053405340534053,0.1,0.0,100
dino_pick_straight_switch,mw-pick-place,41010,6,init,0.18743474347434744,0.1,0.0,100
dino_pick_straight_switch,mw-pick-place,41010,6,final,-0.09432943294329432,0.0,0.0,100
dino_pick_straight_switch,mw-pick-place,41011,0,init,0.18153015301530154,0.0,0.0,100
dino_pick_straight_switch,mw-pick-place,41011,0,final,0.02357035703570357,0.0,0.0,100
dino_pick_straight_switch,mw-pick-place,41011,1,init,0.32384038403840376,0.0,0.0,100
dino_pick_straight_switch,mw-pick-place,41011,1,final,0.15152715271527153,0.1,0.0,100
dino_pick_straight_switch,mw-pick-place,41011,2,init,-0.018757875787578756,0.0,0.0,100
dino_pick_straight_switch,mw-pick-place,41011,2,final,0.03726372637263726,0.0,0.0,100
dino_pick_straight_switch,mw-pick-place,41011,3,init,0.15877587758775877,0.0,0.0,100
dino_pick_straight_switch,mw-pick-place,41011,3,final,-0.09033303330333033,0.0,0.0,100
dino_pick_straight_switch,mw-pick-place,41011,4,init,0.14534653465346534,0.0,2.361851930618286,100
dino_pick_straight_switch,mw-pick-place,41011,4,final,-0.18637863786378636,0.0,0.0,100
dino_pick_straight_switch,mw-pick-place,41011,5,init,0.2591179117911791,0.0,0.0,100
dino_pick_straight_switch,mw-pick-place,41011,5,final,0.17858985898589858,0.1,0.0,100
dino_pick_straight_switch,mw-pick-place,41011,6,init,0.2273147314731473,0.0,0.0,100
dino_pick_straight_switch,mw-pick-place,41011,6,final,-0.2883048304830483,0.0,0.0,100
dino_pick_straight_switch,mw-pick-place,41012,0,init,0.1922952295229523,0.3,0.0,100
dino_pick_straight_switch,mw-pick-place,41012,0,final,-0.2009240924092409,0.0,0.0,100
dino_pick_straight_switch,mw-pick-place,41012,1,init,0.3294449444944494,0.0,0.0,100
dino_pick_straight_switch,mw-pick-place,41012,1,final,-0.043288328832883284,0.1,0.0,100
dino_pick_straight_switch,mw-pick-place,41012,2,init,0.3005100510051005,0.0,0.0,100
dino_pick_straight_switch,mw-pick-place,41012,2,final,-0.2729792979297929,0.0,0.0,100
dino_pick_straight_switch,mw-pick-place,41012,3,init,0.09227722772277228,0.0,0.0,100
dino_pick_straight_switch,mw-pick-place,41012,3,final,0.12790879087908788,0.1,0.0,100
dino_pick_straight_switch,mw-pick-place,41012,4,init,0.10286228622862284,0.0,0.0,100
dino_pick_straight_switch,mw-pick-place,41012,4,final,0.2621662166216621,0.2,0.0,100
dino_pick_straight_switch,mw-pick-place,41012,5,init,0.22250225022502246,0.1,0.0,100
dino_pick_straight_switch,mw-pick-place,41012,5,final,-0.1316051605160516,0.0,0.0,100
dino_pick_straight_switch,mw-pick-place,41012,6,init,-0.020750075007500746,0.0,0.0,100
dino_pick_straight_switch,mw-pick-place,41012,6,final,-0.051833183318331824,0.1,0.0,100
dino_pick_straight_switch,mw-pick-place,41013,0,init,0.34636663666366635,0.3,0.0,100
dino_pick_straight_switch,mw-pick-place,41013,0,final,0.15743174317431743,0.0,0.0,100
dino_pick_straight_switch,mw-pick-place,41013,1,init,0.042088208820882086,0.0,0.0,100
dino_pick_straight_switch,mw-pick-place,41013,1,final,-0.01594959495949595,0.0,0.0,100
dino_pick_straight_switch,mw-pick-place,41013,2,init,0.07293129312931292,0.0,0.0,100
dino_pick_straight_switch,mw-pick-place,41013,2,final,0.10665466546654664,0.1,0.0,100
dino_pick_straight_switch,mw-pick-place,41013,3,init,-0.238031803180318,0.0,0.0,100
dino_pick_straight_switch,mw-pick-place,41013,3,final,0.2171977197719772,0.0,0.0,100
dino_pick_straight_switch,mw-pick-place,41013,4,init,-0.20376837683768373,0.0,0.0,100
dino_pick_straight_switch,mw-pick-place,41013,4,final,-0.1989438943894389,0.0,0.0,100
dino_pick_straight_switch,mw-pick-place,41013,5,init,-0.3887188718871887,0.0,0.3392547369003296,100
dino_pick_straight_switch,mw-pick-place,41013,5,final,0.03311131113111311,0.0,0.0,100
dino_pick_straight_switch,mw-pick-place,41013,6,init,0.283060306030603,0.0,0.0,100
dino_pick_straight_switch,mw-pick-place,41013,6,final,0.2267146714671467,0.0,0.0,100
dino_pick_straight_switch,mw-pick-place,41014,0,init,-0.34475847584758473,0.0,0.0,100
dino_pick_straight_switch,mw-pick-place,41014,0,final,-0.4002640264026402,0.0,0.0,100
dino_pick_straight_switch,mw-pick-place,41014,1,init,-0.6024962496249624,0.0,0.0,100
dino_pick_straight_switch,mw-pick-place,41014,1,final,-0.3410981098109811,0.0,0.0,100
dino_pick_straight_switch,mw-pick-place,41014,2,init,-0.046468646864686464,0.0,0.0,100
dino_pick_straight_switch,mw-pick-place,41014,2,final,-0.29717371737173714,0.0,0.0,100
dino_pick_straight_switch,mw-pick-place,41014,3,init,-0.36122412241224117,0.0,0.0,100
dino_pick_straight_switch,mw-pick-place,41014,3,final,0.006924692469246924,0.0,0.0,100
dino_pick_straight_switch,mw-pick-place,41014,4,init,-0.15044704470447046,0.0,0.0,100
dino_pick_straight_switch,mw-pick-place,41014,4,final,0.04079207920792079,0.0,0.0,100
dino_pick_straight_switch,mw-pick-place,41014,5,init,-0.21767776777677764,0.0,0.0,100
dino_pick_straight_switch,mw-pick-place,41014,5,final,0.17579357935793574,0.0,0.0,100
dino_pick_straight_switch,mw-pick-place,41014,6,init,0.07647164716471647,0.0,0.0,100
dino_pick_straight_switch,mw-pick-place,41014,6,final,0.30121812181218116,0.1,0.0,100
dino_pick_straight_switch,mw-pick-place,41015,0,init,0.2015001500150015,0.1,0.0,100
dino_pick_straight_switch,mw-pick-place,41015,0,final,-0.09723372337233722,0.0,0.0,100
dino_pick_straight_switch,mw-pick-place,41015,1,init,-0.3575997599759975,0.0,0.0,100
dino_pick_straight_switch,mw-pick-place,41015,1,final,-0.014641464146414639,0.0,0.0,100
dino_pick_straight_switch,mw-pick-place,41015,2,init,0.1507230723072307,0.0,0.0,100
dino_pick_straight_switch,mw-pick-place,41015,2,final,-0.01501350135013501,0.0,0.0,100
dino_pick_straight_switch,mw-pick-place,41015,3,init,-0.07242724272427242,0.0,0.0,100
dino_pick_straight_switch,mw-pick-place,41015,3,final,-0.42963096309630955,0.0,0.0,100
dino_pick_straight_switch,mw-pick-place,41015,4,init,-0.48073207320732064,0.0,0.0,100
dino_pick_straight_switch,mw-pick-place,41015,4,final,-0.000624062406240624,0.0,0.0,100
dino_pick_straight_switch,mw-pick-place,41015,5,init,-0.02485448544854485,0.0,0.0,100
dino_pick_straight_switch,mw-pick-place,41015,5,final,-0.028118811881188113,0.0,0.0,100
dino_pick_straight_switch,mw-pick-place,41015,6,init,-0.31249924992499245,0.0,0.0,100
dino_pick_straight_switch,mw-pick-place,41015,6,final,0.06286228622862286,0.1,0.0,100
dino_push_straight_none,mw-push,41000,0,init,0.1602280228022802,0.2,0.0,100
dino_push_straight_none,mw-push,41000,0,final,-0.41410141014101404,0.0,0.0,100
dino_push_straight_none,mw-push,41000,1,init,-0.4065766576657665,0.0,0.0,100
dino_push_straight_none,mw-push,41000,1,final,-0.1148034803480348,0.0,0.0,100
dino_push_straight_none,mw-push,41000,2,init,-0.3232283228322832,0.0,0.0,100
dino_push_straight_none,mw-push,41000,2,final,-0.0683108310831083,0.0,0.0,100
dino_push_straight_none,mw-push,41000,3,init,-0.20259225922592258,0.0,0.0,100
dino_push_straight_none,mw-push,41000,3,final,0.22627062706270623,0.0,0.0,100
dino_push_straight_none,mw-push,41000,4,init,0.332025202520252,0.0,0.0,100
dino_push_straight_none,mw-push,41000,4,final,-0.3449144914491449,0.0,0.0,100
dino_push_straight_none,mw-push,41000,5,init,0.016489648964896488,0.0,0.0,100
dino_push_straight_none,mw-push,41000,5,final,-0.026894689468946888,0.0,0.0,100
dino_push_straight_none,mw-push,41000,6,init,0.08046804680468046,0.0,0.0,100
dino_push_straight_none,mw-push,41000,6,final,0.2812001200120012,0.1,0.0,100
dino_push_straight_none,mw-push,41001,0,init,0.027230723072307228,0.1,0.0,100
dino_push_straight_none,mw-push,41001,0,final,-0.36477647764776466,0.0,0.0,100
dino_push_straight_none,mw-push,41001,1,init,-0.5411821182118212,0.0,0.0,100
dino_push_straight_none,mw-push,41001,1,final,-0.010081008100810081,0.0,0.0,100
dino_push_straight_none,mw-push,41001,2,init,-0.19127512751275122,0.0,0.0,100
dino_push_straight_none,mw-push,41001,2,final,-0.036279627962796275,0.0,0.0,100
dino_push_straight_none,mw-push,41001,3,init,-0.0634983498349835,0.0,0.0,100
dino_push_straight_none,mw-push,41001,3,final,-0.11775577557755774,0.0,0.0,100
dino_push_straight_none,mw-push,41001,4,init,0.0836003600360036,0.0,0.0,100
dino_push_straight_none,mw-push,41001,4,final,0.18505850585058506,0.0,0.0,100
dino_push_straight_none,mw-push,41001,5,init,-0.014329432943294328,0.0,0.0,100
dino_push_straight_none,mw-push,41001,5,final,-0.06685868586858686,0.0,0.0,100
dino_push_straight_none,mw-push,41001,6,init,0.11689168916891689,0.0,0.0,100
dino_push_straight_none,mw-push,41001,6,final,0.06388238823882388,0.1,0.0,100
dino_push_straight_none,mw-push,41002,0,init,0.2998139813981398,0.2,0.0,100
dino_push_straight_none,mw-push,41002,0,final,-0.45000900090009,0.0,0.0,100
dino_push_straight_none,mw-push,41002,1,init,-0.5895949594959495,0.0,0.0,100
dino_push_straight_none,mw-push,41002,1,final,0.16242424242424242,0.0,0.0,100
dino_push_straight_none,mw-push,41002,2,init,-0.13140114011401138,0.0,0.0,100
dino_push_straight_none,mw-push,41002,2,final,-0.1274287428742874,0.0,0.0,100
dino_push_straight_none,mw-push,41002,3,init,-0.24861686168616856,0.0,0.0,100
dino_push_straight_none,mw-push,41002,3,final,0.14966696669666965,0.0,0.0,100
dino_push_straight_none,mw-push,41002,4,init,0.03947194719471947,0.0,0.0,100
dino_push_straight_none,mw-push,41002,4,final,-0.12547254725472545,0.0,0.0,100
dino_push_straight_none,mw-push,41002,5,init,0.19620762076207618,0.0,0.0,100
dino_push_straight_none,mw-push,41002,5,final,0.19338733873387337,0.0,0.0,100
dino_push_straight_none,mw-push,41002,6,init,0.009228922892289227,0.0,0.0,100
dino_push_straight_none,mw-push,41002,6,final,0.03201920192019202,0.0,0.0,100
dino_push_straight_none,mw-push,41003,0,init,0.15225922592259225,0.1,0.0,100
dino_push_straight_none,mw-push,41003,0,final,-0.38619861986198617,0.0,0.0,100
dino_push_straight_none,mw-push,41003,1,init,-0.2749714971497149,0.0,0.0,100
dino_push_straight_none,mw-push,41003,1,final,0.10324663440380824,0.0,0.0,100
dino_push_straight_none,mw-push,41003,2,init,-0.3754335433543354,0.0,0.0,100
dino_push_straight_none,mw-push,41003,2,final,0.22143414341434142,0.0,0.0,100
dino_push_straight_none,mw-push,41003,3,init,0.17552955295529551,0.0,0.0,100
dino_push_straight_none,mw-push,41003,3,final,0.10217821782178219,0.0,0.0,100
dino_push_straight_none,mw-push,41003,4,init,-0.06835883588358835,0.0,0.0,100
dino_push_straight_none,mw-push,41003,4,final,0.02299436842005075,0.2,0.0,100
dino_push_straight_none,mw-push,41003,5,init,-0.056909690969096906,0.0,0.0,100
dino_push_straight_none,mw-push,41003,5,final,0.14797479747974795,0.0,0.0,100
dino_push_straight_none,mw-push,41003,6,init,-0.04915691569156915,0.0,0.0,100
dino_push_straight_none,mw-push,41003,6,final,0.5224722472247224,0.1,0.0,100
dino_push_straight_none,mw-push,41004,0,init,0.07428742874287429,0.0,0.0,100
dino_push_straight_none,mw-push,41004,0,final,-0.25144914491449144,0.0,0.0,100
dino_push_straight_none,mw-push,41004,1,init,-0.6724632463246324,0.0,0.0,100
dino_push_straight_none,mw-push,41004,1,final,0.15854785478547856,0.0,0.0,100
dino_push_straight_none,mw-push,41004,2,init,-0.3073147314731473,0.0,0.0,100
dino_push_straight_none,mw-push,41004,2,final,-0.08076807680768075,0.0,0.0,100
dino_push_straight_none,mw-push,41004,3,init,-0.07524752475247523,0.0,0.0,100
dino_push_straight_none,mw-push,41004,3,final,0.22075007500750074,0.1,0.0,100
dino_push_straight_none,mw-push,41004,4,init,-0.40145214521452144,0.0,0.0,100
dino_push_straight_none,mw-push,41004,4,final,0.24997299729972994,0.0,0.0,100
dino_push_straight_none,mw-push,41004,5,init,0.4337473747374737,0.1,0.0,100
dino_push_straight_none,mw-push,41004,5,final,0.10982298229822982,0.1,0.0,100
dino_push_straight_none,mw-push,41004,6,init,0.22351035103510347,0.1,0.0,100
dino_push_straight_none,mw-push,41004,6,final,-0.1414821482148215,0.1,0.0,100
dino_push_straight_none,mw-push,41005,0,init,0.21863786378637862,0.3,0.0,100
dino_push_straight_none,mw-push,41005,0,final,-0.36158415841584157,0.0,0.0,100
dino_push_straight_none,mw-push,41005,1,init,-0.2312031203120312,0.0,0.0,100
dino_push_straight_none,mw-push,41005,1,final,-0.05911791179117911,0.0,0.0,100
dino_push_straight_none,mw-push,41005,2,init,-0.25868586858685866,0.0,0.0,100
dino_push_straight_none,mw-push,41005,2,final,0.24668466846684667,0.0,0.0,100
dino_push_straight_none,mw-push,41005,3,init,-0.12718871887188718,0.0,0.0,100
dino_push_straight_none,mw-push,41005,3,final,0.11043504350435043,0.0,0.0,100
dino_push_straight_none,mw-push,41005,4,init,-0.08787278727872787,0.0,0.0,100
dino_push_straight_none,mw-push,41005,4,final,-0.09747374737473745,0.0,0.0,100
dino_push_straight_none,mw-push,41005,5,init,-0.09524152415241523,0.0,0.0,100
dino_push_straight_none,mw-push,41005,5,final,-0.10505850585058504,0.1,0.0,100
dino_push_straight_none,mw-push,41005,6,init,0.3555475547554755,0.0,0.0,100
dino_push_straight_none,mw-push,41005,6,final,0.002892289228922892,0.1,0.0,100
dino_push_straight_none,mw-push,41006,0,init,0.3397539753975397,0.5,0.0,100
dino_push_straight_none,mw-push,41006,0,final,0.11445544554455445,0.0,0.0,100
dino_push_straight_none,mw-push,41006,1,init,0.579141914191419,0.3,0.0,100
dino_push_straight_none,mw-push,41006,1,final,0.16060006000600055,0.1,0.0,100
dino_push_straight_none,mw-push,41006,2,init,0.42274227422742267,0.3,0.0,100
dino_push_straight_none,mw-push,41006,2,final,-0.04495649564956495,0.0,0.21478533744812012,100
dino_push_straight_none,mw-push,41006,3,init,0.16808880888088806,0.4,1.481181383132929,100
dino_push_straight_none,mw-push,41006,3,final,-0.012001200120012,0.0,2.0427837967872593,100
dino_push_straight_none,mw-push,41006,4,init,0.5295529552955295,0.4,0.5438566207885687,100
dino_push_straight_none,mw-push,41006,4,final,0.18185418541854184,0.3,0.3582805395126287,100
dino_push_straight_none,mw-push,41006,5,init,0.46423042304230416,0.4,1.1318355798721313,100
dino_push_straight_none,mw-push,41006,5,final,0.14149414941494148,0.0,0.01147836446762085,100
dino_push_straight_none,mw-push,41006,6,init,0.17735373537353732,0.0,0.01952052116394043,100
dino_push_straight_none,mw-push,41006,6,final,0.01908190819081908,0.1,0.0,100
dino_push_straight_none,mw-push,41007,0,init,0.09629762976297629,0.2,0.0,100
dino_push_straight_none,mw-push,41007,0,final,-0.638007800780078,0.0,0.0,100
dino_push_straight_none,mw-push,41007,1,init,-0.5008340834083408,0.0,0.0,100
dino_push_straight_none,mw-push,41007,1,final,0.02748274827482748,0.0,0.0,100
dino_push_straight_none,mw-push,41007,2,init,-0.4485568556855685,0.0,0.0,100
dino_push_straight_none,mw-push,41007,2,final,0.16385238523852386,0.0,0.0,100
dino_push_straight_none,mw-push,41007,3,init,-0.04847284728472846,0.0,0.0,100
dino_push_straight_none,mw-push,41007,3,final,-0.044428442844284426,0.0,0.0,100
dino_push_straight_none,mw-push,41007,4,init,-0.17369336933693366,0.0,0.0,100
dino_push_straight_none,mw-push,41007,4,final,0.036579657965796576,0.0,0.0,100
dino_push_straight_none,mw-push,41007,5,init,-0.28231623162316233,0.0,0.0,100
dino_push_straight_none,mw-push,41007,5,final,0.022358235823582356,0.0,0.0,100
dino_push_straight_none,mw-push,41007,6,init,-0.1460906090609061,0.0,0.0,100
dino_push_straight_none,mw-push,41007,6,final,-0.09365736573657364,0.0,0.0,100
dino_push_straight_none,mw-push,41008,0,init,0.3822262226222622,0.4,0.0,100
dino_push_straight_none,mw-push,41008,0,final,-0.4220222022202219,0.0,0.0,100
dino_push_straight_none,mw-push,41008,1,init,-0.2346234623462346,0.0,0.0,100
dino_push_straight_none,mw-push,41008,1,final,-0.07823582358235823,0.0,0.0,100
dino_push_straight_none,mw-push,41008,2,init,-0.3444224422442244,0.0,0.0,100
dino_push_straight_none,mw-push,41008,2,final,0.19755175517551754,0.0,0.0,100
dino_push_straight_none,mw-push,41008,3,init,0.1299249924992499,0.0,0.0,100
dino_push_straight_none,mw-push,41008,3,final,0.07223522352235223,0.0,0.0,100
dino_push_straight_none,mw-push,41008,4,init,-0.1173957395739574,0.0,0.0,100
dino_push_straight_none,mw-push,41008,4,final,0.20829282928292828,0.0,0.0,100
dino_push_straight_none,mw-push,41008,5,init,0.006108610861086108,0.0,0.0,100
dino_push_straight_none,mw-push,41008,5,final,-0.04978097809780978,0.0,0.0,100
dino_push_straight_none,mw-push,41008,6,init,0.37454545454545446,0.3,0.0,100
dino_push_straight_none,mw-push,41008,6,final,0.34024602460246023,0.1,0.0,100
dino_push_straight_none,mw-push,41009,0,init,-0.03155115511551155,0.0,0.0,100
dino_push_straight_none,mw-push,41009,0,final,-0.05582958295829583,0.0,0.0,100
dino_push_straight_none,mw-push,41009,1,init,-0.648100810081008,0.0,0.0,100
dino_push_straight_none,mw-push,41009,1,final,0.3304290429042904,0.0,0.0,100
dino_push_straight_none,mw-push,41009,2,init,-0.3269366936693669,0.0,0.0,100
dino_push_straight_none,mw-push,41009,2,final,-0.04652865286528653,0.0,0.0,100
dino_push_straight_none,mw-push,41009,3,init,-0.3609120912091209,0.0,0.0,100
dino_push_straight_none,mw-push,41009,3,final,0.032175217521752175,0.0,0.0,100
dino_push_straight_none,mw-push,41009,4,init,0.16787278727872784,0.1,0.0,100
dino_push_straight_none,mw-push,41009,4,final,0.30574257425742574,0.1,0.0,100
dino_push_straight_none,mw-push,41009,5,init,-0.01249324932493249,0.0,0.0,100
dino_push_straight_none,mw-push,41009,5,final,-0.11540354035403538,0.0,0.0,100
dino_push_straight_none,mw-push,41009,6,init,-0.3317731773177317,0.0,0.0,100
dino_push_straight_none,mw-push,41009,6,final,-0.15405940594059406,0.0,0.0,100
dino_push_straight_none,mw-push,41010,0,init,0.29728172817281723,0.1,0.0,100
dino_push_straight_none,mw-push,41010,0,final,-0.6776597659765975,0.0,0.0,100
dino_push_straight_none,mw-push,41010,1,init,-0.39192319231923184,0.0,0.0,100
dino_push_straight_none,mw-push,41010,1,final,-0.16363636363636364,0.0,0.0,100
dino_push_straight_none,mw-push,41010,2,init,-0.5325172517251725,0.0,0.0,100
dino_push_straight_none,mw-push,41010,2,final,0.2986207579394117,0.0,0.0,100
dino_push_straight_none,mw-push,41010,3,init,-0.2894449444944494,0.0,0.0,100
dino_push_straight_none,mw-push,41010,3,final,0.27338815898160546,0.0,0.0,100
dino_push_straight_none,mw-push,41010,4,init,0.09033303330333033,0.0,0.0,100
dino_push_straight_none,mw-push,41010,4,final,0.06495049504950495,0.0,0.0,100
dino_push_straight_none,mw-push,41010,5,init,0.2293069306930693,0.0,0.0,100
dino_push_straight_none,mw-push,41010,5,final,0.1797539753975397,0.0,0.0,100
dino_push_straight_none,mw-push,41010,6,init,-0.3951875187518752,0.0,0.0,100
dino_push_straight_none,mw-push,41010,6,final,-0.05827782778277827,0.0,0.0,100
dino_push_straight_none,mw-push,41011,0,init,0.10448244824482449,0.0,0.0,100
dino_push_straight_none,mw-push,41011,0,final,-0.06762676267626762,0.0,0.0,100
dino_push_straight_none,mw-push,41011,1,init,-0.3495349534953495,0.0,0.0,100
dino_push_straight_none,mw-push,41011,1,final,0.07831983198319832,0.1,0.0,100
dino_push_straight_none,mw-push,41011,2,init,-0.2980858085808581,0.0,0.0,100
dino_push_straight_none,mw-push,41011,2,final,0.01690969096909691,0.0,0.0,100
dino_push_straight_none,mw-push,41011,3,init,-0.10615061506150614,0.0,0.0,100
dino_push_straight_none,mw-push,41011,3,final,-0.04494449444944494,0.1,0.0,100
dino_push_straight_none,mw-push,41011,4,init,0.19968796879687967,0.0,0.0,100
dino_push_straight_none,mw-push,41011,4,final,0.025742574257425738,0.1,0.0,100
dino_push_straight_none,mw-push,41011,5,init,0.03366336633663366,0.0,0.0,100
dino_push_straight_none,mw-push,41011,5,final,0.03926792679267926,0.0,0.0,100
dino_push_straight_none,mw-push,41011,6,init,0.10996699669966994,0.0,0.0,100
dino_push_straight_none,mw-push,41011,6,final,0.09252925292529253,0.0,0.0,100
dino_push_straight_none,mw-push,41012,0,init,0.21845784578457844,0.3,0.0,100
dino_push_straight_none,mw-push,41012,0,final,-0.4662946294629462,0.0,0.0,100
dino_push_straight_none,mw-push,41012,1,init,-0.2308550855085508,0.0,0.0,100
dino_push_straight_none,mw-push,41012,1,final,0.0064326432643264314,0.0,0.0,100
dino_push_straight_none,mw-push,41012,2,init,-0.3159075907590759,0.0,0.0,100
dino_push_straight_none,mw-push,41012,2,final,-0.12356435643564355,0.0,0.0,100
dino_push_straight_none,mw-push,41012,3,init,-0.10689468946894688,0.0,0.0,100
dino_push_straight_none,mw-push,41012,3,final,0.3249204920492049,0.0,0.0,100
dino_push_straight_none,mw-push,41012,4,init,0.054581458145814575,0.0,0.0,100
dino_push_straight_none,mw-push,41012,4,final,0.26346234623462345,0.0,0.0,100
dino_push_straight_none,mw-push,41012,5,init,0.0686108610861086,0.0,0.0,100
dino_push_straight_none,mw-push,41012,5,final,-0.20436843684368436,0.0,0.0,100
dino_push_straight_none,mw-push,41012,6,init,0.24277227722772274,0.0,0.0,100
dino_push_straight_none,mw-push,41012,6,final,0.18883888388838885,0.0,0.0,100
dino_push_straight_none,mw-push,41013,0,init,0.18604260426042601,0.2,0.0,100
dino_push_straight_none,mw-push,41013,0,final,-0.4181218121812181,0.0,0.0,100
dino_push_straight_none,mw-push,41013,1,init,-0.3971437143714371,0.0,0.0,100
dino_push_straight_none,mw-push,41013,1,final,-0.12302430243024301,0.0,0.0,100
dino_push_straight_none,mw-push,41013,2,init,-0.37665766576657655,0.0,0.0,100
dino_push_straight_none,mw-push,41013,2,final,-0.25077707770777075,0.0,0.0,100
dino_push_straight_none,mw-push,41013,3,init,-0.18738673867386738,0.0,0.0,100
dino_push_straight_none,mw-push,41013,3,final,0.32931391933517357,0.2,0.0,100
dino_push_straight_none,mw-push,41013,4,init,-0.17226522652265222,0.0,0.0,100
dino_push_straight_none,mw-push,41013,4,final,-0.00096009600960096,0.0,0.0,100
dino_push_straight_none,mw-push,41013,5,init,-0.3379177917791779,0.0,0.0,100
dino_push_straight_none,mw-push,41013,5,final,-0.1131113111311131,0.0,0.0,100
dino_push_straight_none,mw-push,41013,6,init,0.23859585958595858,0.0,0.0,100
dino_push_straight_none,mw-push,41013,6,final,-0.0005520552055205519,0.2,0.0,100
dino_push_straight_none,mw-push,41014,0,init,0.19219921992199218,0.3,0.0,100
dino_push_straight_none,mw-push,41014,0,final,-0.7552955295529552,0.0,0.0,100
dino_push_straight_none,mw-push,41014,1,init,-0.5722292229222921,0.0,0.0,100
dino_push_straight_none,mw-push,41014,1,final,0.39527152715271524,0.1,0.0,100
dino_push_straight_none,mw-push,41014,2,init,-0.6425682568256825,0.0,0.0,100
dino_push_straight_none,mw-push,41014,2,final,-0.014593459345934593,0.0,0.0,100
dino_push_straight_none,mw-push,41014,3,init,0.06636663666366636,0.0,0.0,100
dino_push_straight_none,mw-push,41014,3,final,-0.12856885688568856,0.0,0.0,100
dino_push_straight_none,mw-push,41014,4,init,0.12022802280228022,0.0,0.0,100
dino_push_straight_none,mw-push,41014,4,final,-0.01902190219021902,0.0,0.0,100
dino_push_straight_none,mw-push,41014,5,init,-0.2918451845184518,0.0,0.0,100
dino_push_straight_none,mw-push,41014,5,final,0.07415541554155414,0.0,0.0,100
dino_push_straight_none,mw-push,41014,6,init,-0.20928892889288925,0.0,0.0,100
dino_push_straight_none,mw-push,41014,6,final,0.15527152715271528,0.0,0.0,100
dino_push_straight_none,mw-push,41015,0,init,-0.3268046804680467,0.0,0.0,100
dino_push_straight_none,mw-push,41015,0,final,-0.4028802880288029,0.0,0.0,100
dino_push_straight_none,mw-push,41015,1,init,-0.6670387038703869,0.0,0.0,100
dino_push_straight_none,mw-push,41015,1,final,-0.050177017701770174,0.0,0.0,100
dino_push_straight_none,mw-push,41015,2,init,-0.4499249924992499,0.0,0.0,100
dino_push_straight_none,mw-push,41015,2,final,-0.15330333033303328,0.0,0.0,100
dino_push_straight_none,mw-push,41015,3,init,0.02107410741074107,0.0,0.0,100
dino_push_straight_none,mw-push,41015,3,final,-0.05438943894389438,0.0,0.0,100
dino_push_straight_none,mw-push,41015,4,init,-0.03471947194719471,0.0,0.0,100
dino_push_straight_none,mw-push,41015,4,final,-0.06373837383738373,0.2,0.0,100
dino_push_straight_none,mw-push,41015,5,init,-0.1431263126312631,0.0,0.0,100
dino_push_straight_none,mw-push,41015,5,final,0.06639063906390638,0.1,0.0,100
dino_push_straight_none,mw-push,41015,6,init,-0.2623102310231023,0.0,0.0,100
dino_push_straight_none,mw-push,41015,6,final,-0.1524152415241524,0.2,0.0,100
dino_push_straight_off,mw-push,41000,0,init,-0.3397539753975397,0.1,0.0,100
dino_push_straight_off,mw-push,41000,0,final,-0.41347734773477346,0.0,0.0,100
dino_push_straight_off,mw-push,41000,1,init,-0.4506570657065706,0.0,0.0,100
dino_push_straight_off,mw-push,41000,1,final,-0.10532253225322531,0.0,0.0,100
dino_push_straight_off,mw-push,41000,2,init,-0.2247584758475847,0.2,0.0,100
dino_push_straight_off,mw-push,41000,2,final,0.054917491749174915,0.0,0.0,100
dino_push_straight_off,mw-push,41000,3,init,0.022298229822982293,0.0,0.0,100
dino_push_straight_off,mw-push,41000,3,final,0.2866366636663666,0.0,0.0,100
dino_push_straight_off,mw-push,41000,4,init,0.3064146414641463,0.0,0.0,100
dino_push_straight_off,mw-push,41000,4,final,0.020786078607860782,0.0,0.0,100
dino_push_straight_off,mw-push,41000,5,init,0.20856885688568852,0.0,0.0,100
dino_push_straight_off,mw-push,41000,5,final,-0.12920492049204918,0.0,0.0,100
dino_push_straight_off,mw-push,41000,6,init,0.6236663666366635,0.2,0.0,100
dino_push_straight_off,mw-push,41000,6,final,-0.23567956795679565,0.0,0.0,100
dino_push_straight_off,mw-push,41001,0,init,0.008388838883888389,0.4,0.0,100
dino_push_straight_off,mw-push,41001,0,final,0.08885688568856885,0.1,0.0,100
dino_push_straight_off,mw-push,41001,1,init,0.19079507950795077,0.1,0.0,100
dino_push_straight_off,mw-push,41001,1,final,-0.018445844584458443,0.0,0.0,100
dino_push_straight_off,mw-push,41001,2,init,0.17360936093609358,0.2,0.0,100
dino_push_straight_off,mw-push,41001,2,final,-0.09644164416441643,0.2,0.0,100
dino_push_straight_off,mw-push,41001,3,init,0.07507950795079507,0.1,0.0,100
dino_push_straight_off,mw-push,41001,3,final,-0.3121512151215121,0.0,0.0,100
dino_push_straight_off,mw-push,41001,4,init,-0.08151215121512151,0.2,0.0,100
dino_push_straight_off,mw-push,41001,4,final,-0.11494749474947494,0.0,0.0,100
dino_push_straight_off,mw-push,41001,5,init,0.0757155715571557,0.0,0.0,100
dino_push_straight_off,mw-push,41001,5,final,-0.16856885688568857,0.0,0.0,100
dino_push_straight_off,mw-push,41001,6,init,0.21458145814581456,0.0,0.0,100
dino_push_straight_off,mw-push,41001,6,final,-0.13615361536153614,0.1,0.0,100
dino_push_straight_off,mw-push,41002,0,init,-0.026486648664866483,0.3,0.0,100
dino_push_straight_off,mw-push,41002,0,final,0.16247224722472245,0.1,0.0,100
dino_push_straight_off,mw-push,41002,1,init,0.07123912391239123,0.1,0.0,100
dino_push_straight_off,mw-push,41002,1,final,0.07955595559555954,0.1,0.0,100
dino_push_straight_off,mw-push,41002,2,init,0.00246024602460246,0.1,0.0,100
dino_push_straight_off,mw-push,41002,2,final,-0.29908190819081903,0.1,0.0,100
dino_push_straight_off,mw-push,41002,3,init,-0.13270927092709267,0.0,0.0,100
dino_push_straight_off,mw-push,41002,3,final,-0.09527752775277526,0.1,0.0,100
dino_push_straight_off,mw-push,41002,4,init,0.007332733273327332,0.1,0.0,100
dino_push_straight_off,mw-push,41002,4,final,0.1265046504650465,0.1,0.0,100
dino_push_straight_off,mw-push,41002,5,init,-0.05170117011701169,0.3,0.0,100
dino_push_straight_off,mw-push,41002,5,final,0.06889888988898889,0.2,0.0,100
dino_push_straight_off,mw-push,41002,6,init,0.25876987698769877,0.1,0.0,100
dino_push_straight_off,mw-push,41002,6,final,-0.12666066606660664,0.0,0.0,100
dino_push_straight_off,mw-push,41003,0,init,0.003576357635763576,0.3,0.0,100
dino_push_straight_off,mw-push,41003,0,final,0.13164116411641164,0.0,0.0,100
dino_push_straight_off,mw-push,41003,1,init,0.37213321332133215,0.2,0.5132913589477595,100
dino_push_straight_off,mw-push,41003,1,final,0.21207320732073207,0.0,0.0,100
dino_push_straight_off,mw-push,41003,2,init,0.354023402340234,0.2,2.628687024116511,100
dino_push_straight_off,mw-push,41003,2,final,0.12762076207620762,0.1,2.9762744903564426,100
dino_push_straight_off,mw-push,41003,3,init,0.21983798379837982,0.0,1.5771120786666897,100
dino_push_straight_off,mw-push,41003,3,final,0.11529552955295527,0.0,0.0,100
dino_push_straight_off,mw-push,41003,4,init,0.21736573657365735,0.2,0.10507255792617798,100
dino_push_straight_off,mw-push,41003,4,final,0.056381638163816375,0.0,0.0,100
dino_push_straight_off,mw-push,41003,5,init,0.5456945694569456,0.2,0.0,100
dino_push_straight_off,mw-push,41003,5,final,0.1788058805880588,0.1,0.0,100
dino_push_straight_off,mw-push,41003,6,init,0.1346294629462946,0.1,0.0,100
dino_push_straight_off,mw-push,41003,6,final,0.07048926039413783,0.3,0.0,100
dino_push_straight_off,mw-push,41004,0,init,-0.28428442844284424,0.0,0.0,100
dino_push_straight_off,mw-push,41004,0,final,-0.10269426942694268,0.2,0.0,100
dino_push_straight_off,mw-push,41004,1,init,-0.1484068406840684,0.0,0.0,100
dino_push_straight_off,mw-push,41004,1,final,0.19918391839183916,0.0,0.0,100
dino_push_straight_off,mw-push,41004,2,init,-0.22103810381038103,0.0,0.0,100
dino_push_straight_off,mw-push,41004,2,final,0.0971137113711371,0.0,0.0,100
dino_push_straight_off,mw-push,41004,3,init,-0.10827482748274826,0.0,0.0,100
dino_push_straight_off,mw-push,41004,3,final,0.11989198919891988,0.0,0.0,100
dino_push_straight_off,mw-push,41004,4,init,0.14245424542454246,0.1,0.0,100
dino_push_straight_off,mw-push,41004,4,final,0.16078007800780075,0.0,0.0,100
dino_push_straight_off,mw-push,41004,5,init,0.09508550855085507,0.1,0.0,100
dino_push_straight_off,mw-push,41004,5,final,-0.04678081842450826,0.0,0.0,100
dino_push_straight_off,mw-push,41004,6,init,0.07631563156315631,0.0,0.0,100
dino_push_straight_off,mw-push,41004,6,final,0.11896789678967895,0.0,0.0,100
dino_push_straight_off,mw-push,41005,0,init,-0.2831923192319232,0.1,0.0,100
dino_push_straight_off,mw-push,41005,0,final,-0.15050705070507048,0.0,0.0,100
dino_push_straight_off,mw-push,41005,1,init,0.29724572457245724,0.3,0.0,100
dino_push_straight_off,mw-push,41005,1,final,0.03693969396939693,0.0,0.0,100
dino_push_straight_off,mw-push,41005,2,init,0.19554755475547553,0.0,0.0,100
dino_push_straight_off,mw-push,41005,2,final,0.0477047704770477,0.0,0.0,100
dino_push_straight_off,mw-push,41005,3,init,0.12196819681968196,0.0,0.0,100
dino_push_straight_off,mw-push,41005,3,final,-0.024710471047104707,0.0,0.0,100
dino_push_straight_off,mw-push,41005,4,init,-0.02027002700270027,0.1,0.12626051902770996,100
dino_push_straight_off,mw-push,41005,4,final,-0.054953495349534955,0.1,0.0,100
dino_push_straight_off,mw-push,41005,5,init,-0.1056105610561056,0.0,0.028932094573969058,100
dino_push_straight_off,mw-push,41005,5,final,-0.0831083108310831,0.0,0.0,100
dino_push_straight_off,mw-push,41005,6,init,0.1759375937593759,0.0,0.0,100
dino_push_straight_off,mw-push,41005,6,final,0.05832583258325832,0.1,0.0,100
dino_push_straight_off,mw-push,41006,0,init,-0.6515331533153315,0.0,0.0,100
dino_push_straight_off,mw-push,41006,0,final,-0.03801980198019801,0.0,0.0,100
dino_push_straight_off,mw-push,41006,1,init,-0.12897689768976897,0.2,0.0,100
dino_push_straight_off,mw-push,41006,1,final,-0.2677347734773477,0.1,0.0,100
dino_push_straight_off,mw-push,41006,2,init,0.2287308730873087,0.4,0.0,100
dino_push_straight_off,mw-push,41006,2,final,0.23428742874287425,0.3,0.0,100
dino_push_straight_off,mw-push,41006,3,init,0.22367836783678363,0.1,0.0,100
dino_push_straight_off,mw-push,41006,3,final,0.2338313831383138,0.1,0.0,100
dino_push_straight_off,mw-push,41006,4,init,-0.25090909090909086,0.0,0.0,100
dino_push_straight_off,mw-push,41006,4,final,-0.09596159615961594,0.0,0.0,100
dino_push_straight_off,mw-push,41006,5,init,-0.3981398139813981,0.0,0.0,100
dino_push_straight_off,mw-push,41006,5,final,0.18018601860186018,0.0,0.0,100
dino_push_straight_off,mw-push,41006,6,init,0.043792379237923784,0.0,0.0,100
dino_push_straight_off,mw-push,41006,6,final,-0.14653465346534653,0.2,0.0,100
dino_push_straight_off,mw-push,41007,0,init,-0.24988898889888986,0.0,0.0,100
dino_push_straight_off,mw-push,41007,0,final,-0.10149414941494149,0.1,0.0,100
dino_push_straight_off,mw-push,41007,1,init,-0.2234383438343834,0.1,0.0,100
dino_push_straight_off,mw-push,41007,1,final,-0.337017701770177,0.0,0.0,100
dino_push_straight_off,mw-push,41007,2,init,-0.2923972397239724,0.0,0.0,100
dino_push_straight_off,mw-push,41007,2,final,-0.1952115211521152,0.1,0.0,100
dino_push_straight_off,mw-push,41007,3,init,-0.06712271227122713,0.0,0.0,100
dino_push_straight_off,mw-push,41007,3,final,-0.26160216021602156,0.0,0.0,100
dino_push_straight_off,mw-push,41007,4,init,-0.16574857485748573,0.0,0.0,100
dino_push_straight_off,mw-push,41007,4,final,-0.0474047404740474,0.2,0.0,100
dino_push_straight_off,mw-push,41007,5,init,-0.11991599159915992,0.0,0.0,100
dino_push_straight_off,mw-push,41007,5,final,-0.1889348934893489,0.0,0.0,100
dino_push_straight_off,mw-push,41007,6,init,-0.10076207620762076,0.2,0.0,100
dino_push_straight_off,mw-push,41007,6,final,-0.06880288028802879,0.0,0.0,100
dino_push_straight_off,mw-push,41008,0,init,-0.5547074707470747,0.0,0.0,100
dino_push_straight_off,mw-push,41008,0,final,0.04156015601560155,0.1,0.0,100
dino_push_straight_off,mw-push,41008,1,init,-0.5284128412841284,0.0,0.0,100
dino_push_straight_off,mw-push,41008,1,final,0.052133213321332125,0.0,0.0,100
dino_push_straight_off,mw-push,41008,2,init,-0.0673027302730273,0.0,0.0,100
dino_push_straight_off,mw-push,41008,2,final,-0.015817581758175818,0.0,0.0,100
dino_push_straight_off,mw-push,41008,3,init,-0.09569756975697569,0.0,0.0,100
dino_push_straight_off,mw-push,41008,3,final,0.16349234923492348,0.0,0.0,100
dino_push_straight_off,mw-push,41008,4,init,0.22039003900390036,0.0,0.0,100
dino_push_straight_off,mw-push,41008,4,final,0.05556555655565556,0.1,0.0,100
dino_push_straight_off,mw-push,41008,5,init,0.0736153615361536,0.0,0.0,100
dino_push_straight_off,mw-push,41008,5,final,-0.17173717371737174,0.0,0.0,100
dino_push_straight_off,mw-push,41008,6,init,-0.29735373537353726,0.0,0.0,100
dino_push_straight_off,mw-push,41008,6,final,-0.3323612361236124,0.0,0.0,100
dino_push_straight_off,mw-push,41009,0,init,-0.029498949894989496,0.0,0.0,100
dino_push_straight_off,mw-push,41009,0,final,-0.23819981998199816,0.0,0.0,100
dino_push_straight_off,mw-push,41009,1,init,-0.16566456645664565,0.1,0.0,100
dino_push_straight_off,mw-push,41009,1,final,0.09438943894389439,0.1,0.0,100
dino_push_straight_off,mw-push,41009,2,init,-0.3073147314731473,0.0,0.0,100
dino_push_straight_off,mw-push,41009,2,final,-0.05530153015301529,0.1,0.0,100
dino_push_straight_off,mw-push,41009,3,init,-0.40205220522052204,0.1,0.0,100
dino_push_straight_off,mw-push,41009,3,final,0.023654365436543652,0.0,0.0,100
dino_push_straight_off,mw-push,41009,4,init,-0.36663666366636655,0.0,0.0,100
dino_push_straight_off,mw-push,41009,4,final,-0.09389738973897388,0.1,0.0,100
dino_push_straight_off,mw-push,41009,5,init,-0.1746414641464146,0.0,0.0,100
dino_push_straight_off,mw-push,41009,5,final,-0.026066606660666063,0.0,0.0,100
dino_push_straight_off,mw-push,41009,6,init,-0.08316831683168316,0.1,0.0,100
dino_push_straight_off,mw-push,41009,6,final,0.14480648064806478,0.0,0.0,100
dino_push_straight_off,mw-push,41010,0,init,-0.2468286828682868,0.2,0.0,100
dino_push_straight_off,mw-push,41010,0,final,-0.26154215421542154,0.1,0.0,100
dino_push_straight_off,mw-push,41010,1,init,-0.08523252325232522,0.0,0.0,100
dino_push_straight_off,mw-push,41010,1,final,0.03726372637263726,0.0,0.0,100
dino_push_straight_off,mw-push,41010,2,init,-0.03708370837083708,0.0,0.0,100
dino_push_straight_off,mw-push,41010,2,final,-0.13910591059105912,0.0,0.0,100
dino_push_straight_off,mw-push,41010,3,init,0.037611761176117614,0.0,0.0,100
dino_push_straight_off,mw-push,41010,3,final,0.06299429942994299,0.0,0.0,100
dino_push_straight_off,mw-push,41010,4,init,0.05854185418541853,0.0,0.0,100
dino_push_straight_off,mw-push,41010,4,final,0.07475547554755475,0.0,0.0,100
dino_push_straight_off,mw-push,41010,5,init,0.04456045604560455,0.1,0.0,100
dino_push_straight_off,mw-push,41010,5,final,0.16892889288928892,0.0,0.0,100
dino_push_straight_off,mw-push,41010,6,init,0.28072007200720067,0.1,0.0,100
dino_push_straight_off,mw-push,41010,6,final,0.011149114911491146,0.0,0.0,100
dino_push_straight_off,mw-push,41011,0,init,-0.18207020702070206,0.2,0.0,100
dino_push_straight_off,mw-push,41011,0,final,-0.22108610861086103,0.0,0.0,100
dino_push_straight_off,mw-push,41011,1,init,-0.3145394539453945,0.3,0.0,100
dino_push_straight_off,mw-push,41011,1,final,-0.19324332433243324,0.1,0.0,100
dino_push_straight_off,mw-push,41011,2,init,0.05281728172817281,0.2,0.0,100
dino_push_straight_off,mw-push,41011,2,final,-0.1616321632163216,0.0,0.0,100
dino_push_straight_off,mw-push,41011,3,init,-0.04997299729972996,0.2,0.0,100
dino_push_straight_off,mw-push,41011,3,final,-0.1818421842184218,0.1,0.0,100
dino_push_straight_off,mw-push,41011,4,init,-0.07909990999099908,0.0,0.0,100
dino_push_straight_off,mw-push,41011,4,final,0.06106210621062105,0.0,0.0,100
dino_push_straight_off,mw-push,41011,5,init,-0.08812481248124811,0.2,0.0,100
dino_push_straight_off,mw-push,41011,5,final,-0.0556015601560156,0.0,0.0,100
dino_push_straight_off,mw-push,41011,6,init,-0.128016801680168,0.0,0.0,100
dino_push_straight_off,mw-push,41011,6,final,-0.008892889288928892,0.0,0.0,100
dino_push_straight_off,mw-push,41012,0,init,-0.39906390639063904,0.2,0.0,100
dino_push_straight_off,mw-push,41012,0,final,-0.1658205820582058,0.0,0.0,100
dino_push_straight_off,mw-push,41012,1,init,-0.1686288628862886,0.1,0.0,100
dino_push_straight_off,mw-push,41012,1,final,-0.039675967596759676,0.0,0.0,100
dino_push_straight_off,mw-push,41012,2,init,0.03507950795079508,0.2,0.0,100
dino_push_straight_off,mw-push,41012,2,final,0.13699369936993697,0.0,0.0,100
dino_push_straight_off,mw-push,41012,3,init,0.1602040204020402,0.3,0.0,100
dino_push_straight_off,mw-push,41012,3,final,-0.13530153015301527,0.0,0.0,100
dino_push_straight_off,mw-push,41012,4,init,0.1437983798379838,0.0,0.0,100
dino_push_straight_off,mw-push,41012,4,final,-0.21260126012601258,0.0,0.0,100
dino_push_straight_off,mw-push,41012,5,init,0.4613981398139813,0.2,0.0,100
dino_push_straight_off,mw-push,41012,5,final,-0.06726672667266725,0.0,0.0,100
dino_push_straight_off,mw-push,41012,6,init,0.09042904290429042,0.1,0.0,100
dino_push_straight_off,mw-push,41012,6,final,-0.29338133813381334,0.0,0.0,100
dino_push_straight_off,mw-push,41013,0,init,-0.41198919891989194,0.0,0.0,100
dino_push_straight_off,mw-push,41013,0,final,0.22119411941194117,0.4,0.0,100
dino_push_straight_off,mw-push,41013,1,init,-0.07404740474047403,0.2,0.0,100
dino_push_straight_off,mw-push,41013,1,final,0.12390039003900388,0.3,0.0,100
dino_push_straight_off,mw-push,41013,2,init,0.24408040804080403,0.2,0.647512078285209,100
dino_push_straight_off,mw-push,41013,2,final,0.07837983798379837,0.0,0.0,100
dino_push_straight_off,mw-push,41013,3,init,0.06546654665466546,0.0,0.0,100
dino_push_straight_off,mw-push,41013,3,final,0.036507650765076505,0.1,0.0,100
dino_push_straight_off,mw-push,41013,4,init,0.04607260726072606,0.1,0.17245709896087924,100
dino_push_straight_off,mw-push,41013,4,final,0.06095409540954094,0.0,0.0,100
dino_push_straight_off,mw-push,41013,5,init,0.20921692169216916,0.0,0.0,100
dino_push_straight_off,mw-push,41013,5,final,-0.13196519651965197,0.0,0.0,100
dino_push_straight_off,mw-push,41013,6,init,0.05777377737773777,0.0,0.0,100
dino_push_straight_off,mw-push,41013,6,final,0.32838883888388837,0.1,0.0,100
dino_push_straight_off,mw-push,41014,0,init,-0.12757275727572756,0.0,0.0,100
dino_push_straight_off,mw-push,41014,0,final,-0.11073507350735072,0.0,0.0,100
dino_push_straight_off,mw-push,41014,1,init,0.04465646564656465,0.0,0.0,100
dino_push_straight_off,mw-push,41014,1,final,-0.01998199819981998,0.0,0.0,100
dino_push_straight_off,mw-push,41014,2,init,0.057149714971497144,0.1,0.0,100
dino_push_straight_off,mw-push,41014,2,final,0.00768076807680768,0.1,0.0,100
dino_push_straight_off,mw-push,41014,3,init,-0.030639063906390634,0.0,0.0,100
dino_push_straight_off,mw-push,41014,3,final,-0.03002700270027002,0.1,0.0,100
dino_push_straight_off,mw-push,41014,4,init,-0.08770477047704771,0.1,0.0,100
dino_push_straight_off,mw-push,41014,4,final,-0.03588358835883588,0.0,0.0,100
dino_push_straight_off,mw-push,41014,5,init,0.01998199819981998,0.0,0.0,100
dino_push_straight_off,mw-push,41014,5,final,-0.11973597359735973,0.1,0.0,100
dino_push_straight_off,mw-push,41014,6,init,-0.0661026102610261,0.1,0.0,100
dino_push_straight_off,mw-push,41014,6,final,0.18039003900390038,0.0,0.0,100
dino_push_straight_off,mw-push,41015,0,init,-0.3653165316531653,0.1,0.0,100
dino_push_straight_off,mw-push,41015,0,final,-0.21051305130513046,0.0,0.0,100
dino_push_straight_off,mw-push,41015,1,init,-0.2132253225322532,0.0,0.0,100
dino_push_straight_off,mw-push,41015,1,final,-0.08876087608760874,0.0,0.0,100
dino_push_straight_off,mw-push,41015,2,init,-0.2537413741374137,0.0,0.0,100
dino_push_straight_off,mw-push,41015,2,final,-0.08974497449744973,0.1,0.0,100
dino_push_straight_off,mw-push,41015,3,init,-0.043588358835883585,0.0,0.0,100
dino_push_straight_off,mw-push,41015,3,final,-0.10144614461446144,0.0,0.0,100
dino_push_straight_off,mw-push,41015,4,init,-0.16416441644164412,0.1,0.0,100
dino_push_straight_off,mw-push,41015,4,final,0.04061206120612061,0.1,0.0,100
dino_push_straight_off,mw-push,41015,5,init,-0.30611461146114605,0.0,0.0,100
dino_push_straight_off,mw-push,41015,5,final,0.16586858685868586,0.2,0.0,100
dino_push_straight_off,mw-push,41015,6,init,0.06928292829282928,0.1,0.0,100
dino_push_straight_off,mw-push,41015,6,final,-0.08160816081608159,0.2,0.0,100
dino_push_straight_switch,mw-push,41000,0,init,0.3493069306930693,0.8,0.0,100
dino_push_straight_switch,mw-push,41000,0,final,-0.22213021302130212,0.0,0.9684354066848699,100
dino_push_straight_switch,mw-push,41000,1,init,0.7495469546954695,0.4,0.9322464466094915,100
dino_push_straight_switch,mw-push,41000,1,final,-0.18707470747074706,0.2,0.4213243722915705,100
dino_push_straight_switch,mw-push,41000,2,init,0.4204740474047405,0.4,2.00438797473908,100
dino_push_straight_switch,mw-push,41000,2,final,0.30474647464746474,0.0,0.8492648601531927,100
dino_push_straight_switch,mw-push,41000,3,init,0.08474047404740473,0.0,6.690743565559387,100
dino_push_straight_switch,mw-push,41000,3,final,0.2304110411041104,0.0,0.7772326469421387,100
dino_push_straight_switch,mw-push,41000,4,init,0.0027122712271227117,0.0,3.9380326867103577,100
dino_push_straight_switch,mw-push,41000,4,final,-0.006828682868286829,0.0,0.5272805690765381,100
dino_push_straight_switch,mw-push,41000,5,init,0.07635163516351634,0.0,2.471990883350367,100
dino_push_straight_switch,mw-push,41000,5,final,0.021458145814581456,0.0,1.8234908580780085,100
dino_push_straight_switch,mw-push,41000,6,init,0.21929792979297927,0.0,0.8625239133834783,100
dino_push_straight_switch,mw-push,41000,6,final,0.13658565856585658,0.0,0.7594138383865412,100
dino_push_straight_switch,mw-push,41001,0,init,0.2212181218121812,0.3,0.0,100
dino_push_straight_switch,mw-push,41001,0,final,0.10025802580258025,0.2,0.3230571746826172,100
dino_push_straight_switch,mw-push,41001,1,init,0.5751455145514551,0.2,0.006225705146789551,100
dino_push_straight_switch,mw-push,41001,1,final,0.08321632163216319,0.2,0.3389954566955511,100
dino_push_straight_switch,mw-push,41001,2,init,0.3836183618361836,0.3,6.170818209648132,100
dino_push_straight_switch,mw-push,41001,2,final,-0.028130813081308128,0.2,0.21898150444030762,100
dino_push_straight_switch,mw-push,41001,3,init,0.28829282928292826,0.1,2.54035890102387,100
dino_push_straight_switch,mw-push,41001,3,final,0.03966396639663967,0.1,1.3554573059082031,100
dino_push_straight_switch,mw-push,41001,4,init,0.2515211521152115,0.2,3.367331624031067,100
dino_push_straight_switch,mw-push,41001,4,final,-0.239027902790279,0.0,0.4101723432540949,100
dino_push_straight_switch,mw-push,41001,5,init,0.18505850585058506,0.2,5.436193943023682,100
dino_push_straight_switch,mw-push,41001,5,final,0.12868886888688866,0.2,0.8999824523925837,100
dino_push_straight_switch,mw-push,41001,6,init,0.09794179417941794,0.0,0.9330600500106812,100
dino_push_straight_switch,mw-push,41001,6,final,0.22923492349234922,0.1,0.0,100
dino_push_straight_switch,mw-push,41002,0,init,0.4051965196519651,0.5,0.0,100
dino_push_straight_switch,mw-push,41002,0,final,0.018349834983498348,0.0,0.0,100
dino_push_straight_switch,mw-push,41002,1,init,0.34268226822682263,0.2,0.3647685050964411,100
dino_push_straight_switch,mw-push,41002,1,final,0.07493549354935493,0.2,0.0,100
dino_push_straight_switch,mw-push,41002,2,init,0.20524452445244523,0.1,0.0,100
dino_push_straight_switch,mw-push,41002,2,final,-0.045508550855085504,0.0,0.0,100
dino_push_straight_switch,mw-push,41002,3,init,0.046624662466246615,0.1,0.0,100
dino_push_straight_switch,mw-push,41002,3,final,-0.009732973297329731,0.1,0.0,100
dino_push_straight_switch,mw-push,41002,4,init,0.22977497749774972,0.1,0.0,100
dino_push_straight_switch,mw-push,41002,4,final,0.11709570957095708,0.1,0.0,100
dino_push_straight_switch,mw-push,41002,5,init,0.09233723372337233,0.2,0.0,100
dino_push_straight_switch,mw-push,41002,5,final,-0.11932793279327931,0.0,0.0,100
dino_push_straight_switch,mw-push,41002,6,init,-0.07068706870687069,0.1,0.0,100
dino_push_straight_switch,mw-push,41002,6,final,0.06801080108010801,0.0,0.0,100
dino_push_straight_switch,mw-push,41003,0,init,0.25896189618961896,0.3,0.0,100
dino_push_straight_switch,mw-push,41003,0,final,0.15001500150015,0.3,0.07280558347702026,100
dino_push_straight_switch,mw-push,41003,1,init,0.6946654665466546,0.5,0.6107553839683505,100
dino_push_straight_switch,mw-push,41003,1,final,0.06508250825082508,0.2,1.6831636428832981,100
dino_push_straight_switch,mw-push,41003,2,init,0.3222802280228022,0.3,4.0795207023620605,100
dino_push_straight_switch,mw-push,41003,2,final,0.13956195619561954,0.1,0.7995679974555997,100
dino_push_straight_switch,mw-push,41003,3,init,0.3387098709870986,0.2,4.966428875923159,100
dino_push_straight_switch,mw-push,41003,3,final,0.18874287428742872,0.1,2.8687864542007393,100
dino_push_straight_switch,mw-push,41003,4,init,0.19138313831383133,0.2,3.7085518240928623,100
dino_push_straight_switch,mw-push,41003,4,final,0.2556135613561356,0.2,2.7300164103508022,100
dino_push_straight_switch,mw-push,41003,5,init,0.30862286228622865,0.2,4.140983521938321,100
dino_push_straight_switch,mw-push,41003,5,final,0.09659765976597659,0.2,0.7267534732818604,100
dino_push_straight_switch,mw-push,41003,6,init,0.12463246324632461,0.1,1.2099742889404297,100
dino_push_straight_switch,mw-push,41003,6,final,0.19960396039603961,0.0,0.10499358177185059,100
dino_push_straight_switch,mw-push,41004,0,init,0.21005700570057004,0.2,0.0,100
dino_push_straight_switch,mw-push,41004,0,final,-0.07205520552055206,0.1,0.0,100
dino_push_straight_switch,mw-push,41004,1,init,0.07877587758775877,0.0,0.0,100
dino_push_straight_switch,mw-push,41004,1,final,-0.006708670867086708,0.0,0.0,100
dino_push_straight_switch,mw-push,41004,2,init,-0.02707470747074707,0.1,0.0,100
dino_push_straight_switch,mw-push,41004,2,final,0.24970897089708968,0.1,0.0,100
dino_push_straight_switch,mw-push,41004,3,init,-0.004608460846084608,0.0,1.647192239761347,100
dino_push_straight_switch,mw-push,41004,3,final,0.06694269426942694,0.0,0.0,100
dino_push_straight_switch,mw-push,41004,4,init,-0.13597359735973596,0.0,0.0,100
dino_push_straight_switch,mw-push,41004,4,final,0.21048904890489045,0.0,0.0,100
dino_push_straight_switch,mw-push,41004,5,init,0.26709870987098705,0.0,0.0,100
dino_push_straight_switch,mw-push,41004,5,final,-0.06246624662466246,0.1,0.0,100
dino_push_straight_switch,mw-push,41004,6,init,0.48429642964296427,0.2,0.0,100
dino_push_straight_switch,mw-push,41004,6,final,-0.09686168616861685,0.0,0.0,100
dino_push_straight_switch,mw-push,41005,0,init,0.36674467446744674,0.5,0.0,100
dino_push_straight_switch,mw-push,41005,0,final,0.08013201320132013,0.1,0.0,100
dino_push_straight_switch,mw-push,41005,1,init,0.5259285928592858,0.5,0.06968528032302856,100
dino_push_straight_switch,mw-push,41005,1,final,0.26636663666366633,0.0,0.24742633104323786,100
dino_push_straight_switch,mw-push,41005,2,init,0.49071707170717066,0.0,2.563868463039401,100
dino_push_straight_switch,mw-push,41005,2,final,0.06984698469846984,0.1,0.856257975101471,100
dino_push_straight_switch,mw-push,41005,3,init,0.3769336933693369,0.3,1.5693917870521519,100
dino_push_straight_switch,mw-push,41005,3,final,-0.0422082208220822,0.0,0.8060589432716397,100
dino_push_straight_switch,mw-push,41005,4,init,0.28939693969396935,0.2,3.5778477787971497,100
dino_push_straight_switch,mw-push,41005,4,final,0.016933693369336932,0.1,1.4956697821617182,100
dino_push_straight_switch,mw-push,41005,5,init,0.35896789678967894,0.2,2.386671304702759,100
dino_push_straight_switch,mw-push,41005,5,final,-0.04544854485448544,0.1,0.9251415729522705,100
dino_push_straight_switch,mw-push,41005,6,init,-0.010309030903090308,0.0,0.3040403127670316,100
dino_push_straight_switch,mw-push,41005,6,final,-0.148010801080108,0.0,0.0,100
dino_push_straight_switch,mw-push,41006,0,init,0.4133333333333333,0.5,0.0,100
dino_push_straight_switch,mw-push,41006,0,final,0.07102310231023101,0.0,0.0,100
dino_push_straight_switch,mw-push,41006,1,init,0.5790219021902189,0.2,0.0,100
dino_push_straight_switch,mw-push,41006,1,final,-0.08380463187746051,0.1,0.0,100
dino_push_straight_switch,mw-push,41006,2,init,0.06343834383438343,0.1,0.0,100
dino_push_straight_switch,mw-push,41006,2,final,0.10141014101410141,0.2,0.0,100
dino_push_straight_switch,mw-push,41006,3,init,0.06337833783378337,0.0,1.5139490365982,100
dino_push_straight_switch,mw-push,41006,3,final,-0.21347734773477348,0.0,0.0,100
dino_push_straight_switch,mw-push,41006,4,init,-0.045004500450045004,0.0,0.0,100
dino_push_straight_switch,mw-push,41006,4,final,-0.12386438643864385,0.0,0.0,100
dino_push_straight_switch,mw-push,41006,5,init,-0.23578757875787576,0.0,0.0,100
dino_push_straight_switch,mw-push,41006,5,final,-0.29728172817281723,0.1,0.0,100
dino_push_straight_switch,mw-push,41006,6,init,-0.29458145814581455,0.1,0.0,100
dino_push_straight_switch,mw-push,41006,6,final,0.04018613917251562,0.0,0.0,100
dino_push_straight_switch,mw-push,41007,0,init,0.34402640264026396,0.4,0.0,100
dino_push_straight_switch,mw-push,41007,0,final,0.20852085208520849,0.2,0.0,100
dino_push_straight_switch,mw-push,41007,1,init,0.32375637563756376,0.2,0.0,100
dino_push_straight_switch,mw-push,41007,1,final,0.2068286828682868,0.0,1.0083645582199097,100
dino_push_straight_switch,mw-push,41007,2,init,0.3754455445544554,0.1,0.0,100
dino_push_straight_switch,mw-push,41007,2,final,0.35378337833783374,0.0,0.0,100
dino_push_straight_switch,mw-push,41007,3,init,0.21648964896489645,0.1,0.1399889588356018,100
dino_push_straight_switch,mw-push,41007,3,final,0.2835403540354035,0.2,0.0,100
dino_push_straight_switch,mw-push,41007,4,init,0.18357035703570354,0.2,0.27443915605545044,100
dino_push_straight_switch,mw-push,41007,4,final,0.1328292829282928,0.1,0.0,100
dino_push_straight_switch,mw-push,41007,5,init,0.34339033903390337,0.1,0.0,100
dino_push_straight_switch,mw-push,41007,5,final,0.17562556255625564,0.2,0.0,100
dino_push_straight_switch,mw-push,41007,6,init,0.10961896189618961,0.0,0.0,100
dino_push_straight_switch,mw-push,41007,6,final,-0.005748574857485748,0.2,0.0,100
dino_push_straight_switch,mw-push,41008,0,init,0.5038343834383439,0.6,0.0,100
dino_push_straight_switch,mw-push,41008,0,final,0.04726072607260725,0.0,0.20373165607452948,100
dino_push_straight_switch,mw-push,41008,1,init,0.7145634563456345,0.3,1.653134822845459,100
dino_push_straight_switch,mw-push,41008,1,final,0.04235223522352235,0.0,0.5312174558639582,100
dino_push_straight_switch,mw-push,41008,2,init,0.3064146414641463,0.0,2.4083703756332397,100
dino_push_straight_switch,mw-push,41008,2,final,0.01684968496849685,0.2,0.14710128307343084,100
dino_push_straight_switch,mw-push,41008,3,init,0.08177617761776176,0.1,5.941388010978701,100
dino_push_straight_switch,mw-push,41008,3,final,0.06671467146714671,0.1,2.885273098945623,100
dino_push_straight_switch,mw-push,41008,4,init,0.19960396039603961,0.1,4.246634244918829,100
dino_push_straight_switch,mw-push,41008,4,final,0.3702490249024902,0.1,0.9273439645767267,100
dino_push_straight_switch,mw-push,41008,5,init,0.1374257425742574,0.1,3.261932730674749,100
dino_push_straight_switch,mw-push,41008,5,final,0.017245724572457242,0.1,3.3132225275039673,100
dino_push_straight_switch,mw-push,41008,6,init,0.3903750375037503,0.2,1.1952966451644897,100
dino_push_straight_switch,mw-push,41008,6,final,0.029258925892589258,0.0,0.0,100
dino_push_straight_switch,mw-push,41009,0,init,0.2276147614761476,0.3,0.0,100
dino_push_straight_switch,mw-push,41009,0,final,0.1447224722472247,0.0,0.0,100
dino_push_straight_switch,mw-push,41009,1,init,0.3565436543654365,0.1,0.12993216514587957,100
dino_push_straight_switch,mw-push,41009,1,final,0.27150315031503147,0.0,0.0,100
dino_push_straight_switch,mw-push,41009,2,init,-0.0072967296729672965,0.0,0.0,100
dino_push_straight_switch,mw-push,41009,2,final,0.2682028202820282,0.1,0.0,100
dino_push_straight_switch,mw-push,41009,3,init,-0.18807080708070803,0.0,0.0,100
dino_push_straight_switch,mw-push,41009,3,final,0.3644284428442844,0.0,0.0,100
dino_push_straight_switch,mw-push,41009,4,init,0.12668466846684667,0.1,0.0,100
dino_push_straight_switch,mw-push,41009,4,final,0.04012001200120011,0.0,0.0,100
dino_push_straight_switch,mw-push,41009,5,init,0.256033603360336,0.0,0.0,100
dino_push_straight_switch,mw-push,41009,5,final,0.04171617161716171,0.0,0.0,100
dino_push_straight_switch,mw-push,41009,6,init,0.056453645364536446,0.0,0.0,100
dino_push_straight_switch,mw-push,41009,6,final,0.15915991599159912,0.0,0.0,100
dino_push_straight_switch,mw-push,41010,0,init,0.4719951995199519,0.2,0.0,100
dino_push_straight_switch,mw-push,41010,0,final,-0.08708070807080708,0.0,0.0,100
dino_push_straight_switch,mw-push,41010,1,init,0.05076507650765077,0.3,0.0,100
dino_push_straight_switch,mw-push,41010,1,final,0.07787578757875786,0.0,0.0,100
dino_push_straight_switch,mw-push,41010,2,init,0.15247524752475247,0.1,0.0,100
dino_push_straight_switch,mw-push,41010,2,final,0.20837683768376836,0.1,0.0,100
dino_push_straight_switch,mw-push,41010,3,init,0.006372637263726373,0.0,0.0,100
dino_push_straight_switch,mw-push,41010,3,final,-0.03299129912991299,0.0,0.0,100
dino_push_straight_switch,mw-push,41010,4,init,0.14640264026402638,0.1,0.0,100
dino_push_straight_switch,mw-push,41010,4,final,0.27414341434143413,0.0,0.0,100
dino_push_straight_switch,mw-push,41010,5,init,0.0171017101710171,0.2,0.0,100
dino_push_straight_switch,mw-push,41010,5,final,0.16471647164716471,0.1,0.0,100
dino_push_straight_switch,mw-push,41010,6,init,-0.025718571857185714,0.0,0.0,100
dino_push_straight_switch,mw-push,41010,6,final,-0.04506450645064506,0.0,0.0,100
dino_push_straight_switch,mw-push,41011,0,init,0.25855385538553854,0.2,0.0,100
dino_push_straight_switch,mw-push,41011,0,final,0.3567596759675967,0.1,0.04233121871948797,100
dino_push_straight_switch,mw-push,41011,1,init,0.7106750675067506,0.4,0.3881514072418213,100
dino_push_straight_switch,mw-push,41011,1,final,0.11991599159915992,0.2,0.04960298538208008,100
dino_push_straight_switch,mw-push,41011,2,init,0.41290129012901283,0.2,0.0,100
dino_push_straight_switch,mw-push,41011,2,final,0.17284128412841282,0.1,2.6895180344581604,100
dino_push_straight_switch,mw-push,41011,3,init,0.24128412841284128,0.0,1.1451691389083918,100
dino_push_straight_switch,mw-push,41011,3,final,-0.05950195019501949,0.1,1.159423589706421,100
dino_push_straight_switch,mw-push,41011,4,init,0.33939393939393936,0.2,7.06053823232651,100
dino_push_straight_switch,mw-push,41011,4,final,0.32391239123912385,0.3,1.5034034848213196,100
dino_push_straight_switch,mw-push,41011,5,init,0.24567656765676565,0.1,4.646773636341103,100
dino_push_straight_switch,mw-push,41011,5,final,-0.12757275727572756,0.0,1.829653978347781,100
dino_push_straight_switch,mw-push,41011,6,init,0.3643444344434443,0.2,0.32590925693511963,100
dino_push_straight_switch,mw-push,41011,6,final,0.01446144614461446,0.0,0.0,100
dino_push_straight_switch,mw-push,41012,0,init,0.3775817581758176,0.5,0.0,100
dino_push_straight_switch,mw-push,41012,0,final,-0.031803180318031796,0.0,0.0035166740417508224,100
dino_push_straight_switch,mw-push,41012,1,init,0.6656345634563455,0.4,2.0779862999916103,100
dino_push_straight_switch,mw-push,41012,1,final,-0.06823882388238824,0.0,0.5273848772048895,100
dino_push_straight_switch,mw-push,41012,2,init,0.2400960096009601,0.2,0.0,100
dino_push_straight_switch,mw-push,41012,2,final,0.013813381338133812,0.2,0.17781406641007025,100
dino_push_straight_switch,mw-push,41012,3,init,0.22780678067806778,0.2,0.14000982046127042,100
dino_push_straight_switch,mw-push,41012,3,final,0.0454005400540054,0.2,0.95037370920181,100
dino_push_straight_switch,mw-push,41012,4,init,0.14095409540954093,0.0,4.18893247842789,100
dino_push_straight_switch,mw-push,41012,4,final,0.12206420642064204,0.0,0.9287104010581998,100
dino_push_straight_switch,mw-push,41012,5,init,-0.1024062406240624,0.0,3.508581221103671,100
dino_push_straight_switch,mw-push,41012,5,final,0.021926192619261927,0.1,1.5772089362144415,100
dino_push_straight_switch,mw-push,41012,6,init,-0.09280528052805279,0.0,1.4488175511360113,100
dino_push_straight_switch,mw-push,41012,6,final,-0.05526552655265525,0.0,1.00472420454025,100
dino_push_straight_switch,mw-push,41013,0,init,0.30869486948694863,0.3,0.0,100
dino_push_straight_switch,mw-push,41013,0,final,-0.004008400840084008,0.0,0.0,100
dino_push_straight_switch,mw-push,41013,1,init,0.23859585958595858,0.1,0.029172003269201108,100
dino_push_straight_switch,mw-push,41013,1,final,0.2885568556855685,0.3,0.0,100
dino_push_straight_switch,mw-push,41013,2,init,0.053321332133213314,0.2,0.0,100
dino_push_straight_switch,mw-push,41013,2,final,0.07168316831683168,0.0,0.0,100
dino_push_straight_switch,mw-push,41013,3,init,-0.0599099909990999,0.0,0.9651362895965604,100
dino_push_straight_switch,mw-push,41013,3,final,0.10577857785778576,0.0,0.0,100
dino_push_straight_switch,mw-push,41013,4,init,-0.23393939393939392,0.1,0.7977679371833801,100
dino_push_straight_switch,mw-push,41013,4,final,0.25149714971497145,0.0,0.0,100
dino_push_straight_switch,mw-push,41013,5,init,0.009012901290129011,0.1,0.0,100
dino_push_straight_switch,mw-push,41013,5,final,0.034635463546354626,0.0,0.0,100
dino_push_straight_switch,mw-push,41013,6,init,0.1695049504950495,0.0,0.0,100
dino_push_straight_switch,mw-push,41013,6,final,-0.015145514551455144,0.0,0.0,100
dino_push_straight_switch,mw-push,41014,0,init,0.31661566156615656,0.6,0.0,100
dino_push_straight_switch,mw-push,41014,0,final,0.11301530153015299,0.1,0.03203153610230047,100
dino_push_straight_switch,mw-push,41014,1,init,0.5077227722772277,0.1,0.8607193827629117,100
dino_push_straight_switch,mw-push,41014,1,final,0.0453045304530453,0.1,0.0,100
dino_push_straight_switch,mw-push,41014,2,init,0.4514971497149714,0.3,0.2811849117279108,100
dino_push_straight_switch,mw-push,41014,2,final,0.2991179117911791,0.0,0.09909421205521185,100
dino_push_straight_switch,mw-push,41014,3,init,0.4761836183618361,0.0,3.8923203945159885,100
dino_push_straight_switch,mw-push,41014,3,final,0.3562196219621962,0.1,0.04803240299225131,100
dino_push_straight_switch,mw-push,41014,4,init,0.39120312031203114,0.2,2.61827558279038,100
dino_push_straight_switch,mw-push,41014,4,final,0.4551095109510951,0.0,1.0074913501739502,100
dino_push_straight_switch,mw-push,41014,5,init,0.4576297629762976,0.1,6.133684515953072,100
dino_push_straight_switch,mw-push,41014,5,final,0.4988178817881788,0.0,1.063317060470581,100
dino_push_straight_switch,mw-push,41014,6,init,0.30121812181218116,0.0,0.27705132961273193,100
dino_push_straight_switch,mw-push,41014,6,final,0.10018601860186017,0.3,0.0,100
dino_push_straight_switch,mw-push,41015,0,init,-0.35948394839483944,0.0,0.0,100
dino_push_straight_switch,mw-push,41015,0,final,-0.42229822982298226,0.0,0.0,100
dino_push_straight_switch,mw-push,41015,1,init,-0.6562136213621361,0.0,0.0,100
dino_push_straight_switch,mw-push,41015,1,final,-0.23763576357635763,0.0,0.0,100
dino_push_straight_switch,mw-push,41015,2,init,-0.4167176717671767,0.0,0.0,100
dino_push_straight_switch,mw-push,41015,2,final,-0.15187518751875184,0.0,0.0,100
dino_push_straight_switch,mw-push,41015,3,init,-0.23398739873987395,0.0,0.0,100
dino_push_straight_switch,mw-push,41015,3,final,-0.21332133213321328,0.0,0.0,100
dino_push_straight_switch,mw-push,41015,4,init,-0.04126012601260126,0.0,0.0,100
dino_push_straight_switch,mw-push,41015,4,final,-0.0754995499549955,0.0,0.0,100
dino_push_straight_switch,mw-push,41015,5,init,-0.3322532253225322,0.0,0.0,100
dino_push_straight_switch,mw-push,41015,5,final,0.061038103810381036,0.0,0.0,100
dino_push_straight_switch,mw-push,41015,6,init,-0.2778277827782778,0.0,0.0,100
dino_push_straight_switch,mw-push,41015,6,final,-0.0567056705670567,0.0,0.0,100
